{
"type": "FeatureCollection",
"name": "potentialflaechen_solar",
"crs": { "type": "name", "properties": { "name": "urn:ogc:def:crs:OGC:1.3:CRS84" } },
"features": [
{ "type": "Feature", "properties": { "gebaeude_id": "DEHHALKAJ0000xRo", "dachneig": 0.0, "dachfl_2d": 175.244, "dachfl_3d": 175.244, "area_m2": 49.9, "expo_klasse": "sonnig", "schatten": 0.0, "solar_eignung": "Eignung 6 (geringe Einstrahlung / weniger geeignet / vor Ort zu prüfen)", "ertkwha_k": 1310.46, "pvarea_solar": 11.53, "schatten_klasse": "sonnig", "gruendach_eignung": "sehr gut geeignet" }, "geometry": { "type": "Polygon", "coordinates": [ [ [ 9.995393007979958, 53.50494231927248 ], [ 9.99513749633906, 53.505007972353511 ], [ 9.995137799640208, 53.505010621601166 ], [ 9.995120757987149, 53.505014978047896 ], [ 9.99512127713504, 53.505037142518056 ], [ 9.995395757748351, 53.504966369077678 ], [ 9.995393007979958, 53.50494231927248 ] ] ] } },
{ "type": "Feature", "properties": { "gebaeude_id": "DEHHALKAJ0000xRo", "dachneig": 0.0, "dachfl_2d": 266.661, "dachfl_3d": 266.661, "area_m2": 266.7, "expo_klasse": "sonnig", "schatten": 0.0, "solar_eignung": "Eignung 8 (kein Gebäude erkannt (Boden))", "ertkwha_k": 0.0, "pvarea_solar": 0.0, "schatten_klasse": "sonnig", "gruendach_eignung": "sehr gut geeignet" }, "geometry": { "type": "Polygon", "coordinates": [ [ [ 9.99577733982599, 53.504951073738745 ], [ 9.99577734214307, 53.504951172599093 ], [ 9.995786692369077, 53.504950609299215 ], [ 9.995786521726519, 53.504949118536722 ], [ 9.995777657606915, 53.504876497846404 ], [ 9.995763047691172, 53.504877167883386 ], [ 9.99575792096792, 53.504837272194173 ], [ 9.995702749470745, 53.504839790263333 ], [ 9.995702326288113, 53.504836530759341 ], [ 9.995386764184358, 53.504850224409694 ], [ 9.995397087763187, 53.504924028518694 ], [ 9.995390807580382, 53.50492434149713 ], [ 9.995393007979958, 53.50494231927248 ], [ 9.995395757748351, 53.504966369077678 ], [ 9.995395908248698, 53.504967644270984 ], [ 9.995666313521278, 53.504955917800466 ], [ 9.995666186302087, 53.504954992986903 ], [ 9.995777122694767, 53.504949529429098 ], [ 9.99577733982599, 53.504951073738745 ] ], [ [ 9.995441674828772, 53.504882262606245 ], [ 9.995496168443495, 53.504879768281413 ], [ 9.995502691436279, 53.5049303583232 ], [ 9.995448213042781, 53.504932861513048 ], [ 9.995441674828772, 53.504882262606245 ] ], [ [ 9.99555999348766, 53.504928029351063 ], [ 9.99555373166875, 53.50487700566206 ], [ 9.995609583705717, 53.504874571884393 ], [ 9.995615845380659, 53.504925586582843 ], [ 9.99555999348766, 53.504928029351063 ] ], [ [ 9.99572243842511, 53.504869263191097 ], [ 9.995728382605813, 53.504920235583576 ], [ 9.995672166188156, 53.504922564582891 ], [ 9.995666207210119, 53.504871601300209 ], [ 9.99572243842511, 53.504869263191097 ] ] ] } },
{ "type": "Feature", "properties": { "gebaeude_id": "DEHHALKAJ0000xRo", "dachneig": 20.026, "dachfl_2d": 114.58, "dachfl_3d": 121.914, "area_m2": 101.7, "expo_klasse": "sonnig", "schatten": 0.0, "solar_eignung": "Eignung 1 (geeignet, sehr hohe Einstrahlung)", "ertkwha_k": 839.54, "pvarea_solar": 6.0, "schatten_klasse": "sonnig", "gruendach_eignung": "sehr gut geeignet" }, "geometry": { "type": "Polygon", "coordinates": [ [ [ 9.995397087763187, 53.504924028518694 ], [ 9.995390042114469, 53.504873649572176 ], [ 9.995117762838191, 53.504887102754125 ], [ 9.995118316066305, 53.504910722423944 ], [ 9.995124641571611, 53.504910413233162 ], [ 9.995128744767866, 53.504937535024503 ], [ 9.995397087763187, 53.504924028518694 ] ] ] } },
{ "type": "Feature", "properties": { "gebaeude_id": "DEHHALKAJ0000xRo", "dachneig": 19.735, "dachfl_2d": 131.952, "dachfl_3d": 140.203, "area_m2": 102.2, "expo_klasse": "sonnig", "schatten": 0.0, "solar_eignung": "Eignung 1 (geeignet, sehr hohe Einstrahlung)", "ertkwha_k": 118189.43, "pvarea_solar": 851.29, "schatten_klasse": "sonnig", "gruendach_eignung": "sehr gut geeignet" }, "geometry": { "type": "Polygon", "coordinates": [ [ [ 9.995386764184358, 53.504850224409694 ], [ 9.995382121626967, 53.504822612719245 ], [ 9.99511655769961, 53.504835650127326 ], [ 9.995117762838191, 53.504887102754125 ], [ 9.995390042114469, 53.504873649572176 ], [ 9.995386764184358, 53.504850224409694 ] ] ] } },
{ "type": "Feature", "properties": { "gebaeude_id": "DEHHALKAJ0000xIJ", "dachneig": 1.309, "dachfl_2d": 181.102, "dachfl_3d": 181.151, "area_m2": 75.9, "expo_klasse": "sonnig", "schatten": 0.0, "solar_eignung": "Eignung 6 (geringe Einstrahlung / weniger geeignet / vor Ort zu prüfen)", "ertkwha_k": 667.01, "pvarea_solar": 6.03, "schatten_klasse": "sonnig", "gruendach_eignung": "sehr gut geeignet" }, "geometry": { "type": "Polygon", "coordinates": [ [ [ 9.995067362236732, 53.502735145111572 ], [ 9.995071620192677, 53.502916958097408 ], [ 9.995128343534105, 53.502916428824626 ], [ 9.995123528681789, 53.502733379674261 ], [ 9.995120167122304, 53.502733407659314 ], [ 9.995120195246786, 53.502733964747087 ], [ 9.995117603316348, 53.50273402228116 ], [ 9.995067362236732, 53.502735145111572 ] ] ] } },
{ "type": "Feature", "properties": { "gebaeude_id": "DEHHALKA2KD000M1", "dachneig": 0.0, "dachfl_2d": 533.068, "dachfl_3d": 533.192, "area_m2": 170.0, "expo_klasse": "sonnig", "schatten": 0.0, "solar_eignung": "Eignung 6 (geringe Einstrahlung / weniger geeignet / vor Ort zu prüfen)", "ertkwha_k": 832.63, "pvarea_solar": 7.93, "schatten_klasse": "sonnig", "gruendach_eignung": "sehr gut geeignet" }, "geometry": { "type": "Polygon", "coordinates": [ [ [ 9.995107517064321, 53.503505268931889 ], [ 9.995195273001707, 53.503187494121008 ], [ 9.99510443376329, 53.503178560167832 ], [ 9.995106573992979, 53.503170802767983 ], [ 9.995077498280208, 53.503167946775172 ], [ 9.995085347354749, 53.503503088792016 ], [ 9.995107517064321, 53.503505268931889 ] ] ] } },
{ "type": "Feature", "properties": { "gebaeude_id": "DEHHALKAJ0000wVE", "dachneig": 1.701, "dachfl_2d": 496.433, "dachfl_3d": 496.667, "area_m2": 275.4, "expo_klasse": "sonnig", "schatten": 0.0, "solar_eignung": "Eignung 1 (geeignet, sehr hohe Einstrahlung)", "ertkwha_k": 118189.43, "pvarea_solar": 851.29, "schatten_klasse": "sonnig", "gruendach_eignung": "sehr gut geeignet" }, "geometry": { "type": "Polygon", "coordinates": [ [ [ 9.995334922316326, 53.504331313116175 ], [ 9.995316737338115, 53.504164564639034 ], [ 9.995101035593434, 53.504172929420598 ], [ 9.99510495404091, 53.504340231135259 ], [ 9.995334922316326, 53.504331313116175 ] ] ] } },
{ "type": "Feature", "properties": { "gebaeude_id": "DEHHALKAJ0000wVE", "dachneig": 8.931, "dachfl_2d": 192.436, "dachfl_3d": 194.489, "area_m2": 98.6, "expo_klasse": "sonnig", "schatten": 0.0, "solar_eignung": "Eignung 2 (geeignet, hohe Einstrahlung)", "ertkwha_k": 9443.96, "pvarea_solar": 70.57, "schatten_klasse": "sonnig", "gruendach_eignung": "sehr gut geeignet" }, "geometry": { "type": "Polygon", "coordinates": [ [ [ 9.99510495404091, 53.504340231135259 ], [ 9.995106326730346, 53.504398838973479 ], [ 9.995341282784031, 53.504388493505104 ], [ 9.995334922316326, 53.504331313116175 ], [ 9.99510495404091, 53.504340231135259 ] ], [ [ 9.995199411800975, 53.504352271257318 ], [ 9.995184251572386, 53.504352613210649 ], [ 9.995183682210097, 53.504343754736922 ], [ 9.995198857510335, 53.504343412658159 ], [ 9.995199411800975, 53.504352271257318 ] ] ] } },
{ "type": "Feature", "properties": { "gebaeude_id": "DEHHALKAJ0000wcG", "dachneig": 1.727, "dachfl_2d": 187.55, "dachfl_3d": 187.635, "area_m2": 187.5, "expo_klasse": "sonnig", "schatten": 0.0, "solar_eignung": "Eignung 6 (geringe Einstrahlung / weniger geeignet / vor Ort zu prüfen)", "ertkwha_k": 366.35, "pvarea_solar": 4.64, "schatten_klasse": "sonnig", "gruendach_eignung": "sehr gut geeignet" }, "geometry": { "type": "Polygon", "coordinates": [ [ [ 10.005402972386047, 53.502843061900919 ], [ 10.004357059927766, 53.502745954294944 ], [ 10.004346394841203, 53.502793560131771 ], [ 10.005402972386047, 53.502843061900919 ] ] ] } },
{ "type": "Feature", "properties": { "gebaeude_id": "DEHHALKAJ0000wvp", "dachneig": 27.103, "dachfl_2d": 25.674, "dachfl_3d": 28.869, "area_m2": 25.7, "expo_klasse": "sonnig", "schatten": 0.0, "solar_eignung": "Eignung 6 (geringe Einstrahlung / weniger geeignet / vor Ort zu prüfen)", "ertkwha_k": 235.83, "pvarea_solar": 3.28, "schatten_klasse": "sonnig", "gruendach_eignung": "sehr gut geeignet" }, "geometry": { "type": "Polygon", "coordinates": [ [ [ 10.001027575184839, 53.500272503824121 ], [ 10.000990216946242, 53.500238622253178 ], [ 10.000965684523912, 53.500216723567078 ], [ 10.00094427366046, 53.50019677633194 ], [ 10.000897125516142, 53.500191463079375 ], [ 10.000998246165318, 53.500283788020695 ], [ 10.000998415783116, 53.500283948403521 ], [ 10.0010276059667, 53.500272530533529 ], [ 10.001027575184839, 53.500272503824121 ] ] ] } },
{ "type": "Feature", "properties": { "gebaeude_id": "DEHHALKAJ0000wvp", "dachneig": 27.454, "dachfl_2d": 25.538, "dachfl_3d": 28.74, "area_m2": 25.5, "expo_klasse": "sonnig", "schatten": 0.0, "solar_eignung": "Eignung 6 (geringe Einstrahlung / weniger geeignet / vor Ort zu prüfen)", "ertkwha_k": 290.01, "pvarea_solar": 2.7, "schatten_klasse": "sonnig", "gruendach_eignung": "sehr gut geeignet" }, "geometry": { "type": "Polygon", "coordinates": [ [ [ 10.000886030743775, 53.500144156608023 ], [ 10.00086173134739, 53.500121905375636 ], [ 10.000824763419326, 53.500087301359237 ], [ 10.000824193218714, 53.500086775778328 ], [ 10.00081905436223, 53.500088787412359 ], [ 10.000794988456809, 53.500098211699445 ], [ 10.000796051586116, 53.50009918260691 ], [ 10.000897125516142, 53.500191463079375 ], [ 10.000906396923369, 53.500162638393718 ], [ 10.000886030743775, 53.500144156608023 ] ] ] } },
{ "type": "Feature", "properties": { "gebaeude_id": "DEHHALKAJ0000wvp", "dachneig": 10.6, "dachfl_2d": 179.072, "dachfl_3d": 182.35, "area_m2": 179.1, "expo_klasse": "sonnig", "schatten": 0.0, "solar_eignung": "Eignung 2 (geeignet, hohe Einstrahlung)", "ertkwha_k": 7802.69, "pvarea_solar": 56.69, "schatten_klasse": "sonnig", "gruendach_eignung": "sehr gut geeignet" }, "geometry": { "type": "Polygon", "coordinates": [ [ [ 10.000962383588002, 53.500298039382017 ], [ 10.000959057666732, 53.500295091851008 ], [ 10.000959520707012, 53.500294908192018 ], [ 10.00096071556769, 53.500294430754444 ], [ 10.000961850558262, 53.500293971796339 ], [ 10.000978817026173, 53.500287168814268 ], [ 10.000982297069184, 53.500290258879211 ], [ 10.000996772533084, 53.500284591399762 ], [ 10.000998415783116, 53.500283948403521 ], [ 10.000998246165318, 53.500283788020695 ], [ 10.000897125516142, 53.500191463079375 ], [ 10.000796051586116, 53.50009918260691 ], [ 10.000794988456809, 53.500098211699445 ], [ 10.000779306061441, 53.500104482538624 ], [ 10.000783096854155, 53.500107965526745 ], [ 10.00076500479622, 53.500114984654019 ], [ 10.00076264438041, 53.500115903323639 ], [ 10.000762285796034, 53.500116041161967 ], [ 10.000758665043811, 53.50011273653098 ], [ 10.00075334805298, 53.50011486651151 ], [ 10.000833351591327, 53.500157488032947 ], [ 10.000833182186335, 53.500157336637159 ], [ 10.00083615489366, 53.50015617013446 ], [ 10.00083936644541, 53.50015490275203 ], [ 10.000848994079341, 53.500163604461335 ], [ 10.000853045363147, 53.500167265047516 ], [ 10.000852268535896, 53.500167568191415 ], [ 10.000846860891384, 53.500169689946105 ], [ 10.000833397657965, 53.500157523603541 ], [ 10.000753303256381, 53.500114884864736 ], [ 10.000705763044712, 53.500133890257622 ], [ 10.000703851439489, 53.500134661343488 ], [ 10.000701511617242, 53.500132613445956 ], [ 10.000701223107857, 53.500132525970649 ], [ 10.000695854965626, 53.500134404682854 ], [ 10.000902875297104, 53.500322277833362 ], [ 10.000907443506311, 53.500320360865018 ], [ 10.000907020859897, 53.50031969921281 ], [ 10.000907379445538, 53.500319561374063 ], [ 10.000962383588002, 53.500298039382017 ] ], [ [ 10.000959025236714, 53.500262353924747 ], [ 10.000952037804602, 53.500265252984427 ], [ 10.000943390232402, 53.500257837502708 ], [ 10.000950377663898, 53.50025493844349 ], [ 10.000959025236714, 53.500262353924747 ] ], [ [ 10.000902243485736, 53.50026281142835 ], [ 10.000902826265968, 53.500262590810692 ], [ 10.000914883134437, 53.5002579323913 ], [ 10.000919598676044, 53.50026227058234 ], [ 10.000906943953263, 53.500267149746108 ], [ 10.000902890538288, 53.500263399288883 ], [ 10.000902243485736, 53.50026281142835 ] ], [ [ 10.000814247916386, 53.500140119298095 ], [ 10.000806063644713, 53.50013252913493 ], [ 10.000813325136468, 53.500129744646905 ], [ 10.000821509408903, 53.500137334809608 ], [ 10.000814247916386, 53.500140119298095 ] ], [ [ 10.000818092848201, 53.500161903581166 ], [ 10.000811408360867, 53.500155900915502 ], [ 10.000820833684759, 53.500152172435222 ], [ 10.000827518384501, 53.500158184087653 ], [ 10.000818092848201, 53.500161903581166 ] ], [ [ 10.000916491415559, 53.500253244606917 ], [ 10.000910348482011, 53.500247192466617 ], [ 10.000920289909891, 53.500243612471095 ], [ 10.000926432632673, 53.500249655623598 ], [ 10.000923771804413, 53.500250621757367 ], [ 10.000916491415559, 53.500253244606917 ] ], [ [ 10.000793343650313, 53.500160241074717 ], [ 10.000792447929538, 53.500160617126241 ], [ 10.000791582143698, 53.500160983938088 ], [ 10.000789244009111, 53.500159007940695 ], [ 10.000786228890467, 53.500156453321758 ], [ 10.000788707142853, 53.500155416807139 ], [ 10.000798574931393, 53.500151271126697 ], [ 10.000803913111978, 53.500155801868658 ], [ 10.000793343650313, 53.500160241074717 ] ], [ [ 10.000863189237547, 53.500204925221134 ], [ 10.000874455251502, 53.500200615012524 ], [ 10.000881360307398, 53.500207020335971 ], [ 10.00087009450416, 53.500211339532541 ], [ 10.000863189237547, 53.500204925221134 ] ], [ [ 10.000909063759464, 53.500226573305675 ], [ 10.000916384495296, 53.500223743370029 ], [ 10.000919065684398, 53.500226201902123 ], [ 10.000930623245639, 53.500236829083548 ], [ 10.000926723820626, 53.500238335944388 ], [ 10.000923317581901, 53.500239658893854 ], [ 10.000909063759464, 53.500226573305675 ] ], [ [ 10.000850194808072, 53.500231866404469 ], [ 10.000845196737719, 53.50022705415563 ], [ 10.000871128199888, 53.500217461423709 ], [ 10.000876126271997, 53.500222273671511 ], [ 10.000850194808072, 53.500231866404469 ] ], [ [ 10.000821089747719, 53.500206572151164 ], [ 10.000815730982065, 53.500201807866546 ], [ 10.000842809155438, 53.500190974036606 ], [ 10.000848167922774, 53.500195738320095 ], [ 10.000821089747719, 53.500206572151164 ] ] ] } },
{ "type": "Feature", "properties": { "gebaeude_id": "DEHHALKAJ0000wcG", "dachneig": 1.701, "dachfl_2d": 2449.036, "dachfl_3d": 2451.756, "area_m2": 2449.0, "expo_klasse": "sonnig", "schatten": 0.0, "solar_eignung": "Eignung 6 (geringe Einstrahlung / weniger geeignet / vor Ort zu prüfen)", "ertkwha_k": 468.61, "pvarea_solar": 5.59, "schatten_klasse": "sonnig", "gruendach_eignung": "sehr gut geeignet" }, "geometry": { "type": "Polygon", "coordinates": [ [ [ 10.004512494863397, 53.502471254585288 ], [ 10.004512891430755, 53.502469534340172 ], [ 10.004426487932427, 53.502462664646508 ], [ 10.004390735860481, 53.502613010631613 ], [ 10.004389432981963, 53.502618486934161 ], [ 10.004365162542728, 53.502709858019607 ], [ 10.004365149168075, 53.502709930044581 ], [ 10.004357074152235, 53.502745918219105 ], [ 10.005402972386047, 53.502843061900919 ], [ 10.005434867422899, 53.502710177857971 ], [ 10.005479524093566, 53.502524052054092 ], [ 10.004519207217143, 53.502442684843842 ], [ 10.004518716806047, 53.502444262052549 ], [ 10.004520635255306, 53.502444416722817 ], [ 10.004514823892869, 53.502469643947407 ], [ 10.004514727085393, 53.502470013312887 ], [ 10.004514413313856, 53.502471409255698 ], [ 10.004512494863397, 53.502471254585288 ] ], [ [ 10.004856078195997, 53.502736717485625 ], [ 10.004855223528876, 53.502740742785029 ], [ 10.004837072014922, 53.502739529034947 ], [ 10.004837953431531, 53.502735359685694 ], [ 10.004856078195997, 53.502736717485625 ] ], [ [ 10.004660344004442, 53.502720061011196 ], [ 10.004678249869263, 53.502721726306341 ], [ 10.004676396531986, 53.502728789315036 ], [ 10.004658365834107, 53.50272758351143 ], [ 10.004660344004442, 53.502720061011196 ] ], [ [ 10.004523265312161, 53.502651961255999 ], [ 10.004506462872685, 53.502650412512068 ], [ 10.004509143558399, 53.502640079520667 ], [ 10.004525945993832, 53.502641628264186 ], [ 10.004523265312161, 53.502651961255999 ] ], [ [ 10.004719349034666, 53.502547604142805 ], [ 10.004701191869096, 53.502546147714973 ], [ 10.004703566767974, 53.502535637507592 ], [ 10.004721723929153, 53.502537093935089 ], [ 10.004719349034666, 53.502547604142805 ] ], [ [ 10.004900571879961, 53.502552516939943 ], [ 10.004897760941324, 53.502563075762488 ], [ 10.004879506941943, 53.502561350503591 ], [ 10.004882317885004, 53.502550791681493 ], [ 10.004900571879961, 53.502552516939943 ] ], [ [ 10.004798050523636, 53.502676340280757 ], [ 10.004779630663256, 53.502674616400704 ], [ 10.004782424438837, 53.502663967834835 ], [ 10.004800844294689, 53.502665691714476 ], [ 10.004798050523636, 53.502676340280757 ] ], [ [ 10.004536217360407, 53.502521259189393 ], [ 10.004555476197147, 53.502522760318222 ], [ 10.004553231617503, 53.502533044700591 ], [ 10.004533972988675, 53.502531552558672 ], [ 10.004536217360407, 53.502521259189393 ] ], [ [ 10.005136355481913, 53.502594248361412 ], [ 10.005160506075569, 53.502596670089574 ], [ 10.005157417506625, 53.502607599804868 ], [ 10.005133281981056, 53.50260517794937 ], [ 10.005136355481913, 53.502594248361412 ] ], [ [ 10.005264614722213, 53.50259288213222 ], [ 10.005260955601733, 53.502607097659649 ], [ 10.005223090013061, 53.502603622710289 ], [ 10.005226749358577, 53.502589416171233 ], [ 10.005264614722213, 53.50259288213222 ] ] ] } },
{ "type": "Feature", "properties": { "gebaeude_id": "DEHHALKAJ0000wcG", "dachneig": 3.805, "dachfl_2d": 1952.163, "dachfl_3d": 1956.991, "area_m2": 1952.2, "expo_klasse": "sonnig", "schatten": 0.0, "solar_eignung": "Eignung 6 (geringe Einstrahlung / weniger geeignet / vor Ort zu prüfen)", "ertkwha_k": 92.77, "pvarea_solar": 1.33, "schatten_klasse": "sonnig", "gruendach_eignung": "sehr gut geeignet" }, "geometry": { "type": "Polygon", "coordinates": [ [ [ 10.00491220385836, 53.503011823594143 ], [ 10.004911696485728, 53.503013958269264 ], [ 10.004911640864774, 53.503014156496427 ], [ 10.00488973056766, 53.503105193226979 ], [ 10.004889689170625, 53.503105355378267 ], [ 10.004889470299567, 53.503106301070623 ], [ 10.004888892654343, 53.503108652074076 ], [ 10.004890122528812, 53.503114116078699 ], [ 10.004891550185745, 53.503108180279426 ], [ 10.004892127405704, 53.50310581130141 ], [ 10.004892223361043, 53.503105405986567 ], [ 10.004901076695177, 53.5031061675421 ], [ 10.004900775242982, 53.503107446524339 ], [ 10.004898975864698, 53.503114877634374 ], [ 10.004985393942466, 53.503122304190825 ], [ 10.005078197855138, 53.503130072510253 ], [ 10.005078545628209, 53.503130114531388 ], [ 10.005101643232424, 53.503132626027856 ], [ 10.005101209943733, 53.503134067922439 ], [ 10.005414418985243, 53.503160495563641 ], [ 10.005467964539646, 53.502938383675307 ], [ 10.005381575203835, 53.502930885314335 ], [ 10.005381821872383, 53.502929840507377 ], [ 10.005381905087644, 53.502929534179074 ], [ 10.005382222285519, 53.502929558478364 ], [ 10.005402972386047, 53.502843061900919 ], [ 10.004346394841203, 53.502793560131771 ], [ 10.004346367666891, 53.502793686207085 ], [ 10.004336026082733, 53.502838394843742 ], [ 10.004335930122654, 53.50283880015823 ], [ 10.004318799074539, 53.502909463349816 ], [ 10.004318785699722, 53.502909535374798 ], [ 10.004318771262746, 53.502909562463294 ], [ 10.004306269842575, 53.502961129925502 ], [ 10.004307765384421, 53.502961252196236 ], [ 10.00491044717838, 53.503012135001697 ], [ 10.004910557144843, 53.503011684623729 ], [ 10.00491220385836, 53.503011823594143 ] ], [ [ 10.004961508722833, 53.50309222981479 ], [ 10.004946448358227, 53.503091035037798 ], [ 10.004948450654215, 53.503081984188306 ], [ 10.004963526089988, 53.503083178838317 ], [ 10.004961508722833, 53.50309222981479 ] ], [ [ 10.004457725700183, 53.50293134398931 ], [ 10.004455380868148, 53.502941853938175 ], [ 10.004437103160569, 53.502940407471669 ], [ 10.004439448209501, 53.502929906510431 ], [ 10.004457725700183, 53.50293134398931 ] ], [ [ 10.004796977119573, 53.50291083820273 ], [ 10.004815574148779, 53.502912398787828 ], [ 10.004813120273203, 53.502922756846516 ], [ 10.004794523239543, 53.50292119626102 ], [ 10.004796977119573, 53.50291083820273 ] ], [ [ 10.004730567897674, 53.502965294884085 ], [ 10.004711820742855, 53.502963762514689 ], [ 10.004714281006429, 53.502953035852656 ], [ 10.004714658713773, 53.502953068634248 ], [ 10.004733027944068, 53.502954559234396 ], [ 10.004730567897674, 53.502965294884085 ] ], [ [ 10.004635758696359, 53.502907770667051 ], [ 10.004616473571168, 53.502906440563805 ], [ 10.004618543199632, 53.502895771121246 ], [ 10.004637828320009, 53.502897101224207 ], [ 10.004635758696359, 53.502907770667051 ] ] ] } },
{ "type": "Feature", "properties": { "gebaeude_id": "DEHHALKAJ0000wcG", "dachneig": 0.0, "dachfl_2d": 82.547, "dachfl_3d": 82.547, "area_m2": 82.5, "expo_klasse": "sonnig", "schatten": 0.0, "solar_eignung": "Eignung 1 (geeignet, sehr hohe Einstrahlung)", "ertkwha_k": 8723.01, "pvarea_solar": 64.46, "schatten_klasse": "sonnig", "gruendach_eignung": "sehr gut geeignet" }, "geometry": { "type": "Polygon", "coordinates": [ [ [ 10.005069168023102, 53.503168378951877 ], [ 10.005407541183335, 53.503196707455487 ], [ 10.005415929874372, 53.503161903128557 ], [ 10.005418135622689, 53.50316209132432 ], [ 10.005418437484996, 53.50316083031543 ], [ 10.005414418985243, 53.503160495563641 ], [ 10.005413514886593, 53.503164341501282 ], [ 10.005100395412947, 53.503137877148212 ], [ 10.005100047852391, 53.503137844114384 ], [ 10.005076950458024, 53.50313534160491 ], [ 10.005069168023102, 53.503168378951877 ] ] ] } },
{ "type": "Feature", "properties": { "gebaeude_id": "DEHHALKAJ0000wcG", "dachneig": 0.0, "dachfl_2d": 26.813, "dachfl_3d": 26.813, "area_m2": 26.8, "expo_klasse": "sonnig", "schatten": 0.0, "solar_eignung": "Eignung 6 (geringe Einstrahlung / weniger geeignet / vor Ort zu prüfen)", "ertkwha_k": 3417.87, "pvarea_solar": 30.44, "schatten_klasse": "sonnig", "gruendach_eignung": "sehr gut geeignet" }, "geometry": { "type": "Polygon", "coordinates": [ [ [ 10.005069168023102, 53.503168378951877 ], [ 10.005078197855138, 53.503130072510253 ], [ 10.004985393942466, 53.503122304190825 ], [ 10.004984034017172, 53.503127915815305 ], [ 10.004975926021395, 53.503160578352144 ], [ 10.005069168023102, 53.503168378951877 ] ] ] } },
{ "type": "Feature", "properties": { "gebaeude_id": "DEHHALKAJ0000wUG", "dachneig": 0.0, "dachfl_2d": 110.461, "dachfl_3d": 110.461, "area_m2": 110.5, "expo_klasse": "sonnig", "schatten": 0.0, "solar_eignung": "Eignung 6 (geringe Einstrahlung / weniger geeignet / vor Ort zu prüfen)", "ertkwha_k": 730.06, "pvarea_solar": 7.52, "schatten_klasse": "sonnig", "gruendach_eignung": "sehr gut geeignet" }, "geometry": { "type": "Polygon", "coordinates": [ [ [ 10.000747633394196, 53.505737162447367 ], [ 10.000740912534933, 53.505686124877855 ], [ 10.000445466510309, 53.505700094930603 ], [ 10.00045350099467, 53.505749943953909 ], [ 10.000747633394196, 53.505737162447367 ] ] ] } },
{ "type": "Feature", "properties": { "gebaeude_id": "DEHHALKAJ0000wpC", "dachneig": 5.64, "dachfl_2d": 728.149, "dachfl_3d": 731.29, "area_m2": 728.1, "expo_klasse": "sonnig", "schatten": 0.0, "solar_eignung": "Eignung 1 (geeignet, sehr hohe Einstrahlung)", "ertkwha_k": 2151.57, "pvarea_solar": 16.19, "schatten_klasse": "sonnig", "gruendach_eignung": "sehr gut geeignet" }, "geometry": { "type": "Polygon", "coordinates": [ [ [ 10.000453530582023, 53.505286979981797 ], [ 10.000445772810965, 53.505287296603235 ], [ 10.000445641888941, 53.505286219011353 ], [ 10.000444541506369, 53.505276627900862 ], [ 10.000451530866805, 53.50527633568877 ], [ 10.000448708452426, 53.505262129622949 ], [ 10.000233222151028, 53.505272157905047 ], [ 10.000288842284087, 53.505707509236423 ], [ 10.000535157713916, 53.50569585648811 ], [ 10.000453666258272, 53.505286978846257 ], [ 10.000453530582023, 53.505286979981797 ] ], [ [ 10.000458815767598, 53.50555047710855 ], [ 10.000461966100257, 53.505572204274984 ], [ 10.000444692365067, 53.505573094937581 ], [ 10.000441542041175, 53.505551367770657 ], [ 10.000458815767598, 53.50555047710855 ] ], [ [ 10.000372882108032, 53.505634237257482 ], [ 10.00037126075836, 53.505623652720722 ], [ 10.000407522831008, 53.505621686272754 ], [ 10.000409143977953, 53.505632261821674 ], [ 10.000372882108032, 53.505634237257482 ] ], [ [ 10.000355462634351, 53.505501506703773 ], [ 10.000369757586803, 53.505500901665314 ], [ 10.000373613667707, 53.505500734559 ], [ 10.000376171786654, 53.505522286902448 ], [ 10.000361123700808, 53.50552292521153 ], [ 10.000358020744191, 53.505523059047704 ], [ 10.000355462634351, 53.505501506703773 ] ], [ [ 10.000362886277507, 53.505414637194377 ], [ 10.000344918510688, 53.505415506683725 ], [ 10.000341929633608, 53.505393589392497 ], [ 10.000359897391231, 53.505392719903632 ], [ 10.000362886277507, 53.505414637194377 ] ], [ [ 10.000431898549351, 53.505334578337163 ], [ 10.000432579873511, 53.505340460471608 ], [ 10.000434454944427, 53.505356697005503 ], [ 10.000426094577172, 53.505357036646977 ], [ 10.000416499104418, 53.505357431569927 ], [ 10.000413927855133, 53.505335322014687 ], [ 10.000431898549351, 53.505334578337163 ] ], [ [ 10.000427105562448, 53.505443511964863 ], [ 10.000445691845503, 53.505442655264744 ], [ 10.000448487390923, 53.505464043816758 ], [ 10.000429901310209, 53.505464909504624 ], [ 10.000427105562448, 53.505443511964863 ] ] ] } },
{ "type": "Feature", "properties": { "gebaeude_id": "DEHHALKAJ0000wpC", "dachneig": 4.876, "dachfl_2d": 860.226, "dachfl_3d": 863.75, "area_m2": 860.2, "expo_klasse": "sonnig", "schatten": 0.0, "solar_eignung": "Eignung 6 (geringe Einstrahlung / weniger geeignet / vor Ort zu prüfen)", "ertkwha_k": 92.77, "pvarea_solar": 1.33, "schatten_klasse": "sonnig", "gruendach_eignung": "sehr gut geeignet" }, "geometry": { "type": "Polygon", "coordinates": [ [ [ 10.00059611624752, 53.50525526866857 ], [ 10.000448708452426, 53.505262129622949 ], [ 10.000451530866805, 53.50527633568877 ], [ 10.000461518062755, 53.505275928495401 ], [ 10.000462540582733, 53.505284774165041 ], [ 10.000462749583265, 53.505286606184796 ], [ 10.000453771572616, 53.505286968975781 ], [ 10.000453666258272, 53.505286978846257 ], [ 10.000535157713916, 53.50569585648811 ], [ 10.000740912534933, 53.505686124877855 ], [ 10.000745566562333, 53.505685906134012 ], [ 10.000792889689599, 53.505683667186482 ], [ 10.000735029243472, 53.505248802255281 ], [ 10.000720118418371, 53.505249502384281 ], [ 10.00059611624752, 53.50525526866857 ] ], [ [ 10.000637517634818, 53.505433750539297 ], [ 10.000654626540294, 53.505432906173688 ], [ 10.000657659325475, 53.505454760166593 ], [ 10.000640565486457, 53.505455604406457 ], [ 10.000637517634818, 53.505433750539297 ] ], [ [ 10.000640501016891, 53.505325470272609 ], [ 10.000643195313069, 53.5053476776732 ], [ 10.000625842910685, 53.505348425195841 ], [ 10.000623148623493, 53.505326217794895 ], [ 10.000640501016891, 53.505325470272609 ] ], [ [ 10.000592929091692, 53.505598183173902 ], [ 10.00059554102087, 53.505620094624916 ], [ 10.000577359578845, 53.505620858068667 ], [ 10.000574747659016, 53.505598946617226 ], [ 10.000592929091692, 53.505598183173902 ] ], [ [ 10.000650917674168, 53.505541111610412 ], [ 10.000669281676807, 53.505540418539532 ], [ 10.000671604459987, 53.505562215551898 ], [ 10.000653240659666, 53.505562917610405 ], [ 10.000650917674168, 53.505541111610412 ] ], [ [ 10.000565143313025, 53.505383208586345 ], [ 10.000567572147133, 53.50540566990405 ], [ 10.000549494840984, 53.505406369548844 ], [ 10.000547050941179, 53.505383908356926 ], [ 10.000565143313025, 53.505383208586345 ] ], [ [ 10.000578953145977, 53.505490692082439 ], [ 10.000581356124211, 53.505512695173699 ], [ 10.000562706337739, 53.505513417590379 ], [ 10.000560318444341, 53.505491414372521 ], [ 10.000578953145977, 53.505490692082439 ] ] ] } },
{ "type": "Feature", "properties": { "gebaeude_id": "DEHHALKAJ0000wJX", "dachneig": 0.0, "dachfl_2d": 663.194, "dachfl_3d": 663.194, "area_m2": 663.2, "expo_klasse": "sonnig", "schatten": 0.0, "solar_eignung": "Eignung 1 (geeignet, sehr hohe Einstrahlung)", "ertkwha_k": 41160.59, "pvarea_solar": 297.31, "schatten_klasse": "sonnig", "gruendach_eignung": "sehr gut geeignet" }, "geometry": { "type": "Polygon", "coordinates": [ [ [ 10.002812406873094, 53.498865971579235 ], [ 10.002676307319181, 53.498914746446104 ], [ 10.002840915263095, 53.499077425109107 ], [ 10.002877734454515, 53.49906417192512 ], [ 10.002892608993594, 53.499078636391268 ], [ 10.002922776080469, 53.499067785155326 ], [ 10.0029517492704, 53.499096414956512 ], [ 10.003422222313977, 53.498927175239736 ], [ 10.003382983983805, 53.498888402154414 ], [ 10.003406154860246, 53.498880072531215 ], [ 10.003329901075604, 53.498804718990662 ], [ 10.003302963275639, 53.498814410601426 ], [ 10.003301573831793, 53.498813028957471 ], [ 10.003235199489477, 53.498747444456754 ], [ 10.003226268649879, 53.498738889903002 ], [ 10.003165967561792, 53.498760691126087 ], [ 10.003165324946982, 53.498760930235349 ], [ 10.003165235146598, 53.498760957956229 ], [ 10.003240223096018, 53.498835072744036 ], [ 10.003213629173324, 53.498844644590235 ], [ 10.003266018952905, 53.498896422405238 ], [ 10.003199272177104, 53.498920435123665 ], [ 10.003168014271058, 53.498889541331337 ], [ 10.003052160171862, 53.49893121613492 ], [ 10.003082275901805, 53.498960986918789 ], [ 10.002954910843799, 53.499006803309271 ], [ 10.002812406873094, 53.498865971579235 ] ] ] } },
{ "type": "Feature", "properties": { "gebaeude_id": "DEHHALKAJ0000wJX", "dachneig": 0.0, "dachfl_2d": 116.767, "dachfl_3d": 116.767, "area_m2": 116.8, "expo_klasse": "sonnig", "schatten": 0.0, "solar_eignung": "Eignung 6 (geringe Einstrahlung / weniger geeignet / vor Ort zu prüfen)", "ertkwha_k": 139.68, "pvarea_solar": 2.07, "schatten_klasse": "sonnig", "gruendach_eignung": "sehr gut geeignet" }, "geometry": { "type": "Polygon", "coordinates": [ [ [ 10.002756795330384, 53.499149773764337 ], [ 10.002757629416937, 53.499150620729083 ], [ 10.002757726609847, 53.499152184012694 ], [ 10.002758967788145, 53.499174115930785 ], [ 10.002759023171114, 53.499175185165996 ], [ 10.002963638826946, 53.499172839184475 ], [ 10.002971187982677, 53.499165009279174 ], [ 10.002972657732903, 53.499163405880246 ], [ 10.002876142552973, 53.499069542770044 ], [ 10.002729946198626, 53.499122986836213 ], [ 10.002730007974918, 53.499123049241497 ], [ 10.002756795330384, 53.499149773764337 ] ] ] } },
{ "type": "Feature", "properties": { "gebaeude_id": "DEHHALKAJ0000wJX", "dachneig": 0.0, "dachfl_2d": 398.29, "dachfl_3d": 398.29, "area_m2": 398.3, "expo_klasse": "sonnig", "schatten": 0.0, "solar_eignung": "Eignung 6 (geringe Einstrahlung / weniger geeignet / vor Ort zu prüfen)", "ertkwha_k": 730.06, "pvarea_solar": 7.52, "schatten_klasse": "sonnig", "gruendach_eignung": "sehr gut geeignet" }, "geometry": { "type": "Polygon", "coordinates": [ [ [ 10.002831885871799, 53.499080665019058 ], [ 10.002667292810397, 53.498917977229908 ], [ 10.002554872671629, 53.498958256403981 ], [ 10.002497900491409, 53.498981881114616 ], [ 10.002501725617956, 53.499162556394445 ], [ 10.002706954330238, 53.499160637185994 ], [ 10.002706841366793, 53.499136682250409 ], [ 10.002700102911062, 53.499136702821524 ], [ 10.002700038347188, 53.499129494125476 ], [ 10.002702787381725, 53.499128437320906 ], [ 10.002717549453886, 53.499122803181578 ], [ 10.002717654116232, 53.499122766347249 ], [ 10.002717684050012, 53.499122757107095 ], [ 10.002831947436045, 53.499080718436993 ], [ 10.002831885871799, 53.499080665019058 ] ], [ [ 10.002571059308858, 53.499044316871903 ], [ 10.002588041770881, 53.499038223659909 ], [ 10.002598044595615, 53.499048126619229 ], [ 10.002581062131107, 53.499054219832679 ], [ 10.002571059308858, 53.499044316871903 ] ], [ [ 10.002693212881669, 53.499014014807926 ], [ 10.002684738857239, 53.499017151168154 ], [ 10.002673801304695, 53.499006608843629 ], [ 10.002690675045587, 53.499000381692781 ], [ 10.002701627461501, 53.499010914902023 ], [ 10.002693212881669, 53.499014014807926 ] ], [ [ 10.002739566567218, 53.499045761892965 ], [ 10.002751124649283, 53.499057683323279 ], [ 10.002730906386708, 53.499064648676786 ], [ 10.002719363169197, 53.499052718130798 ], [ 10.002739566567218, 53.499045761892965 ] ], [ [ 10.002627790023723, 53.499102467762611 ], [ 10.002615210838981, 53.499090078464661 ], [ 10.002635989393221, 53.499082578075623 ], [ 10.00264856858176, 53.499094967371384 ], [ 10.002627790023723, 53.499102467762611 ] ] ] } },
{ "type": "Feature", "properties": { "gebaeude_id": "DEHHALKAJ0000wJX", "dachneig": 12.505, "dachfl_2d": 12.126, "dachfl_3d": 12.417, "area_m2": 12.1, "expo_klasse": "sonnig", "schatten": 0.0, "solar_eignung": "Eignung 6 (geringe Einstrahlung / weniger geeignet / vor Ort zu prüfen)", "ertkwha_k": 8017.85, "pvarea_solar": 71.24, "schatten_klasse": "sonnig", "gruendach_eignung": "sehr gut geeignet" }, "geometry": { "type": "Polygon", "coordinates": [ [ [ 10.002706814561909, 53.499171964592193 ], [ 10.002707030183307, 53.499174713440162 ], [ 10.002710903722178, 53.499174671956638 ], [ 10.002713511344366, 53.499174650081663 ], [ 10.002750001921624, 53.499174299016175 ], [ 10.002750092359388, 53.499174298257472 ], [ 10.002749559402343, 53.499152351408853 ], [ 10.002722050424772, 53.499126990288296 ], [ 10.002721900967757, 53.499127045476506 ], [ 10.002706949324692, 53.499132312654552 ], [ 10.002706841366793, 53.499136682250409 ], [ 10.002706994915766, 53.49916746854209 ], [ 10.002706814561909, 53.499171964592193 ] ] ] } },
{ "type": "Feature", "properties": { "gebaeude_id": "DEHHALKAJ0000wJX", "dachneig": 0.0, "dachfl_2d": 1943.497, "dachfl_3d": 1943.497, "area_m2": 1943.5, "expo_klasse": "sonnig", "schatten": 0.0, "solar_eignung": "Eignung 6 (geringe Einstrahlung / weniger geeignet / vor Ort zu prüfen)", "ertkwha_k": 8017.85, "pvarea_solar": 71.24, "schatten_klasse": "sonnig", "gruendach_eignung": "sehr gut geeignet" }, "geometry": { "type": "Polygon", "coordinates": [ [ [ 10.003801058713169, 53.498411284449915 ], [ 10.003737968163721, 53.498348782866501 ], [ 10.003072528667019, 53.498587644553375 ], [ 10.00305621238234, 53.498571493272436 ], [ 10.002986968359522, 53.498596353826272 ], [ 10.002978972100021, 53.498588429636229 ], [ 10.002323585471482, 53.49882367904091 ], [ 10.00238624692175, 53.498885304030054 ], [ 10.002425023038823, 53.498871288480721 ], [ 10.00245572144577, 53.498901494999025 ], [ 10.00239343135927, 53.498924004669284 ], [ 10.002422154024694, 53.498952259157619 ], [ 10.002437341506367, 53.498946765310215 ], [ 10.002491783645562, 53.49892709007333 ], [ 10.002522188502553, 53.498916093118822 ], [ 10.002556744920371, 53.49895006963154 ], [ 10.003142389999708, 53.498738380358297 ], [ 10.003160648411688, 53.498756331121029 ], [ 10.003229036411838, 53.498731603499635 ], [ 10.00323732443263, 53.498739749951099 ], [ 10.003815578832013, 53.498530726212159 ], [ 10.003782404201166, 53.498497835121761 ], [ 10.003882711784408, 53.498461836432028 ], [ 10.003852455529742, 53.498431869267172 ], [ 10.003790387448719, 53.498454144092186 ], [ 10.003761458933452, 53.4984254961375 ], [ 10.003801058713169, 53.498411284449915 ] ], [ [ 10.003201039715451, 53.498666424976705 ], [ 10.003202419815858, 53.498667411180918 ], [ 10.003203585696964, 53.498669540795639 ], [ 10.003202944541872, 53.498671757489419 ], [ 10.003201824682622, 53.498672854566543 ], [ 10.003200172608329, 53.498673758350883 ], [ 10.003198151149295, 53.498674341628657 ], [ 10.003196030554781, 53.498674557186376 ], [ 10.003192341127169, 53.498674093752378 ], [ 10.003189442716215, 53.498672652859149 ], [ 10.003188420968044, 53.498671519821968 ], [ 10.003187938021089, 53.498670220459346 ], [ 10.003188102354988, 53.498668879707878 ], [ 10.003188842849077, 53.498667677945946 ], [ 10.003191366183419, 53.498666002777973 ], [ 10.003194905749437, 53.498665226977359 ], [ 10.00319704735689, 53.498665262937429 ], [ 10.003199182590315, 53.498665667503062 ], [ 10.003201039715451, 53.498666424976705 ] ], [ [ 10.002897214688318, 53.498750613372046 ], [ 10.002910928069131, 53.498745904892566 ], [ 10.002918793781307, 53.498754045920244 ], [ 10.002911540948517, 53.49875654281513 ], [ 10.002905080398715, 53.498758754400633 ], [ 10.002897214688318, 53.498750613372046 ] ], [ [ 10.002673179605656, 53.498842248827913 ], [ 10.002665313711743, 53.498834098796799 ], [ 10.002671774285579, 53.498831887224178 ], [ 10.002679027145421, 53.498829390343744 ], [ 10.002686893041069, 53.498837540373962 ], [ 10.002673179605656, 53.498842248827913 ] ], [ [ 10.002781717779278, 53.498792087158265 ], [ 10.002788178340575, 53.498789875579419 ], [ 10.002795431186373, 53.498787378691929 ], [ 10.002803297096381, 53.49879552871451 ], [ 10.002789583687507, 53.498800237181719 ], [ 10.002781717779278, 53.498792087158265 ] ], [ [ 10.003236707696658, 53.498661900744871 ], [ 10.003243960493977, 53.498659403830331 ], [ 10.00325184153837, 53.498667553696741 ], [ 10.003244573455166, 53.49867004175097 ], [ 10.003238113148239, 53.498672262341628 ], [ 10.003234295754833, 53.498668294243515 ], [ 10.003230247178346, 53.498664112347797 ], [ 10.003236707696658, 53.498661900744871 ] ], [ [ 10.002556401545228, 53.498873530541267 ], [ 10.00256365441901, 53.49887103366769 ], [ 10.002571535373315, 53.498879183579135 ], [ 10.00256426721371, 53.498881671592251 ], [ 10.002557806838698, 53.498883892146367 ], [ 10.002553989489272, 53.498879924026468 ], [ 10.002549940959003, 53.498875742107643 ], [ 10.002556401545228, 53.498873530541267 ] ], [ [ 10.003367999361979, 53.498626010980871 ], [ 10.003354286071048, 53.498630719512519 ], [ 10.003346420086766, 53.498622569526304 ], [ 10.003360133376006, 53.498617860995608 ], [ 10.003367999361979, 53.498626010980871 ] ], [ [ 10.003600321756926, 53.498542601543654 ], [ 10.003586608518807, 53.498547310101763 ], [ 10.003578742505843, 53.498539160130882 ], [ 10.003592455742185, 53.498534451573704 ], [ 10.003600321756926, 53.498542601543654 ] ], [ [ 10.003018562514317, 53.498713045568692 ], [ 10.003014513954675, 53.498708863665641 ], [ 10.003028227308905, 53.498704155172753 ], [ 10.003036108320519, 53.498712305053509 ], [ 10.003028840216894, 53.498714793094699 ], [ 10.003022379891743, 53.498717013673748 ], [ 10.003018562514317, 53.498713045568692 ] ], [ [ 10.003708429872569, 53.498492181950553 ], [ 10.003716310761943, 53.49850032279906 ], [ 10.003702582690037, 53.498505040484226 ], [ 10.003698765268679, 53.498501072400948 ], [ 10.00369471666283, 53.498496890521011 ], [ 10.003708429872569, 53.498492181950553 ] ], [ [ 10.00348431830111, 53.498584278027749 ], [ 10.003470605036602, 53.498588986572642 ], [ 10.003462723965209, 53.498580836720699 ], [ 10.003476452300697, 53.498576128050168 ], [ 10.00348431830111, 53.498584278027749 ] ], [ [ 10.002807727772842, 53.498817820404824 ], [ 10.00280288621196, 53.498817726187774 ], [ 10.00279867646776, 53.498816296286741 ], [ 10.002796957558706, 53.498815007291853 ], [ 10.002795849637161, 53.498813416531512 ], [ 10.002795553103681, 53.498811711095044 ], [ 10.002796042478247, 53.498810088955921 ], [ 10.002798592603988, 53.498807631522048 ], [ 10.002802764414634, 53.498806176248273 ], [ 10.002805502367558, 53.498805928550894 ], [ 10.002808357070665, 53.498806156294947 ], [ 10.002810996709723, 53.498806853275184 ], [ 10.002813117283186, 53.498807914173142 ], [ 10.002815393433439, 53.498810456963191 ], [ 10.002815431579107, 53.498813351125293 ], [ 10.002814412535237, 53.498814887817588 ], [ 10.002812665541564, 53.498816241846569 ], [ 10.002810337720875, 53.498817259163637 ], [ 10.002807727772842, 53.498817820404824 ] ], [ [ 10.003079543887946, 53.498648531613654 ], [ 10.003073842660056, 53.498642673635544 ], [ 10.003093267961251, 53.49863597556034 ], [ 10.003104825817008, 53.498647887970037 ], [ 10.003085400512251, 53.498654586047074 ], [ 10.003079543887946, 53.498648531613654 ] ], [ [ 10.003114957323351, 53.49868367834415 ], [ 10.003102989509291, 53.498672281753194 ], [ 10.003123179086057, 53.498664750264382 ], [ 10.003135146903386, 53.498676146853271 ], [ 10.003114957323351, 53.49868367834415 ] ], [ [ 10.003144715647315, 53.498712364434347 ], [ 10.003132423873295, 53.498700017723188 ], [ 10.003152831902378, 53.498692799013682 ], [ 10.003165123680169, 53.498705145722738 ], [ 10.003144715647315, 53.498712364434347 ] ], [ [ 10.003804891419675, 53.498461213548822 ], [ 10.003825973881364, 53.498453836244998 ], [ 10.003837867524584, 53.49846591655718 ], [ 10.003816785059035, 53.498473293863057 ], [ 10.003804891419675, 53.498461213548822 ] ], [ [ 10.002469049419151, 53.498923262627542 ], [ 10.002447918936253, 53.498930541212594 ], [ 10.002435913048354, 53.498918165065938 ], [ 10.002457043315214, 53.498910877495739 ], [ 10.002469049419151, 53.498923262627542 ] ], [ [ 10.002572153961214, 53.498806996120457 ], [ 10.002605331917721, 53.498795328670788 ], [ 10.002615416838085, 53.498805518590622 ], [ 10.002582239088499, 53.498817195030412 ], [ 10.002577559217219, 53.498812452096338 ], [ 10.002572153961214, 53.498806996120457 ] ], [ [ 10.002643885392404, 53.49878146773149 ], [ 10.002653970318663, 53.498791657648063 ], [ 10.002620792590584, 53.498803334098476 ], [ 10.002616112716538, 53.498798591165915 ], [ 10.002610707457423, 53.498793135191789 ], [ 10.002643885392404, 53.49878146773149 ] ], [ [ 10.002500149625819, 53.498840131512047 ], [ 10.002494744376142, 53.498834675532656 ], [ 10.002527922375691, 53.498823008104274 ], [ 10.00253800728426, 53.498833198030695 ], [ 10.002504829491613, 53.498844874449134 ], [ 10.002500149625819, 53.498840131512047 ] ], [ [ 10.002838225062533, 53.498711727168413 ], [ 10.002848310018388, 53.498721917068622 ], [ 10.002815132398592, 53.498733593572616 ], [ 10.002810452510737, 53.49872885064768 ], [ 10.002805047235768, 53.498723394682287 ], [ 10.002838225062533, 53.498711727168413 ] ], [ [ 10.002533552040887, 53.498820722606602 ], [ 10.002566729806741, 53.498809046180305 ], [ 10.002576814933262, 53.498819245090715 ], [ 10.002543636950222, 53.49883091253254 ], [ 10.002533552040887, 53.498820722606602 ] ], [ [ 10.002760248997127, 53.498739663201128 ], [ 10.002765886298683, 53.498745368916076 ], [ 10.002770349225987, 53.498749861968747 ], [ 10.002737171350704, 53.49876152946397 ], [ 10.002727071339041, 53.498751339680865 ], [ 10.002760248997127, 53.498739663201128 ] ], [ [ 10.002721169322612, 53.498753582527108 ], [ 10.002731254472684, 53.498763781424508 ], [ 10.002698076575722, 53.498775448908916 ], [ 10.0026879914308, 53.498765250008731 ], [ 10.002721169322612, 53.498753582527108 ] ], [ [ 10.002919760999557, 53.498681963399726 ], [ 10.002952938762174, 53.498670295854211 ], [ 10.00296296195951, 53.498680423339529 ], [ 10.002963023947563, 53.498680494731985 ], [ 10.002929846179827, 53.4986921622803 ], [ 10.002919760999557, 53.498681963399726 ] ], [ [ 10.002959472538777, 53.498667993760861 ], [ 10.002959410550746, 53.498667922368377 ], [ 10.002992588291463, 53.49865625481192 ], [ 10.003002673482948, 53.498666453686361 ], [ 10.002969495737153, 53.498678121245632 ], [ 10.002959472538777, 53.498667993760861 ] ], [ [ 10.002799028038231, 53.498725782340792 ], [ 10.002809128060928, 53.498735972117821 ], [ 10.002775950419345, 53.498747648611001 ], [ 10.002765850189695, 53.498737449843865 ], [ 10.002799028038231, 53.498725782340792 ] ], [ [ 10.002657374008777, 53.498776176876753 ], [ 10.002682642227263, 53.498767281466961 ], [ 10.002688294382892, 53.498772978071806 ], [ 10.002692742444232, 53.498777480241124 ], [ 10.002659564525898, 53.498789147714959 ], [ 10.002649464314045, 53.498778948937932 ], [ 10.002657374008777, 53.498776176876753 ] ], [ [ 10.002464429794985, 53.498845662734297 ], [ 10.002489698095548, 53.498836767365049 ], [ 10.00249535023479, 53.498842463978981 ], [ 10.00249979828315, 53.498846966155547 ], [ 10.002466620257142, 53.498858633576141 ], [ 10.002456520074656, 53.498848434782836 ], [ 10.002464429794985, 53.498845662734297 ] ], [ [ 10.002881328288153, 53.49869582341568 ], [ 10.002914506072218, 53.498684155880774 ], [ 10.002924591251798, 53.498694354761803 ], [ 10.002891413462571, 53.498706022299544 ], [ 10.002886718708636, 53.498701288491375 ], [ 10.002881328288153, 53.49869582341568 ] ], [ [ 10.002451033709827, 53.498850404457436 ], [ 10.002461118818612, 53.498860603377608 ], [ 10.002427940771287, 53.498872270787551 ], [ 10.002417840594758, 53.498862071990978 ], [ 10.002451033709827, 53.498850404457436 ] ], [ [ 10.002876398807732, 53.498697752481284 ], [ 10.002886483981465, 53.498707951365532 ], [ 10.002853306383164, 53.498719627880043 ], [ 10.002843206141767, 53.498709429119451 ], [ 10.002876398807732, 53.498697752481284 ] ], [ [ 10.003379360812037, 53.498563837050767 ], [ 10.003369137354186, 53.498553531499475 ], [ 10.003402314043203, 53.498541827880786 ], [ 10.003412552791161, 53.498552142290052 ], [ 10.003379360812037, 53.498563837050767 ] ], [ [ 10.003494664175284, 53.498522517120129 ], [ 10.003484440699667, 53.498512211578706 ], [ 10.003517617324388, 53.498500507928235 ], [ 10.003527856090132, 53.498510822327617 ], [ 10.003494664175284, 53.498522517120129 ] ], [ [ 10.003681882048424, 53.498455181112035 ], [ 10.003681912830627, 53.498455207820761 ], [ 10.003672987234403, 53.498458366022085 ], [ 10.003655897741364, 53.498464379387372 ], [ 10.003648736286952, 53.498466911516559 ], [ 10.003638497502749, 53.498456597127536 ], [ 10.003671689326216, 53.498444902295383 ], [ 10.003681882048424, 53.498455181112035 ] ], [ [ 10.00360582931618, 53.498482804911653 ], [ 10.003572637657125, 53.498494508712987 ], [ 10.003562413957246, 53.498484194190922 ], [ 10.003595605611176, 53.498472490392452 ], [ 10.00360582931618, 53.498482804911653 ] ], [ [ 10.003334832151014, 53.498580013633138 ], [ 10.003301640340768, 53.498591717359758 ], [ 10.003291416682671, 53.498581402814487 ], [ 10.00332460848775, 53.498569699090709 ], [ 10.003334832151014, 53.498580013633138 ] ], [ [ 10.003295785292805, 53.498594031753001 ], [ 10.003262593460764, 53.498605735468814 ], [ 10.003252369808687, 53.498595420920211 ], [ 10.0032855616356, 53.498583717207204 ], [ 10.003295785292805, 53.498594031753001 ] ], [ [ 10.003451377725392, 53.498538305776222 ], [ 10.003418185980092, 53.498550009534966 ], [ 10.00340796230403, 53.498539694999714 ], [ 10.003441138971422, 53.498527991370359 ], [ 10.003451377725392, 53.498538305776222 ] ], [ [ 10.003373354195976, 53.498566116763904 ], [ 10.00334016240728, 53.498577820501112 ], [ 10.003329938743306, 53.498567505959144 ], [ 10.003363115454064, 53.498555802351319 ], [ 10.003373354195976, 53.498566116763904 ] ], [ [ 10.003610734963294, 53.498480507463711 ], [ 10.00360051125765, 53.498470192944936 ], [ 10.003633687817304, 53.498458489262504 ], [ 10.003643926600835, 53.498468803651896 ], [ 10.003610734963294, 53.498480507463711 ] ], [ [ 10.003716891529884, 53.498428531159547 ], [ 10.003750083097392, 53.498416827318437 ], [ 10.003760306826198, 53.498427141824429 ], [ 10.003727130326205, 53.498438845541777 ], [ 10.003716891529884, 53.498428531159547 ] ], [ [ 10.003567850465634, 53.498496715274051 ], [ 10.003534658785167, 53.498508419064919 ], [ 10.003524435091071, 53.498498104539593 ], [ 10.003557611693687, 53.49848640087815 ], [ 10.003567850465634, 53.498496715274051 ] ], [ [ 10.003688954123989, 53.498452694676779 ], [ 10.003678746115702, 53.498442407 ], [ 10.003678715333526, 53.498442380291273 ], [ 10.003711906922454, 53.498430676460664 ], [ 10.003717466398919, 53.498436274915903 ], [ 10.003722130645411, 53.498440990969911 ], [ 10.003688954123989, 53.498452694676779 ] ], [ [ 10.003185956598941, 53.498632905458592 ], [ 10.003175717886018, 53.498622591029921 ], [ 10.003208909755404, 53.498610887338117 ], [ 10.003214469189787, 53.498616485816726 ], [ 10.003219133400751, 53.498621201890423 ], [ 10.003185956598941, 53.498632905458592 ] ], [ [ 10.003484921695764, 53.498519812298802 ], [ 10.003489585925813, 53.498524528361926 ], [ 10.003456409274632, 53.49853623200466 ], [ 10.003446170519949, 53.498525917599189 ], [ 10.003479362238709, 53.498514213832721 ], [ 10.003484921695764, 53.498519812298802 ] ], [ [ 10.003224259651136, 53.498619307115383 ], [ 10.003214020932264, 53.498608992689967 ], [ 10.003247212780389, 53.498597288987582 ], [ 10.003252772218035, 53.498602887464465 ], [ 10.003257436431678, 53.498607603536634 ], [ 10.003224259651136, 53.498619307115383 ] ], [ [ 10.003039628601838, 53.498757337746952 ], [ 10.003011472900553, 53.498729483155849 ], [ 10.003101241928677, 53.498697241103457 ], [ 10.003129212550318, 53.498724917445465 ], [ 10.003129382594121, 53.498725095799884 ], [ 10.003039628601838, 53.498757337746952 ] ] ] } },
{ "type": "Feature", "properties": { "gebaeude_id": "DEHHALKA10007htD", "dachneig": 0.0, "dachfl_2d": 60.452, "dachfl_3d": 60.452, "area_m2": 60.5, "expo_klasse": "sonnig", "schatten": 0.0, "solar_eignung": "Eignung 1 (geeignet, sehr hohe Einstrahlung)", "ertkwha_k": 41160.59, "pvarea_solar": 297.31, "schatten_klasse": "sonnig", "gruendach_eignung": "sehr gut geeignet" }, "geometry": { "type": "Polygon", "coordinates": [ [ [ 10.004796142854207, 53.498263961409613 ], [ 10.004796781281092, 53.498257807513852 ], [ 10.004796903319885, 53.498256592962484 ], [ 10.004800335674178, 53.49822195616072 ], [ 10.004800432880065, 53.498220966545055 ], [ 10.004801139626524, 53.498213238986345 ], [ 10.004801071853885, 53.498211010264853 ], [ 10.004803148738203, 53.498194920335173 ], [ 10.004804174789191, 53.498179019020746 ], [ 10.004804206685899, 53.498163153030774 ], [ 10.004803214071737, 53.498147313631428 ], [ 10.004801229218062, 53.498131590442185 ], [ 10.004801212020469, 53.498131500695983 ], [ 10.004798200533234, 53.498115714224355 ], [ 10.004794179823563, 53.498099963203742 ], [ 10.004789149467657, 53.498084229659462 ], [ 10.004783094819002, 53.498068531692709 ], [ 10.004776030738821, 53.498052860189254 ], [ 10.004767941730679, 53.498037197301102 ], [ 10.004762152156358, 53.498026971453271 ], [ 10.004762089316312, 53.498026864112568 ], [ 10.004756542832052, 53.498017355347216 ], [ 10.004756228844366, 53.498016827631027 ], [ 10.004750391097375, 53.498007114564984 ], [ 10.004744561002562, 53.497997725041124 ], [ 10.004738206757642, 53.497987845523639 ], [ 10.004731658485197, 53.497978048538506 ], [ 10.004724932107749, 53.497968369908122 ], [ 10.004717920205465, 53.497958729633709 ], [ 10.004721844111762, 53.497966562093303 ], [ 10.004725515186275, 53.497974540503265 ], [ 10.00472885636646, 53.497982593598785 ], [ 10.004731851942095, 53.497990694544654 ], [ 10.004734472405417, 53.49799887055628 ], [ 10.004736671901146, 53.49800709505179 ], [ 10.004738435356508, 53.498015368158015 ], [ 10.004739747911161, 53.498023698988838 ], [ 10.004740548637283, 53.498032061089319 ], [ 10.004740822461962, 53.498040454586118 ], [ 10.004740536477474, 53.498048762897781 ], [ 10.004740017817538, 53.498056794503938 ], [ 10.004739932011852, 53.498064642690011 ], [ 10.004740223657629, 53.49807251467044 ], [ 10.004740892117594, 53.498080383483369 ], [ 10.004741877314224, 53.498088258622921 ], [ 10.004743194107734, 53.498096130975057 ], [ 10.004744797068133, 53.498103991932602 ], [ 10.004746686408064, 53.498111850482836 ], [ 10.004748816484978, 53.498119689031199 ], [ 10.004751187511474, 53.498127516565006 ], [ 10.004753799275202, 53.498135324097042 ], [ 10.004756606558571, 53.498143112007249 ], [ 10.004759624434232, 53.498150880168986 ], [ 10.004762822757082, 53.49815862883564 ], [ 10.004766216599892, 53.498166357880422 ], [ 10.004769760532408, 53.498174058696257 ], [ 10.004773470052335, 53.498181749130914 ], [ 10.004777330087126, 53.498189429311125 ], [ 10.004778135551476, 53.498190977650616 ], [ 10.004778922132941, 53.498193002569927 ], [ 10.004781930681091, 53.498201013514574 ], [ 10.004784684271037, 53.498209080536839 ], [ 10.004787182477644, 53.498217185662206 ], [ 10.004789410015668, 53.498225320030038 ], [ 10.004791366884927, 53.498233483640369 ], [ 10.004793053085333, 53.498241676493301 ], [ 10.004794453331504, 53.498249889728129 ], [ 10.004795567410879, 53.498258114357633 ], [ 10.004796142854207, 53.498263961409613 ] ] ] } },
{ "type": "Feature", "properties": { "gebaeude_id": "DEHHALKA10007htD", "dachneig": 0.0, "dachfl_2d": 557.729, "dachfl_3d": 557.729, "area_m2": 557.7, "expo_klasse": "sonnig", "schatten": 0.02, "solar_eignung": "Eignung 1 (geeignet, sehr hohe Einstrahlung)", "ertkwha_k": 28173.44, "pvarea_solar": 206.02, "schatten_klasse": "sonnig", "gruendach_eignung": "sehr gut geeignet" }, "geometry": { "type": "Polygon", "coordinates": [ [ [ 10.004250624122669, 53.497784556100648 ], [ 10.004252528522745, 53.497780935479987 ], [ 10.004252585839289, 53.497780809151337 ], [ 10.004254169469769, 53.497777011444192 ], [ 10.004255378200027, 53.497773297788584 ], [ 10.004255405796396, 53.497773189687798 ], [ 10.004256280383832, 53.497769370970666 ], [ 10.004256702804145, 53.497766194277133 ], [ 10.004214616565458, 53.497549470634773 ], [ 10.004213348957508, 53.497544950789376 ], [ 10.004211555728107, 53.497540516261687 ], [ 10.004209205458396, 53.497536113381216 ], [ 10.00420625356856, 53.497531769489683 ], [ 10.00420276141007, 53.497527529016999 ], [ 10.004198699900156, 53.497523437152786 ], [ 10.004194114893163, 53.497519520479081 ], [ 10.004189052668066, 53.497515823552327 ], [ 10.004183544006773, 53.497512373081136 ], [ 10.004177634763435, 53.497509195647439 ], [ 10.004171400936952, 53.49750631757987 ], [ 10.004164887956703, 53.497503747485901 ], [ 10.004158171396737, 53.497501493719589 ], [ 10.004151311971102, 53.497499573748975 ], [ 10.004144339399655, 53.497497969346249 ], [ 10.00413708724925, 53.497496654942324 ], [ 10.004129570592102, 53.497495630410597 ], [ 10.004121850566921, 53.497494931193621 ], [ 10.00411398788771, 53.497494574759529 ], [ 10.004106027983655, 53.497494569715705 ], [ 10.004098061501058, 53.497494924289718 ], [ 10.00409014894152, 53.497495646962406 ], [ 10.004082349957256, 53.497496710265466 ], [ 10.004074725262182, 53.497498131667008 ], [ 10.004067364228602, 53.497499865470971 ], [ 10.004060297001123, 53.497501911424109 ], [ 10.004053583019711, 53.497504233070899 ], [ 10.004052537934182, 53.497504664336553 ], [ 10.003898528657745, 53.497572971523688 ], [ 10.003857083430537, 53.497591351701608 ], [ 10.00385295571918, 53.497593390932742 ], [ 10.003848195179533, 53.497596082692148 ], [ 10.003843665395738, 53.497598970273053 ], [ 10.00383942686957, 53.497602062156474 ], [ 10.003835508896692, 53.497605322140082 ], [ 10.00383194162197, 53.497608749970709 ], [ 10.003828754341034, 53.497612309446097 ], [ 10.003825961914075, 53.497615991452371 ], [ 10.003823578776746, 53.497619768901139 ], [ 10.003821634224806, 53.497623605589936 ], [ 10.003820112973585, 53.497627492658268 ], [ 10.003819029246523, 53.497631394030257 ], [ 10.00381836733448, 53.497635282870633 ], [ 10.003818127025237, 53.49763915019215 ], [ 10.003818289213015, 53.497642825362732 ], [ 10.003860732300671, 53.497861334963389 ], [ 10.003862075666593, 53.497864595705131 ], [ 10.003863954849621, 53.497868202520735 ], [ 10.003864064178456, 53.497868363405878 ], [ 10.003866241627184, 53.497871832880286 ], [ 10.003868995864799, 53.497875468302873 ], [ 10.003872201640867, 53.497879072965802 ], [ 10.00387587381565, 53.497882637755175 ], [ 10.003880011115481, 53.497886108747245 ], [ 10.003884643260868, 53.497889467714167 ], [ 10.003889724185077, 53.497892679086419 ], [ 10.003895253251295, 53.497895715902096 ], [ 10.003901184392832, 53.497898542591791 ], [ 10.003907516972738, 53.497901132193469 ], [ 10.003914190063993, 53.497903458251663 ], [ 10.003921157812137, 53.497905494184117 ], [ 10.003928359502329, 53.497907222522649 ], [ 10.003935734419885, 53.497908625798999 ], [ 10.00394325241958, 53.497909704266334 ], [ 10.003950822853922, 53.497910449696903 ], [ 10.003958385645031, 53.497910871584452 ], [ 10.003965910435367, 53.497910961194812 ], [ 10.00397330742668, 53.497910746249545 ], [ 10.003980531401341, 53.497910227128443 ], [ 10.003987567923661, 53.497909430920082 ], [ 10.003994342267905, 53.497908385219326 ], [ 10.004000854858722, 53.497907108000817 ], [ 10.004007045830601, 53.497905617745694 ], [ 10.004012931105331, 53.497903950276459 ], [ 10.004018465677728, 53.49790211496034 ], [ 10.004023546163548, 53.497900202556572 ], [ 10.004135275707169, 53.49785065105192 ], [ 10.004219076461634, 53.497813487323754 ], [ 10.004223270406746, 53.497811060993236 ], [ 10.004227665809044, 53.497808228461544 ], [ 10.004231831300959, 53.497805236057864 ], [ 10.004235736949937, 53.497802093022919 ], [ 10.004239352823429, 53.497798808597153 ], [ 10.004239411839018, 53.497798754166887 ], [ 10.004242664061385, 53.497795391894655 ], [ 10.004245656228502, 53.49779187000383 ], [ 10.004248314464826, 53.497788252038767 ], [ 10.004250624122669, 53.497784556100648 ] ], [ [ 10.004162375810472, 53.497771301523684 ], [ 10.004161190613049, 53.497772183421191 ], [ 10.004159719038832, 53.497773067724552 ], [ 10.00395120928596, 53.497865546010296 ], [ 10.003948544217229, 53.497866323477588 ], [ 10.003945858343414, 53.497866858414454 ], [ 10.003942941711141, 53.497867197529779 ], [ 10.003939883906231, 53.49786730411477 ], [ 10.003936759441901, 53.497867141587271 ], [ 10.003933643468338, 53.497866700326931 ], [ 10.003930656990166, 53.497865997295662 ], [ 10.003927890654714, 53.497865040721152 ], [ 10.003925420885992, 53.497863874906876 ], [ 10.00392330924789, 53.497862553270231 ], [ 10.003921586946861, 53.497861120494612 ], [ 10.00392025525681, 53.49785963050364 ], [ 10.003919097218157, 53.497857833425584 ], [ 10.003879587457563, 53.497654382880235 ], [ 10.003879916287911, 53.497652348586961 ], [ 10.003880628722266, 53.497650598722331 ], [ 10.003881750022458, 53.497648926325446 ], [ 10.003883220960303, 53.497647376839119 ], [ 10.003885012452434, 53.49764599545297 ], [ 10.003887064421502, 53.497644791660576 ], [ 10.004025826695397, 53.49758324650513 ], [ 10.004091425586157, 53.497554146145866 ], [ 10.004095026177797, 53.497552767537208 ], [ 10.004097841947988, 53.497551988800559 ], [ 10.004100874464749, 53.497551450948151 ], [ 10.004104049003249, 53.497551181574899 ], [ 10.0041072451969, 53.497551190681072 ], [ 10.004110372399143, 53.497551470039049 ], [ 10.004113339963373, 53.497552011421313 ], [ 10.004116086538387, 53.497552770397817 ], [ 10.004118612124261, 53.49755374696862 ], [ 10.004120962362796, 53.497554958728458 ], [ 10.004123031110339, 53.497556379601782 ], [ 10.004124742580284, 53.497557992247131 ], [ 10.004126050068997, 53.497559734133354 ], [ 10.0041263046053, 53.497560298306951 ], [ 10.004130078999919, 53.497579674017899 ], [ 10.004137679726004, 53.497579151722029 ], [ 10.004144973778549, 53.497616691757514 ], [ 10.004137373258208, 53.497617223041232 ], [ 10.004166121159537, 53.497765202431133 ], [ 10.004165818659191, 53.49776643647612 ], [ 10.004165519976096, 53.497767194067926 ], [ 10.0041649879911, 53.497768286215575 ], [ 10.004164289359574, 53.497769343806979 ], [ 10.004163408796773, 53.497770357981395 ], [ 10.004162375810472, 53.497771301523684 ] ] ] } },
{ "type": "Feature", "properties": { "gebaeude_id": "DEHHALKA10007htD", "dachneig": 0.0, "dachfl_2d": 377.486, "dachfl_3d": 377.486, "area_m2": 377.5, "expo_klasse": "sonnig", "schatten": 0.02, "solar_eignung": "Eignung 2 (geeignet, hohe Einstrahlung)", "ertkwha_k": 2575.48, "pvarea_solar": 17.99, "schatten_klasse": "sonnig", "gruendach_eignung": "sehr gut geeignet" }, "geometry": { "type": "Polygon", "coordinates": [ [ [ 10.004024147536688, 53.497590020396487 ], [ 10.00395696700571, 53.497619817173032 ], [ 10.00389236737003, 53.497648468600019 ], [ 10.003891103411396, 53.497649207331136 ], [ 10.003889993149118, 53.497650070618434 ], [ 10.003889066091093, 53.497651031246875 ], [ 10.003888382102437, 53.497652070735477 ], [ 10.003887940333883, 53.497653153135104 ], [ 10.003887742271607, 53.497654341356842 ], [ 10.003927044874548, 53.497856678993998 ], [ 10.003927654994429, 53.497857617722694 ], [ 10.003928491201616, 53.497858554552359 ], [ 10.003929583004238, 53.497859462268018 ], [ 10.003930899195714, 53.497860296186332 ], [ 10.003932454211645, 53.497861029218939 ], [ 10.00393420198527, 53.497861625796268 ], [ 10.003936082014313, 53.49786207743756 ], [ 10.003938048232037, 53.4978623485733 ], [ 10.003940010415793, 53.497862448950471 ], [ 10.003941938632888, 53.497862387809484 ], [ 10.003943772805679, 53.497862174644077 ], [ 10.003945468353608, 53.497861836795927 ], [ 10.003946980483832, 53.497861392619384 ], [ 10.004076836843049, 53.497803805493902 ], [ 10.004154371259023, 53.497769409151658 ], [ 10.004155114476175, 53.497768962443082 ], [ 10.004156386285908, 53.497767918014574 ], [ 10.00415690001841, 53.497767329408639 ], [ 10.004157594615181, 53.497766101058751 ], [ 10.004157916435449, 53.497765046633013 ], [ 10.004119866213705, 53.497569179669092 ], [ 10.004041511431927, 53.49760393345651 ], [ 10.004024147536688, 53.497590020396487 ] ], [ [ 10.003977362781683, 53.497800991508775 ], [ 10.003977776530174, 53.49780063745947 ], [ 10.003978327629456, 53.497800354169058 ], [ 10.003978971286779, 53.497800159991939 ], [ 10.003979677357213, 53.497800055181436 ], [ 10.003980400835639, 53.497800049104519 ], [ 10.003981111577168, 53.497800142014377 ], [ 10.003981764152046, 53.497800325303679 ], [ 10.003982328415404, 53.497800599225492 ], [ 10.003982773797611, 53.497800946058462 ], [ 10.00398306951673, 53.497801339093954 ], [ 10.003983215148178, 53.497801760357326 ], [ 10.003983180334643, 53.497802201114546 ], [ 10.003982979087015, 53.497802616302522 ], [ 10.00398262626535, 53.497802996807309 ], [ 10.003982136305227, 53.497803315540487 ], [ 10.003981538926885, 53.497803554274249 ], [ 10.003980849202842, 53.497803712881947 ], [ 10.003980141858426, 53.497803763768744 ], [ 10.003979417318318, 53.497803724909197 ], [ 10.003978720375265, 53.497803577948922 ], [ 10.003978111956123, 53.497803349343364 ], [ 10.003977607133361, 53.497803038965955 ], [ 10.003977236476574, 53.497802664538092 ], [ 10.003977015695151, 53.497802252894978 ], [ 10.003976960286277, 53.497801821884664 ], [ 10.003977070674521, 53.497801389481751 ], [ 10.003977362781683, 53.497800991508775 ] ], [ [ 10.004078911382569, 53.49764212849562 ], [ 10.004079682623644, 53.49764222988577 ], [ 10.004080411195631, 53.497642439503281 ], [ 10.004081021311766, 53.497642740006711 ], [ 10.004081512547332, 53.497643113421354 ], [ 10.004081839472819, 53.497643551139852 ], [ 10.004081986166373, 53.497644017339589 ], [ 10.004081952203377, 53.497644494046057 ], [ 10.004081736946729, 53.497644954297243 ], [ 10.004081354831788, 53.497645371004779 ], [ 10.004080805221614, 53.497645717206687 ], [ 10.004080148193436, 53.497645983409242 ], [ 10.004079398395001, 53.497646151511283 ], [ 10.004078616115944, 53.497646221006327 ], [ 10.004077816004024, 53.497646173793129 ], [ 10.004077058561254, 53.497646018352569 ], [ 10.004076389004842, 53.497645754304806 ], [ 10.004075838328985, 53.497645417345765 ], [ 10.0040754216061, 53.497645007348808 ], [ 10.004075184690469, 53.497644550896055 ], [ 10.004075128219087, 53.497644074949271 ], [ 10.004075252828988, 53.497643606470476 ], [ 10.004075559157222, 53.497643172421469 ], [ 10.004076017271242, 53.497642782042789 ], [ 10.004076628020441, 53.497642471283562 ], [ 10.004077331327553, 53.497642249637664 ], [ 10.004078112544828, 53.497642135206192 ], [ 10.004078911382569, 53.49764212849562 ] ], [ [ 10.004082018827406, 53.49763901913807 ], [ 10.00408214343723, 53.497638550659204 ], [ 10.004082449552971, 53.49763810762289 ], [ 10.004082907879258, 53.497637726231474 ], [ 10.004083518628322, 53.497637415472248 ], [ 10.004084221935273, 53.497637193826293 ], [ 10.004085002940105, 53.497637070407471 ], [ 10.004085801777778, 53.497637063696857 ], [ 10.00408657323112, 53.497637174074264 ], [ 10.004087301590681, 53.497637374704475 ], [ 10.004087911706792, 53.49763767520782 ], [ 10.004088403154732, 53.497638057609748 ], [ 10.004088730080223, 53.497638495328211 ], [ 10.004088876773862, 53.49763896152799 ], [ 10.004088842810903, 53.497639438234373 ], [ 10.004088627342025, 53.497639889498309 ], [ 10.004088245227239, 53.497640306205874 ], [ 10.004087695829474, 53.497640661395103 ], [ 10.004087038801417, 53.497640927597715 ], [ 10.004086289003114, 53.497641095699791 ], [ 10.004085506511846, 53.497641156207578 ], [ 10.004084706400029, 53.497641108994422 ], [ 10.004083948957282, 53.497640953553912 ], [ 10.00408327961325, 53.497640698493477 ], [ 10.004082728937405, 53.49764036153443 ], [ 10.004082312214532, 53.497639951537529 ], [ 10.004082075298857, 53.497639495084762 ], [ 10.004082018827406, 53.49763901913807 ] ], [ [ 10.004089632338291, 53.497644141878681 ], [ 10.004089402009315, 53.4976446022565 ], [ 10.004089019894495, 53.49764501896405 ], [ 10.00408848535676, 53.497645365039389 ], [ 10.004087813256207, 53.497645631368606 ], [ 10.004087078742598, 53.497645808331377 ], [ 10.004086281178814, 53.497645868965797 ], [ 10.004085481066909, 53.497645821752641 ], [ 10.004084738696504, 53.497645666185505 ], [ 10.004084054067619, 53.497645402264396 ], [ 10.004083503391735, 53.497645065305385 ], [ 10.00408308666878, 53.497644655308463 ], [ 10.00408284975307, 53.497644198855717 ], [ 10.004082793281604, 53.497643722909004 ], [ 10.004082917891433, 53.497643254430194 ], [ 10.004083224219542, 53.497642820381131 ], [ 10.004083697405914, 53.497642429875789 ], [ 10.004084293082668, 53.49764211924321 ], [ 10.004085011462104, 53.497641897470594 ], [ 10.004085777606937, 53.497641783165683 ], [ 10.004086576444699, 53.497641776455062 ], [ 10.004087362758213, 53.497641877718543 ], [ 10.004088076257776, 53.497642087462673 ], [ 10.004088701446385, 53.497642387839392 ], [ 10.004089177609616, 53.497642761380632 ], [ 10.004089504535152, 53.497643199099151 ], [ 10.004089666301246, 53.497643665172262 ], [ 10.004089632338291, 53.497644141878681 ] ], [ [ 10.004078917324247, 53.497641741915338 ], [ 10.004078119760527, 53.497641802549687 ], [ 10.004077334721119, 53.497641755209884 ], [ 10.004076577278401, 53.497641599769295 ], [ 10.004075907934403, 53.497641344708832 ], [ 10.004075341973866, 53.497640998889089 ], [ 10.004074940323429, 53.497640588765535 ], [ 10.004074688335432, 53.497640132439386 ], [ 10.004074632076403, 53.497639665479916 ], [ 10.004074756473955, 53.497639188013807 ], [ 10.004075062802134, 53.497638753964807 ], [ 10.004075535988536, 53.497638363459522 ], [ 10.004076146737706, 53.497638052700346 ], [ 10.004076850044706, 53.497637831054391 ], [ 10.004077616189473, 53.497637716749537 ], [ 10.004078415027175, 53.497637710038951 ], [ 10.004079201340595, 53.497637811302511 ], [ 10.004079914840091, 53.49763802104669 ], [ 10.004080540028529, 53.497638321423473 ], [ 10.00408103126404, 53.497638694838152 ], [ 10.004081358189501, 53.497639132556614 ], [ 10.004081504883063, 53.497639598756372 ], [ 10.004081470920019, 53.49764007546279 ], [ 10.00408125566339, 53.497640535714005 ], [ 10.004080858476112, 53.497640952548153 ], [ 10.004080323938403, 53.497641298623485 ], [ 10.004079667122591, 53.497641573813297 ], [ 10.004078917324247, 53.497641741915338 ] ], [ [ 10.00406001718366, 53.497646395221992 ], [ 10.004058979098243, 53.497646484843884 ], [ 10.004057937403065, 53.497646421681793 ], [ 10.004056937527718, 53.497646214343114 ], [ 10.004056055258925, 53.497645880169429 ], [ 10.004055320953897, 53.497645427894824 ], [ 10.004054795751632, 53.497644892961951 ], [ 10.00405448007672, 53.497644293345488 ], [ 10.004054390063363, 53.497643673855286 ], [ 10.004054556280973, 53.497643052212624 ], [ 10.004054964931228, 53.497642482468017 ], [ 10.004055571009125, 53.497641973988429 ], [ 10.00405637536408, 53.497641562723189 ], [ 10.004057303271098, 53.497641276267153 ], [ 10.004058309725183, 53.497641123987421 ], [ 10.004059364793919, 53.497641115124566 ], [ 10.004060393115283, 53.497641250311652 ], [ 10.004061334187279, 53.497641521067791 ], [ 10.004062142367978, 53.497641909798254 ], [ 10.004062787300262, 53.497642407768971 ], [ 10.004063207845112, 53.497642979537218 ], [ 10.004063403153127, 53.497643589153874 ], [ 10.004063357727267, 53.497644218770901 ], [ 10.004063085365887, 53.497644814337967 ], [ 10.004062570784154, 53.497645366994348 ], [ 10.00406185792535, 53.497645822436425 ], [ 10.004060992006663, 53.49764618028442 ], [ 10.00406001718366, 53.497646395221992 ] ], [ [ 10.004095424075365, 53.497725291563427 ], [ 10.004085911883127, 53.497725946771737 ], [ 10.004084264050633, 53.497717456946901 ], [ 10.004093776240998, 53.497716801738733 ], [ 10.004095424075365, 53.497725291563427 ] ], [ [ 10.004063458178383, 53.4976873924671 ], [ 10.004042236420096, 53.497688856172353 ], [ 10.004039850665926, 53.497676570165702 ], [ 10.004061072205817, 53.497675097473575 ], [ 10.004063458178383, 53.4976873924671 ] ], [ [ 10.004027414596973, 53.49775255143296 ], [ 10.004024616357098, 53.497738120501474 ], [ 10.00404881802554, 53.497736442997088 ], [ 10.004051616273509, 53.497750873927977 ], [ 10.004027414596973, 53.49775255143296 ] ], [ [ 10.004123887911577, 53.497762995344388 ], [ 10.004115790398501, 53.497763548779822 ], [ 10.004112885661963, 53.497763752963266 ], [ 10.004109980713002, 53.497763948159267 ], [ 10.004103311039428, 53.497763042357569 ], [ 10.004103191941907, 53.497762468057125 ], [ 10.004079652387221, 53.497764095065023 ], [ 10.004079567257108, 53.497763682282574 ], [ 10.00407944582412, 53.497763009121861 ], [ 10.004079087046152, 53.497761223309325 ], [ 10.004078914237825, 53.497760289896917 ], [ 10.004078743552988, 53.497759446357456 ], [ 10.004078622120025, 53.497758773196729 ], [ 10.004078536989933, 53.497758360414274 ], [ 10.00410209161396, 53.497756733280013 ], [ 10.004101972516473, 53.497756158979527 ], [ 10.004108111025596, 53.497754363531087 ], [ 10.004111015973869, 53.497754168335064 ], [ 10.004113920709807, 53.497753964151727 ], [ 10.00411676536824, 53.497753769462044 ], [ 10.004119489447039, 53.497753575785268 ], [ 10.004122033081156, 53.497753401602473 ], [ 10.004124335980743, 53.4977532474201 ], [ 10.004126352716085, 53.497753104630839 ], [ 10.004128053567058, 53.497752991462427 ], [ 10.004129923258892, 53.497762576090324 ], [ 10.004128207335114, 53.497762689385354 ], [ 10.004123887911577, 53.497762995344388 ] ] ] } },
{ "type": "Feature", "properties": { "gebaeude_id": "DEHHALKA10007htD", "dachneig": 0.0, "dachfl_2d": 106.855, "dachfl_3d": 106.855, "area_m2": 106.9, "expo_klasse": "sonnig", "schatten": 0.02, "solar_eignung": "Eignung 1 (geeignet, sehr hohe Einstrahlung)", "ertkwha_k": 10919.58, "pvarea_solar": 85.74, "schatten_klasse": "sonnig", "gruendach_eignung": "sehr gut geeignet" }, "geometry": { "type": "Polygon", "coordinates": [ [ [ 10.004514007366664, 53.498415317775986 ], [ 10.004473472005996, 53.49848114385312 ], [ 10.004659185999843, 53.498521804726636 ], [ 10.004662395014805, 53.498522353055058 ], [ 10.004665645211027, 53.498522730244837 ], [ 10.004668966521402, 53.498522927055227 ], [ 10.004672328800483, 53.498522943739644 ], [ 10.004675671757294, 53.498522780804876 ], [ 10.004678980319095, 53.498522438377528 ], [ 10.004682209480201, 53.498521925825017 ], [ 10.004685314022366, 53.498521243527435 ], [ 10.004687784872804, 53.498520539588995 ], [ 10.004690634865065, 53.498519293119074 ], [ 10.004693745542134, 53.498517595004017 ], [ 10.004696266045663, 53.49851580296977 ], [ 10.00469799088218, 53.498514152459613 ], [ 10.004699464355982, 53.498512072586578 ], [ 10.004700303288214, 53.498509935123629 ], [ 10.004700582830067, 53.498507730450108 ], [ 10.004700364972322, 53.498505529957491 ], [ 10.00469959366041, 53.498502875674021 ], [ 10.004698163571067, 53.498498501025125 ], [ 10.0046967621401, 53.498494063211815 ], [ 10.004695375569677, 53.498489616284473 ], [ 10.00469403421765, 53.498485168977034 ], [ 10.004692723011324, 53.498480721416222 ], [ 10.004691441738229, 53.498476264614681 ], [ 10.00469020547103, 53.498471798445749 ], [ 10.004689014422164, 53.498467331896727 ], [ 10.004687853518984, 53.498462865094304 ], [ 10.004686752694338, 53.498458388797864 ], [ 10.004686217248576, 53.498456146029241 ], [ 10.004685696875573, 53.498453903133964 ], [ 10.004685445712783, 53.498452844533986 ], [ 10.004514007366664, 53.498415317775986 ] ], [ [ 10.004523722329123, 53.498445556287464 ], [ 10.004527308258064, 53.498439728196388 ], [ 10.004536491809148, 53.498441745471375 ], [ 10.004532890808592, 53.49844757368939 ], [ 10.004523722329123, 53.498445556287464 ] ], [ [ 10.004573180351075, 53.498459999572248 ], [ 10.004567891510517, 53.498458839485821 ], [ 10.004566990995633, 53.498460285306457 ], [ 10.004558140950556, 53.498458346132608 ], [ 10.004561218876971, 53.498453349304995 ], [ 10.004563249453321, 53.498453790682134 ], [ 10.004567793633523, 53.49844640841507 ], [ 10.004586236106663, 53.498450442324703 ], [ 10.004581691929252, 53.498457824592464 ], [ 10.004583859010165, 53.498458300778282 ], [ 10.004580781298509, 53.498463306593756 ], [ 10.004572279836335, 53.49846144539292 ], [ 10.004573180351075, 53.498459999572248 ] ] ] } },
{ "type": "Feature", "properties": { "gebaeude_id": "DEHHALKA10007htD", "dachneig": 0.0, "dachfl_2d": 36.868, "dachfl_3d": 36.868, "area_m2": 36.9, "expo_klasse": "sonnig", "schatten": 0.03, "solar_eignung": "Eignung 1 (geeignet, sehr hohe Einstrahlung)", "ertkwha_k": 26720.53, "pvarea_solar": 191.73, "schatten_klasse": "sonnig", "gruendach_eignung": "sehr gut geeignet" }, "geometry": { "type": "Polygon", "coordinates": [ [ [ 10.004694377366835, 53.498448670440119 ], [ 10.004693427906261, 53.498444219838639 ], [ 10.004692538949159, 53.49843977771765 ], [ 10.004691676950408, 53.498435200533855 ], [ 10.004510539896824, 53.498395543980102 ], [ 10.004484259726134, 53.498408798996593 ], [ 10.004504823822394, 53.498413300499237 ], [ 10.004503821833843, 53.498414917964631 ], [ 10.004464680329765, 53.498478485055649 ], [ 10.004460905454017, 53.498484611372142 ], [ 10.004656151398819, 53.49852735851529 ], [ 10.004660117237371, 53.498528035318714 ], [ 10.004664213843682, 53.498528504274134 ], [ 10.004668425932477, 53.498528756520869 ], [ 10.004672677927569, 53.49852878370509 ], [ 10.004676909325582, 53.498528577346306 ], [ 10.004681105266185, 53.498528146558492 ], [ 10.004685175312938, 53.498527492101815 ], [ 10.004689104605621, 53.498526623090228 ], [ 10.004692833703123, 53.498525575979727 ], [ 10.004696862329135, 53.498523807225219 ], [ 10.004700836174994, 53.498521634422609 ], [ 10.004704201799671, 53.498519242005415 ], [ 10.004706708066518, 53.498516847822465 ], [ 10.004708793983275, 53.498513890860849 ], [ 10.004710002919966, 53.498510824412826 ], [ 10.004710383069591, 53.498507773920345 ], [ 10.004710103207046, 53.498504863811817 ], [ 10.004709217036266, 53.498501814974496 ], [ 10.00470778609607, 53.4984974043766 ], [ 10.004706370228858, 53.498492993651958 ], [ 10.004704999367608, 53.498488573559925 ], [ 10.004703658439572, 53.49848414422717 ], [ 10.004702362942428, 53.498479723501639 ], [ 10.004701097378488, 53.498475293535357 ], [ 10.004699861960228, 53.498470863315717 ], [ 10.004698686833015, 53.498466432589282 ], [ 10.00469754163896, 53.498461992622126 ], [ 10.004696441663263, 53.4984575522749 ], [ 10.004695906641976, 53.498455327480912 ], [ 10.004695386905912, 53.498453111547583 ], [ 10.004694377366835, 53.498448670440119 ] ], [ [ 10.004598496955371, 53.498425115926594 ], [ 10.004601073121892, 53.498425678564615 ], [ 10.004605530043335, 53.498418431865574 ], [ 10.004632276957141, 53.498424283677075 ], [ 10.004627804966965, 53.498431530503801 ], [ 10.004629562747319, 53.498431911249114 ], [ 10.004626296109269, 53.498437215293229 ], [ 10.004617855366101, 53.498435371563481 ], [ 10.004618639334002, 53.498434097514462 ], [ 10.004604803607506, 53.498431067624274 ], [ 10.004604019639217, 53.498432341673208 ], [ 10.004595245386662, 53.498430419843203 ], [ 10.004598496955371, 53.498425115926594 ] ], [ [ 10.004632699791124, 53.498432604008492 ], [ 10.004635275958545, 53.498433166645789 ], [ 10.004639732874894, 53.498425919945511 ], [ 10.004666464725373, 53.498431771876014 ], [ 10.00466200781298, 53.498439018577244 ], [ 10.004663765593918, 53.498439399322052 ], [ 10.004660498959625, 53.498444703367085 ], [ 10.004652058213459, 53.498442859639781 ], [ 10.004652827107799, 53.498441585717238 ], [ 10.004638991376446, 53.498438555831029 ], [ 10.004638222481743, 53.498439829753465 ], [ 10.004629433153458, 53.498437908052679 ], [ 10.004632699791124, 53.498432604008492 ] ], [ [ 10.004561269924118, 53.498422983774113 ], [ 10.004549449707161, 53.498420395381302 ], [ 10.004550233676849, 53.498419121332752 ], [ 10.004536397960033, 53.498416091434578 ], [ 10.004535613989942, 53.498417365483057 ], [ 10.004526839743516, 53.498415443648 ], [ 10.004530106392334, 53.498410139606548 ], [ 10.004532667484391, 53.498410702372773 ], [ 10.004537124415995, 53.498403455676197 ], [ 10.004563871311126, 53.498409307503117 ], [ 10.004559399310835, 53.498416554327285 ], [ 10.004561157089926, 53.498416935073628 ], [ 10.004557890444483, 53.498422239115961 ], [ 10.004561269924118, 53.498422983774113 ] ], [ [ 10.004564536569193, 53.49841767973173 ], [ 10.004567097662122, 53.498418242497181 ], [ 10.00457155437616, 53.49841098681209 ], [ 10.004598301493171, 53.498416847618557 ], [ 10.004593829497953, 53.49842409444399 ], [ 10.00459558727767, 53.498424475189815 ], [ 10.00459232063597, 53.498429779233021 ], [ 10.004583879683215, 53.498427926513578 ], [ 10.004584663864501, 53.498426661452108 ], [ 10.004570828142777, 53.498423631557934 ], [ 10.004570044173628, 53.498424905606633 ], [ 10.004561269924118, 53.498422983774113 ], [ 10.004564536569193, 53.49841767973173 ] ], [ [ 10.0046967621401, 53.498494063211815 ], [ 10.004698163571067, 53.498498501025125 ], [ 10.00469959366041, 53.498502875674021 ], [ 10.004700364972322, 53.498505529957491 ], [ 10.004700582830067, 53.498507730450108 ], [ 10.004700303288214, 53.498509935123629 ], [ 10.004699464355982, 53.498512072586578 ], [ 10.00469799088218, 53.498514152459613 ], [ 10.004696266045663, 53.49851580296977 ], [ 10.004693745542134, 53.498517595004017 ], [ 10.004690634865065, 53.498519293119074 ], [ 10.004687784872804, 53.498520539588995 ], [ 10.004685314022366, 53.498521243527435 ], [ 10.004682209480201, 53.498521925825017 ], [ 10.004678980319095, 53.498522438377528 ], [ 10.004675671757294, 53.498522780804876 ], [ 10.004672328800483, 53.498522943739644 ], [ 10.004668966521402, 53.498522927055227 ], [ 10.004665645211027, 53.498522730244837 ], [ 10.004662395014805, 53.498522353055058 ], [ 10.004659185999843, 53.498521804726636 ], [ 10.004473472005996, 53.49848114385312 ], [ 10.004514007366664, 53.498415317775986 ], [ 10.004685445712783, 53.498452844533986 ], [ 10.004685696875573, 53.498453903133964 ], [ 10.004686217248576, 53.498456146029241 ], [ 10.004686752694338, 53.498458388797864 ], [ 10.004687853518984, 53.498462865094304 ], [ 10.004689014422164, 53.498467331896727 ], [ 10.00469020547103, 53.498471798445749 ], [ 10.004691441738229, 53.498476264614681 ], [ 10.004692723011324, 53.498480721416222 ], [ 10.00469403421765, 53.498485168977034 ], [ 10.004695375569677, 53.498489616284473 ], [ 10.0046967621401, 53.498494063211815 ] ] ] } },
{ "type": "Feature", "properties": { "gebaeude_id": "DEHHALKA10007htD", "dachneig": 13.617, "dachfl_2d": 80.044, "dachfl_3d": 82.364, "area_m2": 80.0, "expo_klasse": "sonnig", "schatten": 0.03, "solar_eignung": "Eignung 6 (geringe Einstrahlung / weniger geeignet / vor Ort zu prüfen)", "ertkwha_k": 747.03, "pvarea_solar": 6.32, "schatten_klasse": "sonnig", "gruendach_eignung": "sehr gut geeignet" }, "geometry": { "type": "Polygon", "coordinates": [ [ [ 10.004688531606471, 53.498413113842439 ], [ 10.004688125188792, 53.498408676654513 ], [ 10.004687809419751, 53.498404247693671 ], [ 10.004687599584464, 53.498399835820592 ], [ 10.004687495470447, 53.498395432047928 ], [ 10.004687497077672, 53.498391036375736 ], [ 10.004687604831028, 53.498386666778558 ], [ 10.00468776229086, 53.498383761983121 ], [ 10.004688039243183, 53.498379534788945 ], [ 10.004688301335266, 53.498375316708767 ], [ 10.004688578287492, 53.498371089514642 ], [ 10.004688840166988, 53.498366862447163 ], [ 10.004689117331568, 53.498362644240267 ], [ 10.00468937921101, 53.498358417172817 ], [ 10.004689656163055, 53.498354189978642 ], [ 10.00468991825484, 53.498349971898442 ], [ 10.004689588701584, 53.498346235212381 ], [ 10.004688142921928, 53.498342471952427 ], [ 10.004685554595392, 53.49833884414317 ], [ 10.004681933267872, 53.498335521656216 ], [ 10.004677463423464, 53.498332655755078 ], [ 10.004672388136891, 53.498330325298269 ], [ 10.004664466682295, 53.498328764857519 ], [ 10.004656735249048, 53.498328227573886 ], [ 10.00464851790448, 53.498328818008503 ], [ 10.004640974604669, 53.498330499444606 ], [ 10.004633877134717, 53.498333183909665 ], [ 10.004627816714839, 53.49833637203534 ], [ 10.004510539896824, 53.498395543980102 ], [ 10.004691676950408, 53.498435200533855 ], [ 10.004690926622589, 53.49843088309467 ], [ 10.00469021832579, 53.498426430466019 ], [ 10.004689585605057, 53.498421986191218 ], [ 10.004689013387656, 53.498417550396915 ], [ 10.004688531606471, 53.498413113842439 ] ] ] } },
{ "type": "Feature", "properties": { "gebaeude_id": "DEHHALKA10007htD", "dachneig": 0.0, "dachfl_2d": 112.762, "dachfl_3d": 112.762, "area_m2": 112.8, "expo_klasse": "sonnig", "schatten": 0.03, "solar_eignung": "Eignung 1 (geeignet, sehr hohe Einstrahlung)", "ertkwha_k": 26720.53, "pvarea_solar": 191.73, "schatten_klasse": "sonnig", "gruendach_eignung": "sehr gut geeignet" }, "geometry": { "type": "Polygon", "coordinates": [ [ [ 10.004525763735224, 53.498771078542056 ], [ 10.004522007037416, 53.498773510196969 ], [ 10.004518533132572, 53.498777063109671 ], [ 10.004516482019964, 53.4987808557593 ], [ 10.004515822067255, 53.498784825488215 ], [ 10.004516642224534, 53.498788908625372 ], [ 10.004518919559041, 53.498792772767665 ], [ 10.004522421817866, 53.498796159183591 ], [ 10.004527209929812, 53.498799094328362 ], [ 10.004531592541491, 53.498800819355417 ], [ 10.004725733533826, 53.498843314991419 ], [ 10.004731320256919, 53.498843681528314 ], [ 10.004737087202596, 53.498843381358334 ], [ 10.004742596620883, 53.498842391193968 ], [ 10.004747833651251, 53.498840720149182 ], [ 10.004752590673727, 53.498838513794524 ], [ 10.004756432913535, 53.49883587466455 ], [ 10.004759317489697, 53.498832901999698 ], [ 10.00476106544088, 53.498829678206079 ], [ 10.004761632398836, 53.498826239612981 ], [ 10.004761110075753, 53.498822639383945 ], [ 10.004759461526387, 53.49881859017912 ], [ 10.004757832923213, 53.498814109330901 ], [ 10.004756295394804, 53.498809654684329 ], [ 10.00475481815799, 53.498805199530942 ], [ 10.00475343114595, 53.498800734630017 ], [ 10.004752104212962, 53.498796260234933 ], [ 10.00475083757148, 53.498791785333076 ], [ 10.004749646081896, 53.498787300810378 ], [ 10.004748514883806, 53.498782815780899 ], [ 10.004747458837501, 53.498778321130573 ], [ 10.00474639514171, 53.498773502937752 ], [ 10.004590587482017, 53.498739098940959 ], [ 10.004525763735224, 53.498771078542056 ] ], [ [ 10.004585655170184, 53.498767689701921 ], [ 10.004589037746504, 53.498762186925219 ], [ 10.004597918214515, 53.498764134830338 ], [ 10.004594535639196, 53.498769637607296 ], [ 10.004585655170184, 53.498767689701921 ] ], [ [ 10.004629646770303, 53.498779185544372 ], [ 10.004628746888283, 53.498780658327277 ], [ 10.004620002920589, 53.498778745233473 ], [ 10.004623254724756, 53.498773450303688 ], [ 10.00462536110607, 53.498773909020827 ], [ 10.004629803623693, 53.498766689409713 ], [ 10.004648382747162, 53.498770758117836 ], [ 10.004643940019816, 53.49877796874236 ], [ 10.004645895036006, 53.49877840176417 ], [ 10.004642628161497, 53.498783696821228 ], [ 10.004633838761693, 53.498781775121216 ], [ 10.004634753716346, 53.498780302211586 ], [ 10.004629646770303, 53.498779185544372 ] ] ] } },
{ "type": "Feature", "properties": { "gebaeude_id": "DEHHALKA10007htD", "dachneig": 0.0, "dachfl_2d": 34.366, "dachfl_3d": 34.366, "area_m2": 34.4, "expo_klasse": "sonnig", "schatten": 0.03, "solar_eignung": "Eignung 1 (geeignet, sehr hohe Einstrahlung)", "ertkwha_k": 26720.53, "pvarea_solar": 191.73, "schatten_klasse": "sonnig", "gruendach_eignung": "sehr gut geeignet" }, "geometry": { "type": "Polygon", "coordinates": [ [ [ 10.004609206333239, 53.498723166625965 ], [ 10.004519764692411, 53.498767299611742 ], [ 10.00451495333359, 53.498770396332354 ], [ 10.004510522639581, 53.498774928105945 ], [ 10.004507893894537, 53.498779795309879 ], [ 10.004507064337314, 53.498784881109565 ], [ 10.00450810720818, 53.498790094998718 ], [ 10.00451101294783, 53.498795032549239 ], [ 10.004515517458557, 53.498799363384656 ], [ 10.004521621590387, 53.498803123453854 ], [ 10.004527632502741, 53.498805490999395 ], [ 10.004723728532813, 53.498848419662181 ], [ 10.004731232694091, 53.498848904917793 ], [ 10.004738731316655, 53.498848518279019 ], [ 10.004745952026532, 53.498847217090102 ], [ 10.004752595491544, 53.498845093758007 ], [ 10.004758605032531, 53.498842301573582 ], [ 10.004763545024636, 53.498838907122312 ], [ 10.004767327580945, 53.498835019012105 ], [ 10.004769638722168, 53.4988307477512 ], [ 10.004770392261708, 53.498826273845864 ], [ 10.004769728530423, 53.498821793876083 ], [ 10.004767951960284, 53.498817431129808 ], [ 10.004766355414349, 53.498813030913922 ], [ 10.004764834232912, 53.498808630064495 ], [ 10.004763388203367, 53.498804219594277 ], [ 10.004762002465426, 53.498799808617164 ], [ 10.004760691666855, 53.498795379031968 ], [ 10.004759441159848, 53.498790948939948 ], [ 10.004758265804606, 53.498786509227067 ], [ 10.004757150740948, 53.498782069007433 ], [ 10.004756095756226, 53.498777619293634 ], [ 10.004755100850499, 53.498773160085726 ], [ 10.004754181309034, 53.498768700244341 ], [ 10.004753321846451, 53.498764230908826 ], [ 10.004752507814981, 53.498759770180456 ], [ 10.004751768722713, 53.498755290844009 ], [ 10.004751625615947, 53.498754339204844 ], [ 10.004609206333239, 53.498723166625965 ] ], [ [ 10.004689076314444, 53.498758172955448 ], [ 10.00468063550462, 53.498756329230531 ], [ 10.00468141947643, 53.498755055181164 ], [ 10.004667583640742, 53.498752025298899 ], [ 10.004666799668557, 53.498753299348159 ], [ 10.004658025346764, 53.498751377523185 ], [ 10.004661292004442, 53.498746073478387 ], [ 10.004663853118517, 53.498746636241648 ], [ 10.004668325134949, 53.498739389413892 ], [ 10.004695057187018, 53.498745241336735 ], [ 10.004690600247345, 53.498752488038804 ], [ 10.004692342968745, 53.498752868909797 ], [ 10.004689076314444, 53.498758172955448 ] ], [ [ 10.004694767578433, 53.498753396863478 ], [ 10.004697343766161, 53.498753959499354 ], [ 10.004701800704845, 53.498746712797015 ], [ 10.004728532766048, 53.498752564712348 ], [ 10.004724076043823, 53.498759820402952 ], [ 10.004725818765818, 53.498760201273463 ], [ 10.004722567187947, 53.498765505193298 ], [ 10.004714111089978, 53.498763652610158 ], [ 10.004714895273441, 53.498762387547842 ], [ 10.004701059433009, 53.498759357669478 ], [ 10.004700275249187, 53.498760622731659 ], [ 10.004691500924396, 53.498758700909207 ], [ 10.004694767578433, 53.498753396863478 ] ], [ [ 10.004646447472091, 53.498748841037262 ], [ 10.004647231657309, 53.498747575975429 ], [ 10.004633395826392, 53.498744546089185 ], [ 10.004632611640861, 53.498745811150961 ], [ 10.004623837322132, 53.498743889323464 ], [ 10.004627103983525, 53.498738585279575 ], [ 10.004629680169476, 53.498739147916879 ], [ 10.004634137118211, 53.498731901217049 ], [ 10.004660869160945, 53.498737753147573 ], [ 10.004656412216184, 53.498744999848412 ], [ 10.004658170222235, 53.498745389580527 ], [ 10.004654903564219, 53.498750693625247 ], [ 10.004646447472091, 53.498748841037262 ] ], [ [ 10.004747458837501, 53.498778321130573 ], [ 10.004748514883806, 53.498782815780899 ], [ 10.004749646081896, 53.498787300810378 ], [ 10.00475083757148, 53.498791785333076 ], [ 10.004752104212962, 53.498796260234933 ], [ 10.00475343114595, 53.498800734630017 ], [ 10.00475481815799, 53.498805199530942 ], [ 10.004756295394804, 53.498809654684329 ], [ 10.004757832923213, 53.498814109330901 ], [ 10.004759461526387, 53.49881859017912 ], [ 10.004761110075753, 53.498822639383945 ], [ 10.004761632398836, 53.498826239612981 ], [ 10.00476106544088, 53.498829678206079 ], [ 10.004759317489697, 53.498832901999698 ], [ 10.004756432913535, 53.49883587466455 ], [ 10.004752590673727, 53.498838513794524 ], [ 10.004747833651251, 53.498840720149182 ], [ 10.004742596620883, 53.498842391193968 ], [ 10.004737087202596, 53.498843381358334 ], [ 10.004731320256919, 53.498843681528314 ], [ 10.004725733533826, 53.498843314991419 ], [ 10.004531592541491, 53.498800819355417 ], [ 10.004527209929812, 53.498799094328362 ], [ 10.004522421817866, 53.498796159183591 ], [ 10.004518919559041, 53.498792772767665 ], [ 10.004516642224534, 53.498788908625372 ], [ 10.004515822067255, 53.498784825488215 ], [ 10.004516482019964, 53.4987808557593 ], [ 10.004518533132572, 53.498777063109671 ], [ 10.004522007037416, 53.498773510196969 ], [ 10.004525763735224, 53.498771078542056 ], [ 10.004590587482017, 53.498739098940959 ], [ 10.00474639514171, 53.498773502937752 ], [ 10.004747458837501, 53.498778321130573 ] ] ] } },
{ "type": "Feature", "properties": { "gebaeude_id": "DEHHALKA10007htD", "dachneig": 19.013, "dachfl_2d": 46.222, "dachfl_3d": 48.897, "area_m2": 46.2, "expo_klasse": "sonnig", "schatten": 0.03, "solar_eignung": "Eignung 2 (geeignet, hohe Einstrahlung)", "ertkwha_k": 18408.27, "pvarea_solar": 133.19, "schatten_klasse": "sonnig", "gruendach_eignung": "sehr gut geeignet" }, "geometry": { "type": "Polygon", "coordinates": [ [ [ 10.004749427365045, 53.498737242481319 ], [ 10.004749024549854, 53.498732958077831 ], [ 10.004748697311221, 53.498728682028059 ], [ 10.004748415291012, 53.498724405598232 ], [ 10.004748208634831, 53.498720128534885 ], [ 10.00474804719707, 53.498715851091426 ], [ 10.004747961123295, 53.498711573014454 ], [ 10.004747935340639, 53.498707294430687 ], [ 10.00474797006166, 53.498703024327419 ], [ 10.0047480648613, 53.498698744730056 ], [ 10.004748171787236, 53.498695615632499 ], [ 10.004747445247874, 53.498692304770458 ], [ 10.004745663614127, 53.498689002777411 ], [ 10.004742860431595, 53.498685853196626 ], [ 10.004739115314184, 53.498683035140296 ], [ 10.004734641830771, 53.49868065468204 ], [ 10.004729698555868, 53.498678808528126 ], [ 10.004723836068441, 53.498677617314186 ], [ 10.004718062969303, 53.498677018627681 ], [ 10.004711686972975, 53.498677063233039 ], [ 10.004705764660857, 53.498677805172534 ], [ 10.004700292845378, 53.498679109636967 ], [ 10.004695239043576, 53.498680878019478 ], [ 10.004690585845236, 53.498683011586664 ], [ 10.004609206333239, 53.498723166625965 ], [ 10.004751625615947, 53.498754339204844 ], [ 10.004750981848034, 53.498750065815841 ], [ 10.004750398371476, 53.49874579192003 ], [ 10.004749875186215, 53.498741517517445 ], [ 10.004749427365045, 53.498737242481319 ] ] ] } },
{ "type": "Feature", "properties": { "gebaeude_id": "DEHHALKA10007htD", "dachneig": 0.0, "dachfl_2d": 115.377, "dachfl_3d": 115.377, "area_m2": 115.4, "expo_klasse": "sonnig", "schatten": 0.05, "solar_eignung": "Eignung 1 (geeignet, sehr hohe Einstrahlung)", "ertkwha_k": 21877.45, "pvarea_solar": 157.82, "schatten_klasse": "sonnig", "gruendach_eignung": "sehr gut geeignet" }, "geometry": { "type": "Polygon", "coordinates": [ [ [ 10.004629430107107, 53.498170581912142 ], [ 10.004633737020391, 53.498169107460107 ], [ 10.004637166110973, 53.498167487571777 ], [ 10.004640166582222, 53.498165592624552 ], [ 10.004643003791742, 53.498163168693878 ], [ 10.00464495363018, 53.498160833123293 ], [ 10.004646384413872, 53.498158223254038 ], [ 10.004647175986999, 53.498155358074136 ], [ 10.004647268921811, 53.498152912263919 ], [ 10.004646657256799, 53.498149995954869 ], [ 10.004644871604714, 53.498145884977028 ], [ 10.004643166402582, 53.498141350836235 ], [ 10.004641687502035, 53.498136823782438 ], [ 10.004640374612706, 53.498132304322354 ], [ 10.00463921244941, 53.498127783595429 ], [ 10.004638171291962, 53.498123279829535 ], [ 10.004637220357756, 53.498118766316253 ], [ 10.004636375356707, 53.498114269890735 ], [ 10.004635605718713, 53.498109772831768 ], [ 10.004634878324069, 53.498105149570641 ], [ 10.004634518020069, 53.498102662624547 ], [ 10.004446184313702, 53.498061430452537 ], [ 10.004405518410463, 53.498127464357054 ], [ 10.0046071577089, 53.498171614082601 ], [ 10.004611920873849, 53.498172221262628 ], [ 10.004616025294233, 53.498172384525269 ], [ 10.004620889281197, 53.498172154873295 ], [ 10.004625367104852, 53.49817153294746 ], [ 10.004629430107107, 53.498170581912142 ] ], [ [ 10.004474376828291, 53.498090821533459 ], [ 10.004483651161578, 53.498092856027597 ], [ 10.0044802537636, 53.498098367915702 ], [ 10.004470979429277, 53.498096333421309 ], [ 10.004474376828291, 53.498090821533459 ] ], [ [ 10.004501734560959, 53.498114232897656 ], [ 10.00450481246963, 53.498109236071343 ], [ 10.004506843028915, 53.498109677449541 ], [ 10.004511387182921, 53.498102295184317 ], [ 10.004529829713499, 53.498106338090885 ], [ 10.004525285349841, 53.498113711369513 ], [ 10.004527467485088, 53.498114187429792 ], [ 10.004524389791181, 53.498119193244001 ], [ 10.004515888400462, 53.498117332038724 ], [ 10.004516773837423, 53.49811588634509 ], [ 10.004511485041347, 53.498114726255913 ], [ 10.004510599604229, 53.498116171949505 ], [ 10.004501734560959, 53.498114232897656 ] ] ] } },
{ "type": "Feature", "properties": { "gebaeude_id": "DEHHALKA10007htD", "dachneig": 0.0, "dachfl_2d": 37.53, "dachfl_3d": 37.53, "area_m2": 37.5, "expo_klasse": "sonnig", "schatten": 0.06, "solar_eignung": "Eignung 1 (geeignet, sehr hohe Einstrahlung)", "ertkwha_k": 614168.36, "pvarea_solar": 4417.59, "schatten_klasse": "sonnig", "gruendach_eignung": "sehr gut geeignet" }, "geometry": { "type": "Polygon", "coordinates": [ [ [ 10.00440708703476, 53.498052868801267 ], [ 10.004420013385003, 53.498055699606915 ], [ 10.004438228523902, 53.498059690503901 ], [ 10.004398172505146, 53.498124739471393 ], [ 10.004394659610798, 53.498130468065334 ], [ 10.004604800105726, 53.49817647002137 ], [ 10.004610757830719, 53.498177228964813 ], [ 10.004616069334165, 53.498177436016555 ], [ 10.004622183497535, 53.498177159900678 ], [ 10.004627878377779, 53.498176365942086 ], [ 10.004633110881585, 53.498175144393741 ], [ 10.004638509383687, 53.498173292214574 ], [ 10.004642892497214, 53.498171214853571 ], [ 10.004646739783341, 53.498168791422117 ], [ 10.004650316174571, 53.498165750021066 ], [ 10.004652807976028, 53.498162744703379 ], [ 10.004654614074079, 53.498159430531324 ], [ 10.004655629385681, 53.498155826366464 ], [ 10.004655735255232, 53.498152652332301 ], [ 10.00465498664885, 53.49814904501536 ], [ 10.004653089963714, 53.498144701254823 ], [ 10.004651448450579, 53.498140310404118 ], [ 10.004650002668892, 53.498135908919139 ], [ 10.004648737333577, 53.49813148793929 ], [ 10.004647592366682, 53.498127056958644 ], [ 10.00464656776823, 53.498122615977188 ], [ 10.004645633605417, 53.498118174235614 ], [ 10.004644789878302, 53.498113731733895 ], [ 10.004644021301759, 53.498109279611491 ], [ 10.004643310041144, 53.498104701160187 ], [ 10.004642680092598, 53.498100373719623 ], [ 10.004642107459924, 53.498095919950202 ], [ 10.004641565184984, 53.498091474914709 ], [ 10.004641082987943, 53.498087020385171 ], [ 10.004640865560649, 53.498084837866841 ], [ 10.004445303659267, 53.498042030434952 ], [ 10.00440708703476, 53.498052868801267 ] ], [ [ 10.004545600069882, 53.498080883322139 ], [ 10.004546368961043, 53.498079609400236 ], [ 10.004532533355304, 53.498076579500932 ], [ 10.00453176446381, 53.498077853422799 ], [ 10.004522975215274, 53.498075931713693 ], [ 10.004525994952907, 53.498071025266427 ], [ 10.004526241839029, 53.498070627672156 ], [ 10.004528817983063, 53.498071190311883 ], [ 10.004533274880469, 53.498063943615207 ], [ 10.004560006488237, 53.498069795570984 ], [ 10.004555549594802, 53.498077042268626 ], [ 10.004557307359789, 53.49807742301509 ], [ 10.004554040739412, 53.498082727057465 ], [ 10.004545600069882, 53.498080883322139 ] ], [ [ 10.004560444376226, 53.498078115776494 ], [ 10.004563020521161, 53.498078678415524 ], [ 10.004567477413486, 53.498071431717598 ], [ 10.004594209030587, 53.498077283665658 ], [ 10.00459309093425, 53.498079090878441 ], [ 10.004589752142248, 53.498084530364558 ], [ 10.004591509907831, 53.498084911110531 ], [ 10.004588243291174, 53.498090215153809 ], [ 10.004579787546115, 53.498088371547645 ], [ 10.004580571508921, 53.498087097498804 ], [ 10.004566735898351, 53.498084067603521 ], [ 10.004565951935211, 53.4980853416522 ], [ 10.00455717775619, 53.49808341981899 ], [ 10.004560444376226, 53.498078115776494 ] ], [ [ 10.004489015121875, 53.498068495495595 ], [ 10.004477195008109, 53.498065907095018 ], [ 10.004477630827749, 53.498065211273541 ], [ 10.004477978973593, 53.498064633046859 ], [ 10.004464143589962, 53.498061612126875 ], [ 10.004463359411702, 53.498062877187678 ], [ 10.004454585241874, 53.498060955346844 ], [ 10.004457836800531, 53.498055651433788 ], [ 10.00446041294277, 53.498056214075 ], [ 10.004464869850336, 53.498048967380846 ], [ 10.004491616511979, 53.498054819225366 ], [ 10.00448714453581, 53.498062066047147 ], [ 10.004488902512039, 53.49806245578192 ], [ 10.004485635671751, 53.498067750835183 ], [ 10.004489015121875, 53.498068495495595 ] ], [ [ 10.004490118787103, 53.498066715372353 ], [ 10.004492281749346, 53.498063191454953 ], [ 10.004494842819916, 53.498063754222102 ], [ 10.004499299722367, 53.498056507526712 ], [ 10.00452604639341, 53.498062359363402 ], [ 10.004521574422396, 53.49806960618649 ], [ 10.004523332186764, 53.498069986933459 ], [ 10.00452292587566, 53.498070655539905 ], [ 10.004520065562694, 53.498075290974924 ], [ 10.004511624896088, 53.498073447237196 ], [ 10.004512408860673, 53.498072173188817 ], [ 10.004498573259749, 53.498069143285605 ], [ 10.004497789294788, 53.498070417333871 ], [ 10.004489015121875, 53.498068495495595 ], [ 10.004490118787103, 53.498066715372353 ] ], [ [ 10.004446184313702, 53.498061430452537 ], [ 10.004634518020069, 53.498102662624547 ], [ 10.004634878324069, 53.498105149570641 ], [ 10.004635605718713, 53.498109772831768 ], [ 10.004636375356707, 53.498114269890735 ], [ 10.004637220357756, 53.498118766316253 ], [ 10.004638171291962, 53.498123279829535 ], [ 10.00463921244941, 53.498127783595429 ], [ 10.004640374612706, 53.498132304322354 ], [ 10.004641687502035, 53.498136823782438 ], [ 10.004643166402582, 53.498141350836235 ], [ 10.004644871604714, 53.498145884977028 ], [ 10.004646657256799, 53.498149995954869 ], [ 10.004647268921811, 53.498152912263919 ], [ 10.004647175986999, 53.498155358074136 ], [ 10.004646384413872, 53.498158223254038 ], [ 10.00464495363018, 53.498160833123293 ], [ 10.004643003791742, 53.498163168693878 ], [ 10.004640166582222, 53.498165592624552 ], [ 10.004637166110973, 53.498167487571777 ], [ 10.004633737020391, 53.498169107460107 ], [ 10.004629430107107, 53.498170581912142 ], [ 10.004625367104852, 53.49817153294746 ], [ 10.004620889281197, 53.498172154873295 ], [ 10.004616025294233, 53.498172384525269 ], [ 10.004611920873849, 53.498172221262628 ], [ 10.0046071577089, 53.498171614082601 ], [ 10.004405518410463, 53.498127464357054 ], [ 10.004446184313702, 53.498061430452537 ] ] ] } },
{ "type": "Feature", "properties": { "gebaeude_id": "DEHHALKA10007htD", "dachneig": 0.0, "dachfl_2d": 12.191, "dachfl_3d": 12.191, "area_m2": 12.2, "expo_klasse": "sonnig", "schatten": 0.06, "solar_eignung": "Eignung 1 (geeignet, sehr hohe Einstrahlung)", "ertkwha_k": 176288.76, "pvarea_solar": 1269.59, "schatten_klasse": "sonnig", "gruendach_eignung": "sehr gut geeignet" }, "geometry": { "type": "Polygon", "coordinates": [ [ [ 10.004464680329765, 53.498478485055649 ], [ 10.004503821833843, 53.498414917964631 ], [ 10.004493865546992, 53.49841273638863 ], [ 10.004426541456668, 53.498446705559516 ], [ 10.00442477733273, 53.49844796986558 ], [ 10.004423182831921, 53.49844939454961 ], [ 10.004421964298743, 53.498450780117992 ], [ 10.004420959332261, 53.498452271760655 ], [ 10.004420183005234, 53.498453869350875 ], [ 10.004419847175908, 53.498454968840285 ], [ 10.004419679686112, 53.498455536559582 ], [ 10.004419464022694, 53.498457255285473 ], [ 10.004419512648742, 53.498458036926571 ], [ 10.004419543865483, 53.498458719834055 ], [ 10.004419932384602, 53.498460487417397 ], [ 10.004420443387884, 53.498461696648683 ], [ 10.004420651653442, 53.498462216265047 ], [ 10.004421483219518, 53.498463593595027 ], [ 10.004422726209441, 53.49846515623836 ], [ 10.00442422267389, 53.498466599893639 ], [ 10.004425912109646, 53.498467916080251 ], [ 10.004426876134662, 53.498468519236511 ], [ 10.00442777901918, 53.498469086950251 ], [ 10.004429762899234, 53.498470104022985 ], [ 10.00443210767458, 53.49847108210664 ], [ 10.004434538637735, 53.498471879684466 ], [ 10.004464680329765, 53.498478485055649 ] ], [ [ 10.004482213959772, 53.498427486501392 ], [ 10.004487005464641, 53.498419724617705 ], [ 10.004497401197499, 53.49842200138108 ], [ 10.004492624766947, 53.498429763138496 ], [ 10.004482213959772, 53.498427486501392 ] ], [ [ 10.004450790594312, 53.49846998125372 ], [ 10.004450110208085, 53.498470535305039 ], [ 10.0044469118018, 53.498469159886689 ], [ 10.00444686615883, 53.498469142292087 ], [ 10.004421888833855, 53.498458430456502 ], [ 10.00442366335775, 53.498456968303408 ], [ 10.004426147138668, 53.498454897922052 ], [ 10.004446640446385, 53.49843790714695 ], [ 10.004474861601423, 53.498450003002382 ], [ 10.004450790594312, 53.49846998125372 ] ] ] } },
{ "type": "Feature", "properties": { "gebaeude_id": "DEHHALKA10007htD", "dachneig": 0.0, "dachfl_2d": 27.745, "dachfl_3d": 27.745, "area_m2": 27.7, "expo_klasse": "sonnig", "schatten": 0.06, "solar_eignung": "Eignung 1 (geeignet, sehr hohe Einstrahlung)", "ertkwha_k": 176288.76, "pvarea_solar": 1269.59, "schatten_klasse": "sonnig", "gruendach_eignung": "sehr gut geeignet" }, "geometry": { "type": "Polygon", "coordinates": [ [ [ 10.004318577396186, 53.498090458754945 ], [ 10.004317422163998, 53.498094522535503 ], [ 10.004317762931704, 53.498098097324984 ], [ 10.004319710737684, 53.498102054130875 ], [ 10.004322802777617, 53.498105309163435 ], [ 10.004323262176371, 53.498105610932022 ], [ 10.004327242853824, 53.498108193306045 ], [ 10.00433255564535, 53.498110368967453 ], [ 10.004398172505146, 53.498124739471393 ], [ 10.004438228523902, 53.498059690503901 ], [ 10.004420013385003, 53.498055699606915 ], [ 10.004329713154153, 53.49808131318661 ], [ 10.00432485833216, 53.498083843953488 ], [ 10.004321013591676, 53.498087013446607 ], [ 10.004320488183428, 53.498087745976584 ], [ 10.004318577396186, 53.498090458754945 ] ], [ [ 10.004415285511627, 53.498072530932838 ], [ 10.004419771724018, 53.498065248037825 ], [ 10.004430773455079, 53.498067654550582 ], [ 10.004426287244312, 53.498074937445999 ], [ 10.004415285511627, 53.498072530932838 ] ], [ [ 10.004382964254869, 53.498076389172468 ], [ 10.004397452855033, 53.498094928749325 ], [ 10.004358871667669, 53.498105653305302 ], [ 10.004344382868171, 53.498087104736442 ], [ 10.004382964254869, 53.498076389172468 ] ] ] } },
{ "type": "Feature", "properties": { "gebaeude_id": "DEHHALKA10007htD", "dachneig": 0.0, "dachfl_2d": 1901.366, "dachfl_3d": 1901.366, "area_m2": 1901.4, "expo_klasse": "sonnig", "schatten": 0.06, "solar_eignung": "Eignung 1 (geeignet, sehr hohe Einstrahlung)", "ertkwha_k": 614168.36, "pvarea_solar": 4417.59, "schatten_klasse": "sonnig", "gruendach_eignung": "sehr gut geeignet" }, "geometry": { "type": "Polygon", "coordinates": [ [ [ 10.004838196595999, 53.498754582281698 ], [ 10.004836935591358, 53.498746520691725 ], [ 10.004836918180938, 53.498746421958209 ], [ 10.004835988368834, 53.498738977830271 ], [ 10.004835930824751, 53.498738456947564 ], [ 10.004835929762192, 53.498738412011107 ], [ 10.004835167223236, 53.498730391176025 ], [ 10.004834645636722, 53.498722359326223 ], [ 10.004834644149142, 53.498722296415195 ], [ 10.004834335069431, 53.498714325702487 ], [ 10.004834332306785, 53.498714208867703 ], [ 10.004834231483589, 53.498706119546192 ], [ 10.004834341679391, 53.498698028450754 ], [ 10.0048346253416, 53.498690897728238 ], [ 10.004834645286637, 53.498690466084845 ], [ 10.004834663106594, 53.498689944568596 ], [ 10.004835054206252, 53.498683532069023 ], [ 10.004835088799039, 53.498683082324362 ], [ 10.004835165406982, 53.498681859165913 ], [ 10.004835663306487, 53.498676137927397 ], [ 10.004835697899278, 53.498675688182736 ], [ 10.004835863865768, 53.498673781103243 ], [ 10.00483642249675, 53.498668715556782 ], [ 10.004836457514534, 53.498668283786692 ], [ 10.004836743410053, 53.498665710507311 ], [ 10.004837507731327, 53.498659780280256 ], [ 10.004837600049441, 53.498658583956953 ], [ 10.004837620419462, 53.498658170288188 ], [ 10.004837847283316, 53.498655013215028 ], [ 10.004838153424343, 53.498646920472268 ], [ 10.004838162044052, 53.498643459605219 ], [ 10.004838152906066, 53.498643073151747 ], [ 10.00483815811006, 53.498638830263722 ], [ 10.004837861340627, 53.498630742589377 ], [ 10.00483768040541, 53.498628191212639 ], [ 10.004837656194701, 53.498627804885835 ], [ 10.004837278401499, 53.498622666309849 ], [ 10.004836409080301, 53.49861459243786 ], [ 10.004836299305325, 53.498613775354713 ], [ 10.004835283735236, 53.49860652970721 ], [ 10.004833887293715, 53.498598478244645 ], [ 10.004832266674137, 53.498590509568338 ], [ 10.004832250326318, 53.498590455771271 ], [ 10.004830387268463, 53.498582435198607 ], [ 10.004830353510334, 53.498582282668096 ], [ 10.004828283685077, 53.49857444361507 ], [ 10.004825969721713, 53.498566480767323 ], [ 10.00482344495348, 53.498558528680761 ], [ 10.004821826751456, 53.498553849986152 ], [ 10.004821729089839, 53.498553545178503 ], [ 10.004820709805509, 53.49855060532996 ], [ 10.00481911602713, 53.498546321949327 ], [ 10.004818987370067, 53.498545981445957 ], [ 10.00481777935067, 53.498542710588104 ], [ 10.004816240353813, 53.498538831255402 ], [ 10.00481611148429, 53.498538481764754 ], [ 10.00481466844923, 53.498534835341268 ], [ 10.004813230514561, 53.498531404612798 ], [ 10.004813102070097, 53.49853107309675 ], [ 10.004811392386555, 53.498526988450052 ], [ 10.004807920804783, 53.498519161180504 ], [ 10.004806845071538, 53.498517021834189 ], [ 10.00480667055899, 53.498516654749054 ], [ 10.004804043961009, 53.498511409230211 ], [ 10.004803297717823, 53.498509815447754 ], [ 10.004803122992833, 53.498509439375304 ], [ 10.004800392359332, 53.498503619430039 ], [ 10.004800010001505, 53.498502750703821 ], [ 10.004799850349276, 53.498502374504703 ], [ 10.004796981072387, 53.498495791653291 ], [ 10.004796933091729, 53.498495675198619 ], [ 10.00479678872477, 53.498495307860097 ], [ 10.004796628860126, 53.498494922673643 ], [ 10.004793795027322, 53.498487926026669 ], [ 10.004790849509224, 53.498480031410743 ], [ 10.00478814451796, 53.498472107805661 ], [ 10.00478804706928, 53.498471811985262 ], [ 10.00478577728961, 53.49846444204433 ], [ 10.004785679840952, 53.498464146223988 ], [ 10.004783456115515, 53.49845617362768 ], [ 10.00478152514702, 53.498448468242636 ], [ 10.004781458056318, 53.498448181156135 ], [ 10.004781390753134, 53.498447885082385 ], [ 10.004779700310982, 53.49844015070817 ], [ 10.004778251244963, 53.498432423293941 ], [ 10.004778198589523, 53.498432109118895 ], [ 10.004776907673712, 53.498424056768421 ], [ 10.004776871153478, 53.49842378740307 ], [ 10.004775872781551, 53.498415993276659 ], [ 10.004775063767491, 53.498407918897023 ], [ 10.004774503778917, 53.498400175019896 ], [ 10.004774480631376, 53.498399833629549 ], [ 10.00477414737065, 53.498392114813711 ], [ 10.004774138658322, 53.498391746334782 ], [ 10.00477402277547, 53.498383657139463 ], [ 10.004774117712028, 53.498376195407353 ], [ 10.004774117909998, 53.498375566170303 ], [ 10.004774442534453, 53.498367617097188 ], [ 10.004774454419669, 53.498367482161129 ], [ 10.004775001946509, 53.498359396378113 ], [ 10.00477576070285, 53.49835131780852 ], [ 10.004775785535776, 53.498351092872852 ], [ 10.00477663241948, 53.498344191131515 ], [ 10.004776696095494, 53.498343696197011 ], [ 10.004776745973798, 53.498343255312939 ], [ 10.004777942261518, 53.498335191043488 ], [ 10.004778857114244, 53.498329888786529 ], [ 10.004778950510515, 53.498329375624017 ], [ 10.004779335130783, 53.498327152088727 ], [ 10.004780279080574, 53.498322442866247 ], [ 10.004780372901806, 53.498321947678299 ], [ 10.004780939016587, 53.498319111360068 ], [ 10.004781087815973, 53.498318390983059 ], [ 10.004781781722087, 53.49831522099467 ], [ 10.004782314262172, 53.498310964684485 ], [ 10.004782378788065, 53.498310505699116 ], [ 10.004782797136436, 53.498307158245609 ], [ 10.004783495599932, 53.498299080182761 ], [ 10.004783892397949, 53.498290995666643 ], [ 10.004783987530663, 53.498282904697362 ], [ 10.004783916769139, 53.498279911929423 ], [ 10.004783781210682, 53.498274816262132 ], [ 10.00478327343825, 53.49826673036096 ], [ 10.004783196147965, 53.498266011884496 ], [ 10.00478247949861, 53.498258655854514 ], [ 10.00478138431931, 53.498250592869375 ], [ 10.004780018045768, 53.498242541152202 ], [ 10.00477836603052, 53.498234518804232 ], [ 10.00477644292134, 53.498226507724183 ], [ 10.004774264215998, 53.498218525759931 ], [ 10.004771994665308, 53.498211164805646 ], [ 10.004771814842002, 53.498210573038143 ], [ 10.00477008201392, 53.498205508775861 ], [ 10.004769109659589, 53.498202640444823 ], [ 10.004767452209606, 53.49819821377335 ], [ 10.004767323766536, 53.498197882257202 ], [ 10.004766149093957, 53.498194745954564 ], [ 10.004765459960923, 53.498193016855552 ], [ 10.004764780602637, 53.498191701171933 ], [ 10.004762644655152, 53.498187440326049 ], [ 10.004762455284251, 53.498187082354868 ], [ 10.004760888724746, 53.498183949346391 ], [ 10.004759113472224, 53.498180278747562 ], [ 10.004758907541374, 53.49817985799195 ], [ 10.00475713207668, 53.498176178405835 ], [ 10.004755702021297, 53.498173080206115 ], [ 10.004755526873172, 53.498172686159016 ], [ 10.0047535405911, 53.498168379109494 ], [ 10.004752457220071, 53.49816591622001 ], [ 10.004752281434495, 53.498165495211033 ], [ 10.004750114267869, 53.498160551457495 ], [ 10.004749362720826, 53.498158732992266 ], [ 10.00474917101282, 53.498158276160837 ], [ 10.004746868179538, 53.498152695323142 ], [ 10.004746403026026, 53.498151512674987 ], [ 10.004746257810769, 53.498151109387138 ], [ 10.004743817398586, 53.498144810579682 ], [ 10.004743640338299, 53.49814433564692 ], [ 10.004743478775556, 53.498143878562054 ], [ 10.004741012029822, 53.498137103554747 ], [ 10.00474094706478, 53.498136906341131 ], [ 10.004740817559677, 53.498136529888505 ], [ 10.004738302183336, 53.498128973240192 ], [ 10.004735947719093, 53.498121208490446 ], [ 10.004735882754101, 53.498121011276837 ], [ 10.004733769239484, 53.498113235512555 ], [ 10.004733719134624, 53.498113029184921 ], [ 10.004731846781942, 53.498105251393426 ], [ 10.004731796039616, 53.498105018103935 ], [ 10.004730210278982, 53.498097246892435 ], [ 10.00473015889925, 53.498096986641094 ], [ 10.004728822998329, 53.49808894365691 ], [ 10.004727857126353, 53.498081248136387 ], [ 10.004727802984341, 53.498080871050263 ], [ 10.004727114567094, 53.498072795656206 ], [ 10.004726817824142, 53.498064707980753 ], [ 10.004726816549242, 53.498064654056968 ], [ 10.004726897895203, 53.498056617137841 ], [ 10.004726943099106, 53.498055978533309 ], [ 10.004727380689248, 53.498048981352653 ], [ 10.004727432041408, 53.498047965155216 ], [ 10.00472769788383, 53.498040717724024 ], [ 10.004727706581868, 53.498040447978589 ], [ 10.004727439984221, 53.498032360049649 ], [ 10.004727437646904, 53.498032261189429 ], [ 10.004726678967495, 53.498024402123797 ], [ 10.004726661132672, 53.498024285415745 ], [ 10.004726537776326, 53.498023531370144 ], [ 10.00472540038511, 53.498016232810642 ], [ 10.00472528234085, 53.498015703447344 ], [ 10.004723687886887, 53.498008201981051 ], [ 10.004723472183064, 53.498007367809983 ], [ 10.004721554420776, 53.498000219635379 ], [ 10.004721375024067, 53.497999645842356 ], [ 10.004718999561973, 53.497992267798985 ], [ 10.004718887254892, 53.497991981092504 ], [ 10.00471609931091, 53.497984372800303 ], [ 10.004713175091325, 53.497977376910754 ], [ 10.004712950689722, 53.497976812485085 ], [ 10.004712711428089, 53.497976257173462 ], [ 10.004709502106564, 53.497969317614782 ], [ 10.004709231637545, 53.497968717620026 ], [ 10.004705339790712, 53.497960965792245 ], [ 10.00470209291657, 53.497954988380336 ], [ 10.004701808862581, 53.49795445142334 ], [ 10.004701162842366, 53.49795327029527 ], [ 10.004696715865052, 53.497945631002338 ], [ 10.004693032527848, 53.497939684226147 ], [ 10.004692484167311, 53.497938807905776 ], [ 10.004692013719044, 53.49793803879944 ], [ 10.004691262829176, 53.497936885520069 ], [ 10.004688750527521, 53.497933284038915 ], [ 10.004685156591414, 53.497928568014629 ], [ 10.00468314913315, 53.497925915132186 ], [ 10.004677053747596, 53.497918694202632 ], [ 10.0046741136943, 53.497915491836018 ], [ 10.004673649620756, 53.49791499234837 ], [ 10.004670539096104, 53.497911593654855 ], [ 10.004663620888783, 53.497904640323966 ], [ 10.004656358778332, 53.497897806741292 ], [ 10.004653602372716, 53.497895357913123 ], [ 10.004653125139349, 53.497894939437728 ], [ 10.004648782909854, 53.497891092653369 ], [ 10.004640908568389, 53.497884506920784 ], [ 10.004632795406573, 53.497878022074822 ], [ 10.004624443849371, 53.497871656090005 ], [ 10.00461586833195, 53.497865381877759 ], [ 10.004501146107065, 53.497787664654076 ], [ 10.004241531352646, 53.497610936546955 ], [ 10.004271653828996, 53.497766032702778 ], [ 10.004271076876064, 53.497770325340369 ], [ 10.004270093179054, 53.497774630384541 ], [ 10.004268717385509, 53.497778929734039 ], [ 10.004266918925671, 53.497783205667488 ], [ 10.004264712234701, 53.497787431096398 ], [ 10.004262111960212, 53.497791587919522 ], [ 10.004259117677309, 53.497795658162225 ], [ 10.004255744033618, 53.497799623723274 ], [ 10.004252020749213, 53.497803466374762 ], [ 10.004247947399277, 53.497807168142096 ], [ 10.004243553703917, 53.497810710797381 ], [ 10.004238869383329, 53.497814076112647 ], [ 10.004233909509939, 53.497817263961345 ], [ 10.004228718876449, 53.497820255988849 ], [ 10.00414927490028, 53.497855504405344 ], [ 10.004154397209641, 53.497855362492857 ], [ 10.00416056525428, 53.497855454499955 ], [ 10.004166513157823, 53.497855800050317 ], [ 10.004384522722596, 53.497891012310653 ], [ 10.004431794434998, 53.497898453554484 ], [ 10.004440510201372, 53.497901095013859 ], [ 10.004448759155677, 53.497904396598194 ], [ 10.004456206516712, 53.49790822628465 ], [ 10.004462637445821, 53.497912424075444 ], [ 10.004468466335471, 53.497917301106128 ], [ 10.004473046757422, 53.497922296497151 ], [ 10.004476702881419, 53.497927731131341 ], [ 10.004479250438234, 53.497933462731979 ], [ 10.00448060790437, 53.497939231301025 ], [ 10.004480631271699, 53.497940219903185 ], [ 10.004480770171023, 53.49794418291912 ], [ 10.004480800113653, 53.497944811902919 ], [ 10.004480805849273, 53.497945054559814 ], [ 10.004480156516678, 53.497948835429256 ], [ 10.004480065029446, 53.497949429477195 ], [ 10.004479799692222, 53.497950959850222 ], [ 10.004478564645432, 53.497954197308054 ], [ 10.004477628277316, 53.497956677173413 ], [ 10.004476656655747, 53.497958303372648 ], [ 10.004474438293252, 53.497962034504155 ], [ 10.004473837314132, 53.497962758680821 ], [ 10.004472869506092, 53.497963908426804 ], [ 10.004469966931357, 53.497967393614012 ], [ 10.004464742781929, 53.497972156781628 ], [ 10.004464713274167, 53.497972183996879 ], [ 10.004463482435025, 53.497973048302718 ], [ 10.004458870927765, 53.497976305145741 ], [ 10.004458411326745, 53.497976632614815 ], [ 10.004451506892073, 53.497980466049114 ], [ 10.004451134964599, 53.497980675923394 ], [ 10.004449956130536, 53.497981189218073 ], [ 10.00444371847793, 53.497983893413945 ], [ 10.004443225970148, 53.497984104301452 ], [ 10.004441998094707, 53.497984456204797 ], [ 10.004440245867022, 53.497984947350623 ], [ 10.004438508499353, 53.497985429382474 ], [ 10.004267935070308, 53.498033533948238 ], [ 10.004267173166664, 53.498033828000217 ], [ 10.004256953169074, 53.498037707258469 ], [ 10.00425498631742, 53.498038685614993 ], [ 10.004246715986321, 53.498042773218458 ], [ 10.004244206104051, 53.498044376383568 ], [ 10.004237879068395, 53.49804840271387 ], [ 10.004237745539211, 53.498048493726536 ], [ 10.004230217813854, 53.498054660555567 ], [ 10.004229953091556, 53.498054941441062 ], [ 10.004223720335904, 53.498061681679843 ], [ 10.004223239719197, 53.49806239585488 ], [ 10.004218988044538, 53.498068759886003 ], [ 10.004218458605726, 53.498069959881427 ], [ 10.004215669817846, 53.498076347578177 ], [ 10.004215302785141, 53.498078040608291 ], [ 10.004213940793122, 53.498084200579918 ], [ 10.00421386826387, 53.498091976741001 ], [ 10.004214413873886, 53.498094650902068 ], [ 10.004215422298197, 53.498099685301995 ], [ 10.00421863431634, 53.498107379933359 ], [ 10.004220933661324, 53.498110902311666 ], [ 10.004223390103785, 53.498114693042368 ], [ 10.004226842398786, 53.498118520351611 ], [ 10.00422944319037, 53.498121401972625 ], [ 10.004237240875627, 53.498127934441584 ], [ 10.004245876249978, 53.498133551975144 ], [ 10.004255885773908, 53.498138627607197 ], [ 10.004267023613606, 53.498142965643055 ], [ 10.004278727410444, 53.498146373047753 ], [ 10.004278969846212, 53.498146424945219 ], [ 10.004292077937302, 53.498149290194114 ], [ 10.004293896630497, 53.498149697399754 ], [ 10.004572745333933, 53.498210736120761 ], [ 10.004572973760039, 53.498210833080805 ], [ 10.004577054647886, 53.498212551652955 ], [ 10.004577861569508, 53.498212886456045 ], [ 10.004579582195699, 53.498213609099309 ], [ 10.004582436253827, 53.498215086288035 ], [ 10.004583061879247, 53.49821540463666 ], [ 10.004585915937632, 53.49821688182535 ], [ 10.004591699642187, 53.498220482780752 ], [ 10.00459188412532, 53.498220634044529 ], [ 10.004595307567984, 53.498223239071237 ], [ 10.004595875665103, 53.498223674761299 ], [ 10.004596843086242, 53.498224421712891 ], [ 10.004601314637227, 53.498228635964274 ], [ 10.004601888258422, 53.498229305323953 ], [ 10.004602276334133, 53.498229778483363 ], [ 10.004605083512484, 53.49823309882639 ], [ 10.004608073073923, 53.498237757009058 ], [ 10.00460824737112, 53.498238115107171 ], [ 10.00461029733172, 53.49824256544904 ], [ 10.004611755223312, 53.49824747921005 ], [ 10.004612340390199, 53.498252463229711 ], [ 10.004612141780681, 53.498257453836843 ], [ 10.004611128186864, 53.498262406348367 ], [ 10.004609283473561, 53.498267275954561 ], [ 10.004607461020086, 53.498270536328796 ], [ 10.004606651583616, 53.498272008351549 ], [ 10.004605526471666, 53.498273518983758 ], [ 10.004603262024709, 53.498276576323988 ], [ 10.004603188573657, 53.498276657843014 ], [ 10.004599877965196, 53.498280101517182 ], [ 10.004599333662586, 53.498280672403759 ], [ 10.004599113096974, 53.49828090797358 ], [ 10.004594295023548, 53.49828499355278 ], [ 10.004592262790652, 53.498286394950924 ], [ 10.004591580497079, 53.498286868117368 ], [ 10.004588821389831, 53.498288770023834 ], [ 10.004360316142222, 53.498404060547074 ], [ 10.004360033584666, 53.49840422472473 ], [ 10.004351987592235, 53.498408876761772 ], [ 10.004351528198145, 53.498409213217734 ], [ 10.004344309722651, 53.498414433601866 ], [ 10.004338229980581, 53.498419994991316 ], [ 10.004332452343654, 53.498426857258117 ], [ 10.004331726534005, 53.498428040925795 ], [ 10.004328763853769, 53.498432812052108 ], [ 10.004325781033808, 53.498439920507536 ], [ 10.004324192334842, 53.498447331866565 ], [ 10.004324099868066, 53.498454901446117 ], [ 10.004325233372086, 53.498461400013483 ], [ 10.004326185957092, 53.498464070754316 ], [ 10.004327494992703, 53.498467790222087 ], [ 10.004329085516794, 53.498470662351401 ], [ 10.004331494231041, 53.498474983836331 ], [ 10.004333840727449, 53.498477948493438 ], [ 10.004336824958745, 53.498481743775976 ], [ 10.004343333900312, 53.498487963459866 ], [ 10.004348015826945, 53.49849151076117 ], [ 10.004349904180302, 53.498492951124483 ], [ 10.004358943208958, 53.498498421432934 ], [ 10.004365378662419, 53.498501531512609 ], [ 10.004367604980386, 53.49850260048369 ], [ 10.004374831004947, 53.498505353345855 ], [ 10.004377767227915, 53.498506479275072 ], [ 10.004385509753302, 53.498508760364523 ], [ 10.004388181456429, 53.498509537942219 ], [ 10.004609901643382, 53.498558076389038 ], [ 10.004619453130999, 53.498560351248507 ], [ 10.004620881228643, 53.498560815666636 ], [ 10.004626030829101, 53.498562462331151 ], [ 10.004626896773926, 53.49856274270342 ], [ 10.004631737496238, 53.498564715570566 ], [ 10.004632285638884, 53.498564944679437 ], [ 10.004634218785904, 53.498565728459205 ], [ 10.004637897420903, 53.49856764816991 ], [ 10.004638416268016, 53.498567913481281 ], [ 10.004641957548953, 53.498569762433746 ], [ 10.004643611750858, 53.498570863175594 ], [ 10.004647930678383, 53.498573721357339 ], [ 10.004648313658503, 53.498573978821568 ], [ 10.004648359726582, 53.498574014390677 ], [ 10.004648682840713, 53.498574290336272 ], [ 10.004652543012861, 53.498577511936823 ], [ 10.004653450364614, 53.498578268381927 ], [ 10.004656049513796, 53.498581078094801 ], [ 10.004656343332391, 53.498581390242904 ], [ 10.004658308351539, 53.498583522115908 ], [ 10.004662090238481, 53.498589171424889 ], [ 10.004662407841376, 53.49858985192521 ], [ 10.004664396046753, 53.49859423986149 ], [ 10.004665754822184, 53.498599424127036 ], [ 10.004666169764498, 53.498605497255213 ], [ 10.004665446376023, 53.498610609131092 ], [ 10.004665316046079, 53.498611473177903 ], [ 10.00466356877252, 53.498616638605135 ], [ 10.004660651135445, 53.498622038596423 ], [ 10.004660153747384, 53.498622681001521 ], [ 10.004659875651509, 53.498623033912963 ], [ 10.004656335343233, 53.498627603153686 ], [ 10.004653210884264, 53.498630631766858 ], [ 10.004652813268546, 53.498631030628239 ], [ 10.004651693023018, 53.498632109744193 ], [ 10.004649161262485, 53.498634063675439 ], [ 10.004648702505765, 53.498634427094387 ], [ 10.004646526117087, 53.498636108366384 ], [ 10.004639378529303, 53.498640501177256 ], [ 10.004638842283926, 53.498640775356712 ], [ 10.00445867977435, 53.498731676867763 ], [ 10.004457964777448, 53.498732042439258 ], [ 10.004450140365135, 53.498736503849848 ], [ 10.00444984294535, 53.498736677141672 ], [ 10.004442741398009, 53.498741743734399 ], [ 10.004442266928303, 53.498742080317349 ], [ 10.004436759909698, 53.498746998674157 ], [ 10.004436125374562, 53.498747579307228 ], [ 10.004430986908909, 53.498753420441538 ], [ 10.004426839007875, 53.498759711694547 ], [ 10.004426737321889, 53.498759874352452 ], [ 10.004423643463399, 53.498766750026981 ], [ 10.004421853088022, 53.498773920376628 ], [ 10.004421841414013, 53.498774064299944 ], [ 10.004421441329479, 53.498780099332137 ], [ 10.004421534112334, 53.498780835656738 ], [ 10.004422326701272, 53.498787579792761 ], [ 10.004422489750036, 53.498788099789067 ], [ 10.004424686872893, 53.498794948980454 ], [ 10.004424829113431, 53.49879522644656 ], [ 10.004425192145003, 53.498795915554773 ], [ 10.004427736127793, 53.498800856147191 ], [ 10.004432537026787, 53.498807521654882 ], [ 10.004433077746079, 53.498808074433825 ], [ 10.004438487063734, 53.498813692095688 ], [ 10.004438886817017, 53.498814021332237 ], [ 10.00443963983056, 53.498814626261591 ], [ 10.004445358234618, 53.498819288483752 ], [ 10.004452983038927, 53.498824240313844 ], [ 10.004454753792372, 53.498825169286434 ], [ 10.004461134959321, 53.498828531511265 ], [ 10.004470773780771, 53.498832585485928 ], [ 10.004471928450675, 53.498832962312854 ], [ 10.004480725936796, 53.498835863766118 ], [ 10.00448298389778, 53.498836357168251 ], [ 10.00471785989191, 53.498887778223377 ], [ 10.00471907230699, 53.498888046693551 ], [ 10.004720511877304, 53.498888358199764 ], [ 10.004729695520609, 53.498889737234954 ], [ 10.004730890525629, 53.498889906971577 ], [ 10.004731889158586, 53.498890060380631 ], [ 10.004742280953998, 53.498890889914804 ], [ 10.004743972725661, 53.498891028508289 ], [ 10.00475419764334, 53.498891176274384 ], [ 10.004755238307547, 53.498891194493815 ], [ 10.004766470754287, 53.498890596685378 ], [ 10.004768187146748, 53.498890501355561 ], [ 10.004776695642585, 53.498889468000925 ], [ 10.004777793198132, 53.498889341916723 ], [ 10.004778725164837, 53.4988892262135 ], [ 10.004789155957461, 53.498887241834872 ], [ 10.004790551782355, 53.49888697840705 ], [ 10.004800333788811, 53.498884334289663 ], [ 10.004801307361262, 53.498884065422224 ], [ 10.004802071401416, 53.498883861239747 ], [ 10.004813028208012, 53.498879894840336 ], [ 10.004820574739808, 53.498876433529595 ], [ 10.004821380173047, 53.498876067195596 ], [ 10.004821797750035, 53.498875874914624 ], [ 10.004829816182838, 53.498871330947047 ], [ 10.004837318721529, 53.498866009266202 ], [ 10.004837956228043, 53.498865554453069 ], [ 10.00483806003783, 53.498865481667714 ], [ 10.004844745650244, 53.498859402782536 ], [ 10.004844996363133, 53.498859166958866 ], [ 10.004850201435334, 53.498852956694599 ], [ 10.004850538547352, 53.498852549352129 ], [ 10.004854645835387, 53.498845817960976 ], [ 10.004854660058173, 53.498845781885123 ], [ 10.004857338613634, 53.49883919734107 ], [ 10.004857409514907, 53.498839007974404 ], [ 10.004858880330515, 53.49883235268188 ], [ 10.00485913044332, 53.498825078416317 ], [ 10.004859113457835, 53.498824997657366 ], [ 10.004858061373085, 53.498818120869409 ], [ 10.004857742915243, 53.498817404420542 ], [ 10.004854544752298, 53.498810302969162 ], [ 10.004851343811927, 53.498802446458619 ], [ 10.004848443266553, 53.49879454247727 ], [ 10.004845828468182, 53.498786609126462 ], [ 10.004845811482726, 53.498786528367553 ], [ 10.004843514276951, 53.498778637292098 ], [ 10.004843497929041, 53.498778583495053 ], [ 10.00484147075958, 53.498770636214992 ], [ 10.004839698128503, 53.498762614882416 ], [ 10.004839697703479, 53.498762596907866 ], [ 10.004838196595999, 53.498754582281698 ] ], [ [ 10.004309197123787, 53.497778382867416 ], [ 10.004311249891931, 53.497773385670278 ], [ 10.004313473613966, 53.497773708570719 ], [ 10.00431663852698, 53.497766014294577 ], [ 10.004335275969744, 53.497768743187663 ], [ 10.004332111059943, 53.497776437464282 ], [ 10.004334471071612, 53.497776786186371 ], [ 10.00433241830604, 53.49778178338385 ], [ 10.00432334148431, 53.497780448366669 ], [ 10.004323783243038, 53.497779365965485 ], [ 10.004318564129317, 53.497778600801787 ], [ 10.00431812237048, 53.49777968320295 ], [ 10.004309197123787, 53.497778382867416 ] ], [ [ 10.004591947051463, 53.497959914313014 ], [ 10.004579212918534, 53.497961387678608 ], [ 10.004567417518674, 53.49796239471037 ], [ 10.004555221947278, 53.497963054530068 ], [ 10.004554183005451, 53.497963108207124 ], [ 10.004552028272057, 53.497963153283557 ], [ 10.004543906944132, 53.497963338395856 ], [ 10.004539642694864, 53.497963428168212 ], [ 10.004537970282156, 53.497963469190836 ], [ 10.004536953614094, 53.497962551860148 ], [ 10.004424369948193, 53.497861148349159 ], [ 10.004423746407534, 53.497857728750347 ], [ 10.004424631186726, 53.497854979646611 ], [ 10.004426367884342, 53.497852555979783 ], [ 10.004428810023859, 53.497850638762266 ], [ 10.004434102746194, 53.497846863818381 ], [ 10.004439565725685, 53.497843276214155 ], [ 10.004445749209383, 53.497839556707817 ], [ 10.004451776878629, 53.497836260997175 ], [ 10.004457975017498, 53.497833161613407 ], [ 10.004464986007076, 53.497830010453036 ], [ 10.004471690670124, 53.497827293342219 ], [ 10.004478596585201, 53.497824799266702 ], [ 10.004486676028073, 53.49782220543792 ], [ 10.004494089529768, 53.497820138571541 ], [ 10.004507145000229, 53.497816954589553 ], [ 10.004635217969104, 53.497918003109149 ], [ 10.004637107368701, 53.497919488404591 ], [ 10.004658445281905, 53.497936325380081 ], [ 10.004659030849034, 53.49794005092555 ], [ 10.004657852494358, 53.497943135094459 ], [ 10.004655097249261, 53.497945836998078 ], [ 10.004651134490135, 53.497947838913937 ], [ 10.004638908191572, 53.497951024931318 ], [ 10.004627618499701, 53.497953654741593 ], [ 10.004625022851725, 53.497954179946291 ], [ 10.004615225750493, 53.497956176963811 ], [ 10.004604070846728, 53.497958131458084 ], [ 10.004603575365646, 53.497958216524189 ], [ 10.004591947051463, 53.497959914313014 ] ], [ [ 10.004754181309034, 53.498768700244341 ], [ 10.004755100850499, 53.498773160085726 ], [ 10.004756095756226, 53.498777619293634 ], [ 10.004757150740948, 53.498782069007433 ], [ 10.004758265804606, 53.498786509227067 ], [ 10.004759441159848, 53.498790948939948 ], [ 10.004760691666855, 53.498795379031968 ], [ 10.004762002465426, 53.498799808617164 ], [ 10.004763388203367, 53.498804219594277 ], [ 10.004764834232912, 53.498808630064495 ], [ 10.004766355414349, 53.498813030913922 ], [ 10.004767951960284, 53.498817431129808 ], [ 10.004769728530423, 53.498821793876083 ], [ 10.004770392261708, 53.498826273845864 ], [ 10.004769638722168, 53.4988307477512 ], [ 10.004767327580945, 53.498835019012105 ], [ 10.004763545024636, 53.498838907122312 ], [ 10.004758605032531, 53.498842301573582 ], [ 10.004752595491544, 53.498845093758007 ], [ 10.004745952026532, 53.498847217090102 ], [ 10.004738731316655, 53.498848518279019 ], [ 10.004731232694091, 53.498848904917793 ], [ 10.004723728532813, 53.498848419662181 ], [ 10.004527632502741, 53.498805490999395 ], [ 10.004521621590387, 53.498803123453854 ], [ 10.004515517458557, 53.498799363384656 ], [ 10.00451101294783, 53.498795032549239 ], [ 10.00450810720818, 53.498790094998718 ], [ 10.004507064337314, 53.498784881109565 ], [ 10.004507893894537, 53.498779795309879 ], [ 10.004510522639581, 53.498774928105945 ], [ 10.00451495333359, 53.498770396332354 ], [ 10.004519764692411, 53.498767299611742 ], [ 10.004690585845236, 53.498683011586664 ], [ 10.004695239043576, 53.498680878019478 ], [ 10.004700292845378, 53.498679109636967 ], [ 10.004705764660857, 53.498677805172534 ], [ 10.004711686972975, 53.498677063233039 ], [ 10.004718062969303, 53.498677018627681 ], [ 10.004723836068441, 53.498677617314186 ], [ 10.004729698555868, 53.498678808528126 ], [ 10.004734641830771, 53.49868065468204 ], [ 10.004739115314184, 53.498683035140296 ], [ 10.004742860431595, 53.498685853196626 ], [ 10.004745663614127, 53.498689002777411 ], [ 10.004747445247874, 53.498692304770458 ], [ 10.004748171787236, 53.498695615632499 ], [ 10.0047480648613, 53.498698744730056 ], [ 10.00474797006166, 53.498703024327419 ], [ 10.004747935340639, 53.498707294430687 ], [ 10.004747961123295, 53.498711573014454 ], [ 10.00474804719707, 53.498715851091426 ], [ 10.004748208634831, 53.498720128534885 ], [ 10.004748415291012, 53.498724405598232 ], [ 10.004748697311221, 53.498728682028059 ], [ 10.004749024549854, 53.498732958077831 ], [ 10.004749427365045, 53.498737242481319 ], [ 10.004749875186215, 53.498741517517445 ], [ 10.004750398371476, 53.49874579192003 ], [ 10.004750981848034, 53.498750065815841 ], [ 10.004751768722713, 53.498755290844009 ], [ 10.004752507814981, 53.498759770180456 ], [ 10.004753321846451, 53.498764230908826 ], [ 10.004754181309034, 53.498768700244341 ] ], [ [ 10.004672677927569, 53.49852878370509 ], [ 10.004668425932477, 53.498528756520869 ], [ 10.004664213843682, 53.498528504274134 ], [ 10.004660117237371, 53.498528035318714 ], [ 10.004656151398819, 53.49852735851529 ], [ 10.004460905454017, 53.498484611372142 ], [ 10.00442871810932, 53.498477564747262 ], [ 10.004426211145137, 53.498476740840744 ], [ 10.004424901509864, 53.498476185534138 ], [ 10.004422891945108, 53.498475357447774 ], [ 10.004420068657527, 53.498473906963881 ], [ 10.004419946164122, 53.49847382709153 ], [ 10.004417436429653, 53.498472248125637 ], [ 10.004415025619274, 53.498470389667105 ], [ 10.00441291180233, 53.498468339942178 ], [ 10.004412399321337, 53.498467706024186 ], [ 10.004411156119284, 53.498466134393475 ], [ 10.004409979146807, 53.498464175675906 ], [ 10.004409930954866, 53.498464050233771 ], [ 10.00440895650352, 53.498461730251343 ], [ 10.004408653119633, 53.498460375450122 ], [ 10.004408399839507, 53.498459226976642 ], [ 10.004408305552598, 53.4984571512922 ], [ 10.004408594659113, 53.498454712823005 ], [ 10.004409292427747, 53.498452342832422 ], [ 10.004410399920539, 53.498450086256774 ], [ 10.004411842411251, 53.49844797069138 ], [ 10.004412899818293, 53.498446784236734 ], [ 10.004413574894118, 53.498446005503396 ], [ 10.004415818786324, 53.498443991072534 ], [ 10.004418872355327, 53.498441790056248 ], [ 10.004484259726134, 53.498408798996593 ], [ 10.004627816714839, 53.49833637203534 ], [ 10.004633877134717, 53.498333183909665 ], [ 10.004640974604669, 53.498330499444606 ], [ 10.00464851790448, 53.498328818008503 ], [ 10.004656735249048, 53.498328227573886 ], [ 10.004664466682295, 53.498328764857519 ], [ 10.004672388136891, 53.498330325298269 ], [ 10.004677463423464, 53.498332655755078 ], [ 10.004681933267872, 53.498335521656216 ], [ 10.004685554595392, 53.49833884414317 ], [ 10.004688142921928, 53.498342471952427 ], [ 10.004689588701584, 53.498346235212381 ], [ 10.00468991825484, 53.498349971898442 ], [ 10.004689656163055, 53.498354189978642 ], [ 10.00468937921101, 53.498358417172817 ], [ 10.004689117331568, 53.498362644240267 ], [ 10.004688840166988, 53.498366862447163 ], [ 10.004688578287492, 53.498371089514642 ], [ 10.004688301335266, 53.498375316708767 ], [ 10.004688039243183, 53.498379534788945 ], [ 10.00468776229086, 53.498383761983121 ], [ 10.004687604831028, 53.498386666778558 ], [ 10.004687497077672, 53.498391036375736 ], [ 10.004687495470447, 53.498395432047928 ], [ 10.004687599584464, 53.498399835820592 ], [ 10.004687809419751, 53.498404247693671 ], [ 10.004688125188792, 53.498408676654513 ], [ 10.004688531606471, 53.498413113842439 ], [ 10.004689013387656, 53.498417550396915 ], [ 10.004689585605057, 53.498421986191218 ], [ 10.00469021832579, 53.498426430466019 ], [ 10.004690926622589, 53.49843088309467 ], [ 10.004691676950408, 53.498435200533855 ], [ 10.004692538949159, 53.49843977771765 ], [ 10.004693427906261, 53.498444219838639 ], [ 10.004694377366835, 53.498448670440119 ], [ 10.004695386905912, 53.498453111547583 ], [ 10.004695906641976, 53.498455327480912 ], [ 10.004696441663263, 53.4984575522749 ], [ 10.00469754163896, 53.498461992622126 ], [ 10.004698686833015, 53.498466432589282 ], [ 10.004699861960228, 53.498470863315717 ], [ 10.004701097378488, 53.498475293535357 ], [ 10.004702362942428, 53.498479723501639 ], [ 10.004703658439572, 53.49848414422717 ], [ 10.004704999367608, 53.498488573559925 ], [ 10.004706370228858, 53.498492993651958 ], [ 10.00470778609607, 53.4984974043766 ], [ 10.004709217036266, 53.498501814974496 ], [ 10.004710103207046, 53.498504863811817 ], [ 10.004710383069591, 53.498507773920345 ], [ 10.004710002919966, 53.498510824412826 ], [ 10.004708793983275, 53.498513890860849 ], [ 10.004706708066518, 53.498516847822465 ], [ 10.004704201799671, 53.498519242005415 ], [ 10.004700836174994, 53.498521634422609 ], [ 10.004696862329135, 53.498523807225219 ], [ 10.004692833703123, 53.498525575979727 ], [ 10.004689104605621, 53.498526623090228 ], [ 10.004685175312938, 53.498527492101815 ], [ 10.004681105266185, 53.498528146558492 ], [ 10.004676909325582, 53.498528577346306 ], [ 10.004672677927569, 53.49852878370509 ] ], [ [ 10.004537806603835, 53.498000550511406 ], [ 10.004543192319446, 53.497996882650199 ], [ 10.0045494891733, 53.497992856557204 ], [ 10.004555078902809, 53.497989528565803 ], [ 10.004561478936472, 53.497986040949684 ], [ 10.004568111430531, 53.497982821051785 ], [ 10.004574919069219, 53.497979995200957 ], [ 10.004582577991878, 53.497977467823638 ], [ 10.00459039189966, 53.497975757149291 ], [ 10.004599089585639, 53.497975081779501 ], [ 10.00460770599577, 53.49797607007158 ], [ 10.004618691615638, 53.497980346430602 ], [ 10.004623162280772, 53.497983886507861 ], [ 10.004626631797981, 53.497987803551744 ], [ 10.004629337290877, 53.497991924776898 ], [ 10.004631457505008, 53.497996158790208 ], [ 10.004633157175871, 53.498000459261661 ], [ 10.004634511241006, 53.498004807583314 ], [ 10.004635579353115, 53.498009176286594 ], [ 10.004636406729739, 53.498013564991439 ], [ 10.004637038588436, 53.498017973317722 ], [ 10.004637519721841, 53.498022382910875 ], [ 10.004637559889977, 53.498024719733429 ], [ 10.004637770229516, 53.498033617152309 ], [ 10.004638070792007, 53.498042504823772 ], [ 10.004638251324641, 53.49804695289977 ], [ 10.004638409548532, 53.498050457310107 ], [ 10.004638672892749, 53.4980558575323 ], [ 10.004638928788291, 53.498060304974857 ], [ 10.004639214829041, 53.498064752164048 ], [ 10.004639516154826, 53.498069208213835 ], [ 10.004639862698417, 53.498073663883581 ], [ 10.004640224102184, 53.498078110439323 ], [ 10.004640630936144, 53.49808256560226 ], [ 10.004640865560649, 53.498084837866841 ], [ 10.004641082987943, 53.498087020385171 ], [ 10.004641565184984, 53.498091474914709 ], [ 10.004642107459924, 53.498095919950202 ], [ 10.004642680092598, 53.498100373719623 ], [ 10.004643310041144, 53.498104701160187 ], [ 10.004644021301759, 53.498109279611491 ], [ 10.004644789878302, 53.498113731733895 ], [ 10.004645633605417, 53.498118174235614 ], [ 10.00464656776823, 53.498122615977188 ], [ 10.004647592366682, 53.498127056958644 ], [ 10.004648737333577, 53.49813148793929 ], [ 10.004650002668892, 53.498135908919139 ], [ 10.004651448450579, 53.498140310404118 ], [ 10.004653089963714, 53.498144701254823 ], [ 10.00465498664885, 53.49814904501536 ], [ 10.004655735255232, 53.498152652332301 ], [ 10.004655629385681, 53.498155826366464 ], [ 10.004654614074079, 53.498159430531324 ], [ 10.004652807976028, 53.498162744703379 ], [ 10.004650316174571, 53.498165750021066 ], [ 10.004646739783341, 53.498168791422117 ], [ 10.004642892497214, 53.498171214853571 ], [ 10.004638509383687, 53.498173292214574 ], [ 10.004633110881585, 53.498175144393741 ], [ 10.004627878377779, 53.498176365942086 ], [ 10.004622183497535, 53.498177159900678 ], [ 10.004616069334165, 53.498177436016555 ], [ 10.004610757830719, 53.498177228964813 ], [ 10.004604800105726, 53.49817647002137 ], [ 10.004394659610798, 53.498130468065334 ], [ 10.004379778468264, 53.498127213218062 ], [ 10.004377111250008, 53.498126624373135 ], [ 10.0043264362416, 53.498115526181486 ], [ 10.00432024074432, 53.498112998373593 ], [ 10.004314177487522, 53.498109049180044 ], [ 10.004312059445656, 53.498106819707267 ], [ 10.004309879839406, 53.498104536817266 ], [ 10.00430725078, 53.498099183439265 ], [ 10.004307032307796, 53.498096955983783 ], [ 10.004306770522001, 53.498094171569441 ], [ 10.004308329088888, 53.498088675136763 ], [ 10.00430900033796, 53.498087734632698 ], [ 10.004311728639966, 53.498083891350788 ], [ 10.004311980200876, 53.498083691477376 ], [ 10.004316977875405, 53.498079550465889 ], [ 10.00432172867623, 53.498077083496895 ], [ 10.00440708703476, 53.498052868801267 ], [ 10.004445303659267, 53.498042030434952 ], [ 10.004452086490776, 53.498040067751091 ], [ 10.004458745554842, 53.498037971270811 ], [ 10.004465281488775, 53.498035767955919 ], [ 10.004471694080044, 53.498033448819207 ], [ 10.004477983965909, 53.498031040822532 ], [ 10.004484120788868, 53.498028535232024 ], [ 10.004490135118809, 53.498025949768881 ], [ 10.004496027168253, 53.498023293420459 ], [ 10.004501766792018, 53.498020566440076 ], [ 10.004507399420177, 53.498017777435074 ], [ 10.004512894907666, 53.498014926658762 ], [ 10.004518268751886, 53.498012031959163 ], [ 10.004523536025436, 53.498009093209539 ], [ 10.004528681655716, 53.498006110536586 ], [ 10.004533705642819, 53.498003083940333 ], [ 10.004537806603835, 53.498000550511406 ] ] ] } },
{ "type": "Feature", "properties": { "gebaeude_id": "DEHHALKA10007htD", "dachneig": 13.586, "dachfl_2d": 85.026, "dachfl_3d": 87.45, "area_m2": 85.0, "expo_klasse": "sonnig", "schatten": 0.06, "solar_eignung": "Eignung 1 (geeignet, sehr hohe Einstrahlung)", "ertkwha_k": 614168.36, "pvarea_solar": 4417.59, "schatten_klasse": "sonnig", "gruendach_eignung": "sehr gut geeignet" }, "geometry": { "type": "Polygon", "coordinates": [ [ [ 10.004465281488775, 53.498035767955919 ], [ 10.004458745554842, 53.498037971270811 ], [ 10.004452086490776, 53.498040067751091 ], [ 10.004445303659267, 53.498042030434952 ], [ 10.004640865560649, 53.498084837866841 ], [ 10.004640630936144, 53.49808256560226 ], [ 10.004640224102184, 53.498078110439323 ], [ 10.004639862698417, 53.498073663883581 ], [ 10.004639516154826, 53.498069208213835 ], [ 10.004639214829041, 53.498064752164048 ], [ 10.004638928788291, 53.498060304974857 ], [ 10.004638672892749, 53.4980558575323 ], [ 10.004638409548532, 53.498050457310107 ], [ 10.004638251324641, 53.49804695289977 ], [ 10.004638070792007, 53.498042504823772 ], [ 10.004637920616954, 53.498038065481666 ], [ 10.004637770229516, 53.498033617152309 ], [ 10.004637559889977, 53.498024719733429 ], [ 10.004637519721841, 53.498022382910875 ], [ 10.004637038588436, 53.498017973317722 ], [ 10.004636406729739, 53.498013564991439 ], [ 10.004635579353115, 53.498009176286594 ], [ 10.004634511241006, 53.498004807583314 ], [ 10.004633157175871, 53.498000459261661 ], [ 10.004631457505008, 53.497996158790208 ], [ 10.004629337290877, 53.497991924776898 ], [ 10.004626631797981, 53.497987803551744 ], [ 10.004623162280772, 53.497983886507861 ], [ 10.004618691615638, 53.497980346430602 ], [ 10.00460770599577, 53.49797607007158 ], [ 10.004599089585639, 53.497975081779501 ], [ 10.00459039189966, 53.497975757149291 ], [ 10.004582577991878, 53.497977467823638 ], [ 10.004574919069219, 53.497979995200957 ], [ 10.004568111430531, 53.497982821051785 ], [ 10.004561478936472, 53.497986040949684 ], [ 10.004555078902809, 53.497989528565803 ], [ 10.0045494891733, 53.497992856557204 ], [ 10.004543192319446, 53.497996882650199 ], [ 10.004537806603835, 53.498000550511406 ], [ 10.004533705642819, 53.498003083940333 ], [ 10.004528681655716, 53.498006110536586 ], [ 10.004523536025436, 53.498009093209539 ], [ 10.004518268751886, 53.498012031959163 ], [ 10.004512894907666, 53.498014926658762 ], [ 10.004507399420177, 53.498017777435074 ], [ 10.004501766792018, 53.498020566440076 ], [ 10.004496027168253, 53.498023293420459 ], [ 10.004490135118809, 53.498025949768881 ], [ 10.004484120788868, 53.498028535232024 ], [ 10.004477983965909, 53.498031040822532 ], [ 10.004471694080044, 53.498033448819207 ], [ 10.004465281488775, 53.498035767955919 ] ] ] } },
{ "type": "Feature", "properties": { "gebaeude_id": "DEHHALKA10007htD", "dachneig": 0.0, "dachfl_2d": 25.208, "dachfl_3d": 25.208, "area_m2": 25.2, "expo_klasse": "sonnig", "schatten": 0.07, "solar_eignung": "Eignung 1 (geeignet, sehr hohe Einstrahlung)", "ertkwha_k": 2402.39, "pvarea_solar": 18.1, "schatten_klasse": "sonnig", "gruendach_eignung": "sehr gut geeignet" }, "geometry": { "type": "Polygon", "coordinates": [ [ [ 10.002304609465963, 53.498412875641108 ], [ 10.002315121626239, 53.498409227817042 ], [ 10.002316751195078, 53.498408647840364 ], [ 10.002326002992957, 53.498404615064928 ], [ 10.002333356076493, 53.498399977964745 ], [ 10.00233900342317, 53.498394609074829 ], [ 10.002342916583819, 53.49838858054661 ], [ 10.002345143532818, 53.498382008835904 ], [ 10.002345868958741, 53.498375054197425 ], [ 10.002345259933582, 53.498367769164616 ], [ 10.002325371824211, 53.49826536160343 ], [ 10.002088714464019, 53.498370198904162 ], [ 10.002247123982063, 53.498411514912171 ], [ 10.002250475607402, 53.498412358748929 ], [ 10.002261835873503, 53.498414627618644 ], [ 10.002272961594684, 53.498415900666629 ], [ 10.002283895656658, 53.49841607865357 ], [ 10.002294485211886, 53.498415072970424 ], [ 10.002304609465963, 53.498412875641108 ] ], [ [ 10.002301345421083, 53.498408714102752 ], [ 10.002292556066267, 53.498410621576781 ], [ 10.002283395450306, 53.49841148943058 ], [ 10.002273788634275, 53.498411336270607 ], [ 10.002263796757584, 53.498410197540423 ], [ 10.002253193730466, 53.498408075135643 ], [ 10.002250145466894, 53.498407309656947 ], [ 10.002103552600426, 53.49836907671726 ], [ 10.002319232729493, 53.498273530218945 ], [ 10.002337610433303, 53.498368147929632 ], [ 10.002338179772725, 53.498375028786924 ], [ 10.002337516142196, 53.498381407606303 ], [ 10.002335514244459, 53.498387294259892 ], [ 10.002332110608611, 53.498392554443711 ], [ 10.002327259380245, 53.498397161575021 ], [ 10.002320901540237, 53.498401170082879 ], [ 10.002312515267601, 53.498404827047928 ], [ 10.002311229403077, 53.498405278295323 ], [ 10.002301345421083, 53.498408714102752 ] ] ] } },
{ "type": "Feature", "properties": { "gebaeude_id": "DEHHALKA10007htD", "dachneig": 0.0, "dachfl_2d": 127.152, "dachfl_3d": 127.152, "area_m2": 127.2, "expo_klasse": "sonnig", "schatten": 0.08, "solar_eignung": "Eignung 1 (geeignet, sehr hohe Einstrahlung)", "ertkwha_k": 28847.91, "pvarea_solar": 195.94, "schatten_klasse": "sonnig", "gruendach_eignung": "sehr gut geeignet" }, "geometry": { "type": "Polygon", "coordinates": [ [ [ 10.002319232729493, 53.498273530218945 ], [ 10.002103552600426, 53.49836907671726 ], [ 10.002250145466894, 53.498407309656947 ], [ 10.002253193730466, 53.498408075135643 ], [ 10.002263796757584, 53.498410197540423 ], [ 10.002273788634275, 53.498411336270607 ], [ 10.002283395450306, 53.49841148943058 ], [ 10.002292556066267, 53.498410621576781 ], [ 10.002301345421083, 53.498408714102752 ], [ 10.002311229403077, 53.498405278295323 ], [ 10.002312515267601, 53.498404827047928 ], [ 10.002320901540237, 53.498401170082879 ], [ 10.002327259380245, 53.498397161575021 ], [ 10.002332110608611, 53.498392554443711 ], [ 10.002335514244459, 53.498387294259892 ], [ 10.002337516142196, 53.498381407606303 ], [ 10.002338179772725, 53.498375028786924 ], [ 10.002337610433303, 53.498368147929632 ], [ 10.002319232729493, 53.498273530218945 ] ] ] } },
{ "type": "Feature", "properties": { "gebaeude_id": "DEHHALKA10007htD", "dachneig": 0.0, "dachfl_2d": 34.555, "dachfl_3d": 34.555, "area_m2": 34.6, "expo_klasse": "sonnig", "schatten": 0.08, "solar_eignung": "Eignung 1 (geeignet, sehr hohe Einstrahlung)", "ertkwha_k": 218747.82, "pvarea_solar": 1575.62, "schatten_klasse": "sonnig", "gruendach_eignung": "sehr gut geeignet" }, "geometry": { "type": "Polygon", "coordinates": [ [ [ 10.00330002378621, 53.498018794184894 ], [ 10.003300504070364, 53.498011679793869 ], [ 10.003300342546678, 53.498009308033481 ], [ 10.003268886522124, 53.497847391146841 ], [ 10.002955547540472, 53.497986205295831 ], [ 10.003201587078575, 53.498050363051419 ], [ 10.00321069363571, 53.498052318150506 ], [ 10.003222206287141, 53.498054019338113 ], [ 10.003233592426996, 53.498054831667901 ], [ 10.003244667789042, 53.49805461286126 ], [ 10.003255234095365, 53.498053265702701 ], [ 10.003265155267744, 53.498050773356468 ], [ 10.003274132824837, 53.498047264175021 ], [ 10.0032822572015, 53.498042737399601 ], [ 10.003289143937376, 53.498037510875029 ], [ 10.00329441982576, 53.498031740548505 ], [ 10.003298040498176, 53.498025462748956 ], [ 10.00330002378621, 53.498018794184894 ] ], [ [ 10.003292444211903, 53.498018300483928 ], [ 10.003290656873697, 53.498024329178669 ], [ 10.003287441681769, 53.498029902426524 ], [ 10.003282768278407, 53.498035011493037 ], [ 10.003276651947958, 53.498039665238878 ], [ 10.003269420042921, 53.49804368113459 ], [ 10.003261562955906, 53.498046758424387 ], [ 10.003252945670907, 53.498048925208501 ], [ 10.003243732076875, 53.4980500992096 ], [ 10.003233922386666, 53.49805028941482 ], [ 10.003223578376275, 53.498049558229006 ], [ 10.003212897687026, 53.498047975905855 ], [ 10.003204382142897, 53.498046150682647 ], [ 10.002970310792309, 53.497985110596254 ], [ 10.003262822394667, 53.497855532215809 ], [ 10.003292768058566, 53.498009668252145 ], [ 10.003292906022109, 53.498011680647224 ], [ 10.003292444211903, 53.498018300483928 ] ] ] } },
{ "type": "Feature", "properties": { "gebaeude_id": "DEHHALKA10007htD", "dachneig": 0.0, "dachfl_2d": 243.197, "dachfl_3d": 243.197, "area_m2": 243.2, "expo_klasse": "sonnig", "schatten": 0.08, "solar_eignung": "Eignung 1 (geeignet, sehr hohe Einstrahlung)", "ertkwha_k": 218747.82, "pvarea_solar": 1575.62, "schatten_klasse": "sonnig", "gruendach_eignung": "sehr gut geeignet" }, "geometry": { "type": "Polygon", "coordinates": [ [ [ 10.003292906022109, 53.498011680647224 ], [ 10.003292768058566, 53.498009668252145 ], [ 10.003262822394667, 53.497855532215809 ], [ 10.002970310792309, 53.497985110596254 ], [ 10.003204382142897, 53.498046150682647 ], [ 10.003212897687026, 53.498047975905855 ], [ 10.003223578376275, 53.498049558229006 ], [ 10.003233922386666, 53.49805028941482 ], [ 10.003243732076875, 53.4980500992096 ], [ 10.003252945670907, 53.498048925208501 ], [ 10.003261562955906, 53.498046758424387 ], [ 10.003269420042921, 53.49804368113459 ], [ 10.003276651947958, 53.498039665238878 ], [ 10.003282768278407, 53.498035011493037 ], [ 10.003287441681769, 53.498029902426524 ], [ 10.003290656873697, 53.498024329178669 ], [ 10.003292444211903, 53.498018300483928 ], [ 10.003292906022109, 53.498011680647224 ] ] ] } },
{ "type": "Feature", "properties": { "gebaeude_id": "DEHHALKA10007htD", "dachneig": 0.0, "dachfl_2d": 39.288, "dachfl_3d": 39.288, "area_m2": 39.3, "expo_klasse": "sonnig", "schatten": 0.08, "solar_eignung": "Eignung 2 (geeignet, hohe Einstrahlung)", "ertkwha_k": 11572.69, "pvarea_solar": 84.26, "schatten_klasse": "sonnig", "gruendach_eignung": "sehr gut geeignet" }, "geometry": { "type": "Polygon", "coordinates": [ [ [ 10.003451723894463, 53.4977663928968 ], [ 10.003717406778202, 53.497835679246485 ], [ 10.003729331864012, 53.497838887086722 ], [ 10.003740878442457, 53.497841387967249 ], [ 10.003752438185137, 53.49784316960988 ], [ 10.003763841473164, 53.497844071635733 ], [ 10.003774858609814, 53.497843943159495 ], [ 10.003785275395307, 53.497842651143905 ], [ 10.003795135347941, 53.497840123311086 ], [ 10.003805023321641, 53.497836867126857 ], [ 10.003813037848241, 53.497832799680246 ], [ 10.003819672710671, 53.497827764010495 ], [ 10.003824931093369, 53.497821894927171 ], [ 10.003828877744608, 53.497815380657279 ], [ 10.003831652562882, 53.497808399807617 ], [ 10.003833410094622, 53.497801112883728 ], [ 10.003833663353623, 53.497799070236226 ], [ 10.003803424629902, 53.497643453586633 ], [ 10.003803246309754, 53.497639095381587 ], [ 10.003803518675905, 53.497634670468109 ], [ 10.003804272934513, 53.497630223529448 ], [ 10.003805524157835, 53.497625754439078 ], [ 10.00380725833465, 53.497621308259959 ], [ 10.003809476314077, 53.497616920941319 ], [ 10.00381220845297, 53.497612601217249 ], [ 10.003815395310751, 53.497608385543217 ], [ 10.00381905280886, 53.497604309741753 ], [ 10.003820291080629, 53.497603121773238 ], [ 10.003451723894463, 53.4977663928968 ] ], [ [ 10.003825449707875, 53.497799175173448 ], [ 10.003825272235222, 53.497800596938134 ], [ 10.003823610868631, 53.497807487534878 ], [ 10.003821035600046, 53.497813981298279 ], [ 10.003817436888374, 53.497819908355773 ], [ 10.003812795415032, 53.497825089088025 ], [ 10.003807108420114, 53.497829406659989 ], [ 10.003800360406705, 53.497832843223577 ], [ 10.003791534300669, 53.497835739915857 ], [ 10.003782798204194, 53.49783797964897 ], [ 10.003773929639866, 53.497839078881036 ], [ 10.003764299172857, 53.497839195712281 ], [ 10.003754013372532, 53.497838374192924 ], [ 10.003743300874142, 53.497836720271756 ], [ 10.003732421094654, 53.497834366606327 ], [ 10.003720723795199, 53.497831228766238 ], [ 10.003465704567189, 53.497764720415525 ], [ 10.003803418482251, 53.497615111076882 ], [ 10.003807091052925, 53.497618055618759 ], [ 10.003791604897172, 53.497624918492015 ], [ 10.003825449707875, 53.497799175173448 ] ] ] } },
{ "type": "Feature", "properties": { "gebaeude_id": "DEHHALKA10007htD", "dachneig": 0.0, "dachfl_2d": 302.802, "dachfl_3d": 302.802, "area_m2": 302.8, "expo_klasse": "sonnig", "schatten": 0.11, "solar_eignung": "Eignung 2 (geeignet, hohe Einstrahlung)", "ertkwha_k": 7242.9, "pvarea_solar": 53.13, "schatten_klasse": "sonnig", "gruendach_eignung": "sehr gut geeignet" }, "geometry": { "type": "Polygon", "coordinates": [ [ [ 10.003825272235222, 53.497800596938134 ], [ 10.003825449707875, 53.497799175173448 ], [ 10.003791604897172, 53.497624918492015 ], [ 10.003807091052925, 53.497618055618759 ], [ 10.003803418482251, 53.497615111076882 ], [ 10.003465704567189, 53.497764720415525 ], [ 10.003720723795199, 53.497831228766238 ], [ 10.003732421094654, 53.497834366606327 ], [ 10.003743300874142, 53.497836720271756 ], [ 10.003754013372532, 53.497838374192924 ], [ 10.003764299172857, 53.497839195712281 ], [ 10.003773929639866, 53.497839078881036 ], [ 10.003782798204194, 53.49783797964897 ], [ 10.003791534300669, 53.497835739915857 ], [ 10.003800360406705, 53.497832843223577 ], [ 10.003807108420114, 53.497829406659989 ], [ 10.003812795415032, 53.497825089088025 ], [ 10.003817436888374, 53.497819908355773 ], [ 10.003821035600046, 53.497813981298279 ], [ 10.003823610868631, 53.497807487534878 ], [ 10.003825272235222, 53.497800596938134 ] ] ] } },
{ "type": "Feature", "properties": { "gebaeude_id": "DEHHALKA10007htD", "dachneig": 0.0, "dachfl_2d": 27.744, "dachfl_3d": 27.744, "area_m2": 27.7, "expo_klasse": "sonnig", "schatten": 0.12, "solar_eignung": "Eignung 1 (geeignet, sehr hohe Einstrahlung)", "ertkwha_k": 20135.08, "pvarea_solar": 145.75, "schatten_klasse": "sonnig", "gruendach_eignung": "sehr gut geeignet" }, "geometry": { "type": "Polygon", "coordinates": [ [ [ 10.002507243046582, 53.498184795405876 ], [ 10.002506676223781, 53.49818505185403 ], [ 10.002698760427148, 53.498235145810213 ], [ 10.002710291769498, 53.498237637929044 ], [ 10.002721698095161, 53.498239304100522 ], [ 10.002732961149974, 53.498240009641769 ], [ 10.002743912589406, 53.498239648096138 ], [ 10.002754354347763, 53.498238131234586 ], [ 10.00276418070386, 53.498235450955107 ], [ 10.002773736206638, 53.498231514476565 ], [ 10.002782107363357, 53.498226581156786 ], [ 10.002788645187458, 53.498221258708966 ], [ 10.002793497224559, 53.498215411059277 ], [ 10.002796634390258, 53.498209083397484 ], [ 10.002798074514866, 53.498202392431971 ], [ 10.00279795176812, 53.498195274113691 ], [ 10.002797630835241, 53.498193173362438 ], [ 10.002773125850718, 53.49806701051876 ], [ 10.002507243046582, 53.498184795405876 ] ], [ [ 10.00276720362803, 53.49807478181917 ], [ 10.00279028451966, 53.498193621525552 ], [ 10.002790554720415, 53.498195488986461 ], [ 10.002790666225923, 53.498202130978029 ], [ 10.002789376629554, 53.49820817346712 ], [ 10.002786584663934, 53.498213797084766 ], [ 10.002782304552833, 53.49821896575525 ], [ 10.00277647642951, 53.498223697958807 ], [ 10.00276904233592, 53.49822809306125 ], [ 10.002760517089486, 53.498231607398843 ], [ 10.002751918842986, 53.498233944779273 ], [ 10.002742814096015, 53.498235261653598 ], [ 10.002733143194886, 53.49823558548929 ], [ 10.002722967278991, 53.498234951729764 ], [ 10.00271243834765, 53.498233413034107 ], [ 10.002701513092214, 53.498231050667229 ], [ 10.00252080565922, 53.49818392657 ], [ 10.00276720362803, 53.49807478181917 ] ] ] } },
{ "type": "Feature", "properties": { "gebaeude_id": "DEHHALKA10007htD", "dachneig": 0.0, "dachfl_2d": 169.532, "dachfl_3d": 169.532, "area_m2": 169.5, "expo_klasse": "sonnig", "schatten": 0.14, "solar_eignung": "Eignung 1 (geeignet, sehr hohe Einstrahlung)", "ertkwha_k": 47954.25, "pvarea_solar": 338.5, "schatten_klasse": "sonnig", "gruendach_eignung": "sehr gut geeignet" }, "geometry": { "type": "Polygon", "coordinates": [ [ [ 10.002789376629554, 53.49820817346712 ], [ 10.002790666225923, 53.498202130978029 ], [ 10.002790554720415, 53.498195488986461 ], [ 10.00279028451966, 53.498193621525552 ], [ 10.00276720362803, 53.49807478181917 ], [ 10.00252080565922, 53.49818392657 ], [ 10.002701513092214, 53.498231050667229 ], [ 10.00271243834765, 53.498233413034107 ], [ 10.002722967278991, 53.498234951729764 ], [ 10.002733143194886, 53.49823558548929 ], [ 10.002742814096015, 53.498235261653598 ], [ 10.002751918842986, 53.498233944779273 ], [ 10.002760517089486, 53.498231607398843 ], [ 10.00276904233592, 53.49822809306125 ], [ 10.00277647642951, 53.498223697958807 ], [ 10.002782304552833, 53.49821896575525 ], [ 10.002786584663934, 53.498213797084766 ], [ 10.002789376629554, 53.49820817346712 ] ] ] } },
{ "type": "Feature", "properties": { "gebaeude_id": "DEHHALKA10007htD", "dachneig": 0.0, "dachfl_2d": 2164.235, "dachfl_3d": 2164.235, "area_m2": 2164.2, "expo_klasse": "sonnig", "schatten": 0.14, "solar_eignung": "Eignung 1 (geeignet, sehr hohe Einstrahlung)", "ertkwha_k": 47954.25, "pvarea_solar": 338.5, "schatten_klasse": "sonnig", "gruendach_eignung": "sehr gut geeignet" }, "geometry": { "type": "Polygon", "coordinates": [ [ [ 10.001961271284733, 53.498651807316222 ], [ 10.001974603194826, 53.498653295614446 ], [ 10.001977563392915, 53.498653522493939 ], [ 10.001986550583711, 53.498653608959522 ], [ 10.002000072589077, 53.49865292929438 ], [ 10.002013345827484, 53.49865128988219 ], [ 10.002026204921378, 53.498648710087501 ], [ 10.002038454771565, 53.498645227502358 ], [ 10.002049900702879, 53.498640897693399 ], [ 10.00206040811956, 53.498635766734573 ], [ 10.002069798479296, 53.498629935002896 ], [ 10.002079494530374, 53.498624280489068 ], [ 10.002089389279924, 53.498618741166609 ], [ 10.002089701781376, 53.498618567754249 ], [ 10.002099467867133, 53.498613326149105 ], [ 10.002109715007256, 53.498608026575596 ], [ 10.002120145985115, 53.498602851306948 ], [ 10.002130730443172, 53.498597791608553 ], [ 10.002130983924888, 53.498597672625387 ], [ 10.002141483666229, 53.498592856341311 ], [ 10.002141722287051, 53.498592746471815 ], [ 10.00215239058152, 53.498588045631564 ], [ 10.002153539738737, 53.498587550586727 ], [ 10.002163435904395, 53.498583350618262 ], [ 10.002163674737066, 53.498583249736029 ], [ 10.002174634919635, 53.498578780162426 ], [ 10.002185957269804, 53.498574325529383 ], [ 10.002186076792048, 53.498574279581916 ], [ 10.002197418239653, 53.498569995580056 ], [ 10.002197463033975, 53.498569977226296 ], [ 10.002208987471791, 53.498565781579771 ], [ 10.002220695111799, 53.498561683275852 ], [ 10.002232511014199, 53.498557700921005 ], [ 10.002244420318318, 53.498553843628841 ], [ 10.00225651261279, 53.498550074691813 ], [ 10.002268915898469, 53.498546707654192 ], [ 10.002281212401147, 53.498543287576233 ], [ 10.002293462199836, 53.498539804965091 ], [ 10.002305650009719, 53.498536250959951 ], [ 10.002317775618861, 53.498532616573449 ], [ 10.002329823954391, 53.498528901932026 ], [ 10.002341795016312, 53.498525107035704 ], [ 10.002353703665332, 53.49852122277084 ], [ 10.002365519543883, 53.498517240402876 ], [ 10.002377227791268, 53.498513169045616 ], [ 10.002388843056092, 53.498508990598062 ], [ 10.002400350265651, 53.498504705186654 ], [ 10.002400484860194, 53.498504659112541 ], [ 10.002411734135103, 53.498500303950536 ], [ 10.002422994664444, 53.498495786889748 ], [ 10.002434101284152, 53.498491136282475 ], [ 10.002445038921449, 53.49848635225527 ], [ 10.002455807576322, 53.498481434808149 ], [ 10.002466376679264, 53.498476366219371 ], [ 10.002476730945535, 53.498471137628115 ], [ 10.002486840017594, 53.49846574029997 ], [ 10.002494740163774, 53.49846128737223 ], [ 10.002504390265523, 53.498455606241613 ], [ 10.002514208496631, 53.498450022579846 ], [ 10.002524195069116, 53.498444545374255 ], [ 10.002534349983003, 53.498439174624764 ], [ 10.002544658377657, 53.498433919445041 ], [ 10.002545164912734, 53.49843366350234 ], [ 10.002555135325757, 53.498428779708682 ], [ 10.002565765754643, 53.498423755541921 ], [ 10.002576549876395, 53.498418855932201 ], [ 10.002587069684324, 53.49841425517797 ], [ 10.002587502551712, 53.498414071765644 ], [ 10.002598593847262, 53.498409412282385 ], [ 10.00260982376307, 53.498404877482379 ], [ 10.002621207371917, 53.498400467239129 ], [ 10.002632714740551, 53.498396190792803 ], [ 10.00264391236594, 53.498392204594026 ], [ 10.002644360941662, 53.498392048016932 ], [ 10.002656145763309, 53.498388029924165 ], [ 10.002668054556976, 53.498384154615458 ], [ 10.002680071825971, 53.498380404242674 ], [ 10.002692213067123, 53.498376796653865 ], [ 10.002692257861023, 53.498376778299949 ], [ 10.002704462995782, 53.498373322988229 ], [ 10.002716821612108, 53.498369983245688 ], [ 10.002729273843455, 53.498366777552583 ], [ 10.002738492006172, 53.498364515875082 ], [ 10.002750913240682, 53.498361274483457 ], [ 10.002763256352948, 53.498357916887976 ], [ 10.002775506270325, 53.498354443215078 ], [ 10.002787662780619, 53.498350844477493 ], [ 10.002799711023131, 53.498347129789025 ], [ 10.002811666070526, 53.498343299023226 ], [ 10.002823497353162, 53.498339334458443 ], [ 10.002835205507255, 53.498335263056674 ], [ 10.002846804969172, 53.49833105772948 ], [ 10.002847029150288, 53.49833097494691 ], [ 10.002858266017666, 53.498326736704463 ], [ 10.002869603513261, 53.498322290867968 ], [ 10.002880473966254, 53.498317857938076 ], [ 10.002880802383263, 53.498317720346428 ], [ 10.002891862839684, 53.49831303412715 ], [ 10.002902769809831, 53.498308232336719 ], [ 10.00291353815423, 53.498303305861342 ], [ 10.002924137939626, 53.498298263941365 ], [ 10.002934584026562, 53.498293097463005 ], [ 10.002944876839194, 53.49828782440094 ], [ 10.0029469762049, 53.498286710118094 ], [ 10.002956641279008, 53.498281028824785 ], [ 10.002966489979672, 53.498275462847829 ], [ 10.002976522519026, 53.498270021174498 ], [ 10.002986738897116, 53.498264703804757 ], [ 10.002997139113891, 53.4982595107385 ], [ 10.003007707884674, 53.498254433114951 ], [ 10.003018445633719, 53.498249488908591 ], [ 10.003029321791571, 53.498244660397788 ], [ 10.00304036671564, 53.498239956316795 ], [ 10.003051550260711, 53.498235376918551 ], [ 10.003062872214716, 53.498230913215728 ], [ 10.003074317929352, 53.498226583309346 ], [ 10.003085901840882, 53.498222360111022 ], [ 10.003097594228388, 53.498218261848308 ], [ 10.00309799800703, 53.498218123623587 ], [ 10.00310941016456, 53.498214288394628 ], [ 10.00312131907997, 53.498210422028372 ], [ 10.003133351544179, 53.498206680471121 ], [ 10.00313339633775, 53.49820666211702 ], [ 10.003145461915141, 53.498203046127692 ], [ 10.003157680338157, 53.498199518745103 ], [ 10.003169692197792, 53.498196181865502 ], [ 10.003169976880162, 53.498196107563622 ], [ 10.003182366401765, 53.498192803469408 ], [ 10.003194833830381, 53.49818960658893 ], [ 10.00320736409352, 53.498186517048737 ], [ 10.003213420329518, 53.498185063922158 ], [ 10.003226121692757, 53.498182197670801 ], [ 10.003238730072626, 53.498179224329554 ], [ 10.003251259905092, 53.498176116810171 ], [ 10.003263696541843, 53.498172893213706 ], [ 10.003276039770592, 53.498169544552887 ], [ 10.003288289379075, 53.49816606184045 ], [ 10.003300445579379, 53.498162454063809 ], [ 10.003312478226254, 53.498158721475889 ], [ 10.003324387107419, 53.498154855089517 ], [ 10.003336187507593, 53.49815086376551 ], [ 10.003347848857102, 53.498146729782292 ], [ 10.003359386652907, 53.498142470988029 ], [ 10.00337078582227, 53.498138087509275 ], [ 10.003382030868215, 53.498133561497994 ], [ 10.003393122002878, 53.498128901941527 ], [ 10.003404059438372, 53.49812411782721 ], [ 10.003414827889888, 53.498119200294305 ], [ 10.003425442429997, 53.49811414921637 ], [ 10.003434085212715, 53.49810986977279 ], [ 10.003443979877577, 53.498104339326417 ], [ 10.003453996818131, 53.498098879765244 ], [ 10.003464151743682, 53.498093517924673 ], [ 10.003474444441977, 53.498088244817325 ], [ 10.003484875125325, 53.498083069430464 ], [ 10.003495428721122, 53.498077991890661 ], [ 10.003495473302138, 53.498077964549154 ], [ 10.003506120514142, 53.498073021058545 ], [ 10.003516965364833, 53.49806814782027 ], [ 10.003517025018404, 53.498068120352237 ], [ 10.003527933552508, 53.498063390403495 ], [ 10.003539039937566, 53.498058739694343 ], [ 10.00353909959111, 53.498058712226289 ], [ 10.003550284944499, 53.498054213667359 ], [ 10.003550329737717, 53.498054195313102 ], [ 10.003561653500826, 53.498049812449068 ], [ 10.003561698294034, 53.498049794094797 ], [ 10.003573175751685, 53.498045535786268 ], [ 10.003584821552057, 53.498041383932097 ], [ 10.003596591326438, 53.498037374861028 ], [ 10.003608439857334, 53.498033508952773 ], [ 10.003608499723045, 53.498033490472004 ], [ 10.003620547378645, 53.498029757726719 ], [ 10.003632569344273, 53.498026213966583 ], [ 10.003632704148217, 53.498026176878334 ], [ 10.003644984892196, 53.498022738812963 ], [ 10.00365712000289, 53.498019517707043 ], [ 10.003657374750372, 53.498019452644414 ], [ 10.003669889007645, 53.498016327233366 ], [ 10.00368251237933, 53.498013353719102 ], [ 10.003695230217513, 53.498010550202693 ], [ 10.003695800214723, 53.498010428558281 ], [ 10.003708057594894, 53.498007916557505 ], [ 10.003711944189629, 53.498007155805368 ], [ 10.003724928870723, 53.498004799498801 ], [ 10.00373781950651, 53.498002291166301 ], [ 10.003738149616435, 53.498002225470657 ], [ 10.003750630957033, 53.497999621693992 ], [ 10.003763348361984, 53.497996800195757 ], [ 10.003775956648667, 53.497993826798215 ], [ 10.003788006188353, 53.497990813146316 ], [ 10.00378847067725, 53.49799069238756 ], [ 10.003800860727113, 53.49798741519151 ], [ 10.003813156730944, 53.497983985969675 ], [ 10.003825328543535, 53.497980404975223 ], [ 10.003837376589408, 53.497976690182831 ], [ 10.003849285371313, 53.497972823744519 ], [ 10.003861085458876, 53.49796882338169 ], [ 10.003872731422145, 53.49796468048693 ], [ 10.003884253830602, 53.497960412781637 ], [ 10.0038956373995, 53.497956011405165 ], [ 10.00390688234098, 53.497951485344863 ], [ 10.00391798865502, 53.497946834600732 ], [ 10.00392258449471, 53.497944827392011 ], [ 10.003980426141394, 53.497919172144428 ], [ 10.003974556567851, 53.497919589998411 ], [ 10.003966120208784, 53.497919840641103 ], [ 10.003957554776729, 53.497919732804277 ], [ 10.003948920349648, 53.497919256994145 ], [ 10.003940292077971, 53.497918403590518 ], [ 10.003931730252045, 53.497917172086879 ], [ 10.003923310446831, 53.497915570837584 ], [ 10.003915092952651, 53.497913599336385 ], [ 10.003907153769136, 53.497911283912153 ], [ 10.003899553398762, 53.497908633045867 ], [ 10.003892337908395, 53.497905682307021 ], [ 10.003885553152513, 53.497902458277785 ], [ 10.003879260270397, 53.497898996401013 ], [ 10.003873460111214, 53.497895332625994 ], [ 10.003868183669153, 53.497891502648827 ], [ 10.003863461938311, 53.497887542165522 ], [ 10.003859265622784, 53.497883487378544 ], [ 10.003855610431842, 53.497879365123175 ], [ 10.003852497426804, 53.497875220336027 ], [ 10.003849866954505, 53.497871080485332 ], [ 10.003847734724063, 53.497866972406413 ], [ 10.003846055730268, 53.497862905466341 ], [ 10.003838766142374, 53.497825545158989 ], [ 10.003832347180783, 53.497832700438849 ], [ 10.003823979833193, 53.497839063064539 ], [ 10.003813656456771, 53.49784430949299 ], [ 10.003801778701503, 53.497848211623698 ], [ 10.003789835984252, 53.497851278314656 ], [ 10.003776548206202, 53.497852927036732 ], [ 10.003762984029146, 53.497853085891641 ], [ 10.003749541495193, 53.497852012220029 ], [ 10.003736408268018, 53.497849992096306 ], [ 10.003723649520595, 53.497847231722162 ], [ 10.00371128435909, 53.49784390172978 ], [ 10.003432783716468, 53.497771271166762 ], [ 10.00341906228452, 53.497768599743672 ], [ 10.003405858404548, 53.49776677793659 ], [ 10.003392387246883, 53.497765767388699 ], [ 10.003378832863246, 53.497765701391039 ], [ 10.003365363383846, 53.497766677411995 ], [ 10.003352235888254, 53.497768729249977 ], [ 10.003339706183013, 53.497771836779584 ], [ 10.003327967450957, 53.497775881521413 ], [ 10.003317091871057, 53.497780728033668 ], [ 10.003313524766954, 53.49778288838727 ], [ 10.003304638733825, 53.497788994646996 ], [ 10.003296850434445, 53.497795622047349 ], [ 10.00329041546453, 53.497802741475894 ], [ 10.003285558638636, 53.497810297111336 ], [ 10.003282442996319, 53.497818170727335 ], [ 10.003281125433714, 53.497826218021288 ], [ 10.003281542479176, 53.497834304689817 ], [ 10.003315386438999, 53.498008606454988 ], [ 10.003315609731541, 53.498011678844833 ], [ 10.003315061930556, 53.498019764622917 ], [ 10.003312687167931, 53.498027730900318 ], [ 10.003308269758863, 53.498035381727689 ], [ 10.003301789113074, 53.498042483561704 ], [ 10.003293406572089, 53.498048846277051 ], [ 10.003283481330845, 53.498054358989535 ], [ 10.00327227811799, 53.498058740815281 ], [ 10.003259779527585, 53.498061893020228 ], [ 10.00324650758372, 53.49806357750645 ], [ 10.003235628162635, 53.498063794668603 ], [ 10.003232945882688, 53.498063844149101 ], [ 10.003219475907638, 53.498062887505974 ], [ 10.003206313979579, 53.498060930488364 ], [ 10.003196010747859, 53.498058733738461 ], [ 10.002931965315154, 53.497989863966296 ], [ 10.002920971959313, 53.497987807819619 ], [ 10.002907724723054, 53.497986067222897 ], [ 10.00289424076743, 53.497985155605868 ], [ 10.002880674210582, 53.497985215500655 ], [ 10.002867253896827, 53.497986361845093 ], [ 10.002854221622007, 53.497988619577711 ], [ 10.002841863339269, 53.497991968321458 ], [ 10.002830386882234, 53.497996271496575 ], [ 10.002819864007719, 53.498001375687032 ], [ 10.00281292226139, 53.498005550923978 ], [ 10.002804356662628, 53.498011825249918 ], [ 10.002797191945005, 53.498018690090355 ], [ 10.002791607070842, 53.498026063042524 ], [ 10.002787764869888, 53.498033816893454 ], [ 10.002785631804684, 53.49804180809948 ], [ 10.002785098975064, 53.498049893749055 ], [ 10.002785233324873, 53.498051115136263 ], [ 10.002812639566594, 53.4981922564047 ], [ 10.0028130320309, 53.498194832976793 ], [ 10.002813162612146, 53.498202922049515 ], [ 10.002811437140595, 53.498210936803382 ], [ 10.002807610211661, 53.49821869951559 ], [ 10.002801585238313, 53.498225950313149 ], [ 10.002793568146572, 53.498232471730191 ], [ 10.002783933630846, 53.498238170732137 ], [ 10.002782815696063, 53.49823871046658 ], [ 10.002771662690241, 53.498243307561452 ], [ 10.002759319611796, 53.498246665157716 ], [ 10.002746128466592, 53.498248582626132 ], [ 10.002735267460675, 53.498248943413302 ], [ 10.002732586228646, 53.498249037819072 ], [ 10.002719088392766, 53.498248180232935 ], [ 10.002705912417218, 53.49824626822339 ], [ 10.002693168688648, 53.498243507613275 ], [ 10.00250008330093, 53.498193152372878 ], [ 10.002493395359981, 53.498191473573975 ], [ 10.002480579054446, 53.498188830407948 ], [ 10.002467445357476, 53.49818679217055 ], [ 10.002454057315044, 53.498185475190894 ], [ 10.002440508966179, 53.498185031494515 ], [ 10.002426984785311, 53.498185612348507 ], [ 10.002413728477235, 53.498187323578023 ], [ 10.002401042129161, 53.498190189616956 ], [ 10.002389210847896, 53.498194154139966 ], [ 10.002378119797044, 53.498198822591135 ], [ 10.002367964708254, 53.498204184340082 ], [ 10.002359002240016, 53.498210255212911 ], [ 10.002351502851599, 53.498216996985541 ], [ 10.002345675016375, 53.498224300041095 ], [ 10.002341560349189, 53.498232011216501 ], [ 10.002339139962597, 53.498239968867111 ], [ 10.002338229806218, 53.498248039700165 ], [ 10.002338629719093, 53.498255407388399 ], [ 10.00236030312209, 53.498367031756516 ], [ 10.00236097602259, 53.498375107292254 ], [ 10.002360141443193, 53.498383186480581 ], [ 10.002357448895577, 53.498391110457355 ], [ 10.002352561480031, 53.498398657320685 ], [ 10.002345351194633, 53.498405513526158 ], [ 10.00233602227285, 53.49841138971027 ], [ 10.002325069357633, 53.498416164866676 ], [ 10.002322751956143, 53.498416984327299 ], [ 10.002311028657179, 53.498421055805579 ], [ 10.002298279609999, 53.498423823479108 ], [ 10.002284892254286, 53.498425095328173 ], [ 10.002271318984258, 53.498424876548235 ], [ 10.002258001360836, 53.498423352207176 ], [ 10.002245141477093, 53.498420781293788 ], [ 10.002241168055395, 53.498419780867287 ], [ 10.002071670023232, 53.498375573440242 ], [ 10.002071624593288, 53.498375564832017 ], [ 10.002061641895237, 53.498373536089588 ], [ 10.002048494359387, 53.498371551856543 ], [ 10.002035064443668, 53.498370379006033 ], [ 10.002021506264734, 53.498370160071275 ], [ 10.002008018097532, 53.498370992269813 ], [ 10.001994842163439, 53.49837291851653 ], [ 10.001982218564876, 53.498375891853449 ], [ 10.001970355987659, 53.498379811651546 ], [ 10.001959049162661, 53.498384284112412 ], [ 10.001949108596444, 53.498389796841273 ], [ 10.001940573149902, 53.498396079840433 ], [ 10.001933301871702, 53.498402909564874 ], [ 10.001927155293737, 53.498410125380452 ], [ 10.001925157505017, 53.498412991663372 ], [ 10.001884010744915, 53.498577746738512 ], [ 10.001882205058379, 53.498585564390417 ], [ 10.001881656766702, 53.498593641175134 ], [ 10.001882691326683, 53.498601713681495 ], [ 10.001885486010273, 53.498609627609362 ], [ 10.001890157586651, 53.498617220176463 ], [ 10.001896671885198, 53.498624320876552 ], [ 10.001904814497607, 53.498630787681428 ], [ 10.001913881241707, 53.498636806274845 ], [ 10.001924300116633, 53.498641986538722 ], [ 10.001935857560596, 53.498646222394008 ], [ 10.001948281415528, 53.498649480165426 ], [ 10.001961271284733, 53.498651807316222 ] ], [ [ 10.002997674176417, 53.498054789029879 ], [ 10.003014997133379, 53.498059308996325 ], [ 10.003010367402739, 53.498065631210864 ], [ 10.002993029371121, 53.498061111370241 ], [ 10.002997674176417, 53.498054789029879 ] ], [ [ 10.002642005876522, 53.498334402852727 ], [ 10.002635645371939, 53.498336379868846 ], [ 10.002629300575569, 53.498338383720046 ], [ 10.002623001844759, 53.498340423140768 ], [ 10.002616719034156, 53.498342498383963 ], [ 10.002610451931719, 53.498344600462318 ], [ 10.002604230894804, 53.498346738110243 ], [ 10.00259802577807, 53.498348911580543 ], [ 10.002591866514804, 53.498351111633177 ], [ 10.002585723171698, 53.498353347508235 ], [ 10.002579610609386, 53.498355610092005 ], [ 10.002571885464027, 53.498358533414866 ], [ 10.002565565911357, 53.498360968526534 ], [ 10.00255926227875, 53.498363439460697 ], [ 10.002553004711494, 53.498365945964345 ], [ 10.002546777712936, 53.498368470189497 ], [ 10.002540581919094, 53.498371039097933 ], [ 10.002534431978594, 53.498373634588681 ], [ 10.002528313030799, 53.498376265775462 ], [ 10.002522239936321, 53.49837892354455 ], [ 10.002516212907205, 53.4983816168833 ], [ 10.00251021665874, 53.498384336930791 ], [ 10.002504266687639, 53.498387101535229 ], [ 10.002498362569849, 53.49838989272196 ], [ 10.002492504517386, 53.498392719478417 ], [ 10.002486753881065, 53.498395626235308 ], [ 10.002480357470422, 53.498397999063485 ], [ 10.002473325058157, 53.498399613154056 ], [ 10.002465879130643, 53.498400313826608 ], [ 10.002458350227425, 53.498400053363532 ], [ 10.002451042558903, 53.498398946071475 ], [ 10.002444152282344, 53.498396999294449 ], [ 10.002437985727905, 53.498394417212154 ], [ 10.002432783210626, 53.498391161853 ], [ 10.002428833655539, 53.498387338662965 ], [ 10.002426186732444, 53.498383135996086 ], [ 10.002402147144197, 53.498259405220388 ], [ 10.002402981162867, 53.498255137404236 ], [ 10.002405849584084, 53.498250196324342 ], [ 10.002410329907379, 53.498245843994333 ], [ 10.002416406847754, 53.498242071553214 ], [ 10.002423740518458, 53.498239169501552 ], [ 10.002431732254534, 53.498237322641437 ], [ 10.002440201184886, 53.498236532489678 ], [ 10.002448982571259, 53.49823684537305 ], [ 10.002455794087046, 53.498238010760737 ], [ 10.002658936830867, 53.498290996408087 ], [ 10.002664218796701, 53.498292507210337 ], [ 10.00266914792542, 53.498294398513316 ], [ 10.002673574762916, 53.498296725505298 ], [ 10.002677334994532, 53.498299552488156 ], [ 10.002680278953918, 53.498302925662877 ], [ 10.002681985895979, 53.498306264269111 ], [ 10.002682841118885, 53.498309924637788 ], [ 10.002682289707769, 53.498313390057469 ], [ 10.002680757937695, 53.498316836733899 ], [ 10.002678211846245, 53.498320103148458 ], [ 10.00267476798544, 53.498323017531028 ], [ 10.002670619331104, 53.498325452415592 ], [ 10.002665990064671, 53.498327325019929 ], [ 10.002661258063057, 53.49832867711946 ], [ 10.002654819864425, 53.498330555908481 ], [ 10.002648397374008, 53.498332461532605 ], [ 10.002642005876522, 53.498334402852727 ] ], [ [ 10.002046717192274, 53.498424692188273 ], [ 10.002215214237818, 53.49846863837179 ], [ 10.002220750938916, 53.498470722358491 ], [ 10.002225489822731, 53.498473496204255 ], [ 10.002229216692028, 53.498476826869066 ], [ 10.002231762779324, 53.498480589920959 ], [ 10.002233048693626, 53.49848461523338 ], [ 10.002232995255737, 53.498488741666868 ], [ 10.002231613298758, 53.498492789349093 ], [ 10.002228974158768, 53.498496586889459 ], [ 10.002225164668531, 53.498499980745507 ], [ 10.002220363840534, 53.498501612065844 ], [ 10.002214082893863, 53.498503768173748 ], [ 10.002207817655142, 53.498505951116762 ], [ 10.002201567912397, 53.498508151907707 ], [ 10.002195333453709, 53.498510361559198 ], [ 10.002189129775655, 53.498512597919536 ], [ 10.002182941381612, 53.498514843140484 ], [ 10.002176753410808, 53.498517106335711 ], [ 10.002170596220674, 53.498519396239729 ], [ 10.002164454314526, 53.498521695004399 ], [ 10.00215832790432, 53.498524011616965 ], [ 10.002152232062814, 53.498526345951042 ], [ 10.002146136432591, 53.498528689272113 ], [ 10.002140071371006, 53.498531050314739 ], [ 10.00213400673265, 53.498533429331644 ], [ 10.002127972662953, 53.49853582607011 ], [ 10.002121938804523, 53.498538231795578 ], [ 10.002115875859602, 53.498540682709994 ], [ 10.002109636915558, 53.49854334184834 ], [ 10.002103548274285, 53.498545981748101 ], [ 10.002097475340774, 53.498548648483073 ], [ 10.00209141769119, 53.498551324078683 ], [ 10.002085390822078, 53.498554026383154 ], [ 10.002079394521616, 53.498556746409193 ], [ 10.002073429001573, 53.498559493144121 ], [ 10.002067478977398, 53.498562257726945 ], [ 10.002061574594517, 53.498565039904975 ], [ 10.002055701204053, 53.498567857779214 ], [ 10.002049858382168, 53.498570693375051 ], [ 10.002044046340769, 53.498573555679748 ], [ 10.002038265079809, 53.498576444693377 ], [ 10.002032529883998, 53.498579369276818 ], [ 10.002026840329538, 53.49858231145555 ], [ 10.002021196840156, 53.498585289204108 ], [ 10.002015584131238, 53.49858829366157 ], [ 10.002010032348316, 53.498591324575251 ], [ 10.002005870067245, 53.498593184249863 ], [ 10.001999211005623, 53.498595289581615 ], [ 10.001991958411423, 53.498596518959118 ], [ 10.001984426693848, 53.498596779856008 ], [ 10.001976978871104, 53.498596123163594 ], [ 10.001971083146442, 53.498594797257425 ], [ 10.001965479977365, 53.498593091357435 ], [ 10.001960318608234, 53.498590941289152 ], [ 10.001955809633955, 53.498588327309022 ], [ 10.001952194430535, 53.498585256382945 ], [ 10.001949611195432, 53.498581835221458 ], [ 10.001948048034262, 53.498578198760391 ], [ 10.001947402192211, 53.498574464719113 ], [ 10.001947539921375, 53.498570715120472 ], [ 10.001981164926676, 53.498436064564238 ], [ 10.001982610716793, 53.498434083837033 ], [ 10.001986454419626, 53.498430222270038 ], [ 10.001991272522236, 53.498426766032068 ], [ 10.001997130613024, 53.498423939300054 ], [ 10.002003897911726, 53.498421949918921 ], [ 10.002011214369125, 53.498420872819395 ], [ 10.002018731406492, 53.498420630021911 ], [ 10.002026234191938, 53.49842106152402 ], [ 10.002033613402535, 53.498422006438929 ], [ 10.002040805780894, 53.498423339449872 ], [ 10.002046717192274, 53.498424692188273 ] ], [ [ 10.003081344539787, 53.498164050263178 ], [ 10.00307519637059, 53.498166079455416 ], [ 10.003069079618783, 53.49816816231813 ], [ 10.003063008932736, 53.49817028075028 ], [ 10.003056984312394, 53.498172434751829 ], [ 10.003050991109461, 53.498174642423905 ], [ 10.003045059044833, 53.498176885538875 ], [ 10.003039157973248, 53.4981791643498 ], [ 10.003033284500775, 53.498181335059925 ], [ 10.003027037182262, 53.498183634754014 ], [ 10.003020355727113, 53.498186063937823 ], [ 10.003013512502815, 53.498188665271208 ], [ 10.003007568119179, 53.498191025345704 ], [ 10.003001505487312, 53.498193485291992 ], [ 10.002994474165069, 53.498196420798486 ], [ 10.002988325126205, 53.498199052261612 ], [ 10.002982132141437, 53.498201738027639 ], [ 10.002976596835943, 53.498204184558666 ], [ 10.002969764423812, 53.498207244241677 ], [ 10.002964066499814, 53.498209826972833 ], [ 10.002957504332425, 53.49821283944209 ], [ 10.002951733164895, 53.498215512677959 ], [ 10.002945798531016, 53.498218286164992 ], [ 10.002939297924168, 53.498221352051168 ], [ 10.002934544706346, 53.49822308188088 ], [ 10.002929103463273, 53.498224403985894 ], [ 10.002923287750713, 53.498225189888224 ], [ 10.002917337670356, 53.498225392627738 ], [ 10.002911479311704, 53.498225010307415 ], [ 10.002906348482551, 53.498224154450511 ], [ 10.002900681839961, 53.498222952515142 ], [ 10.00289495513303, 53.498221121848168 ], [ 10.002889694843244, 53.498218613086834 ], [ 10.002885325125105, 53.49821551256305 ], [ 10.002882107091288, 53.498212024834878 ], [ 10.002880016534965, 53.498208401799651 ], [ 10.002878893595751, 53.498204896492787 ], [ 10.002856258419383, 53.49808834527758 ], [ 10.002824095315203, 53.498085495917415 ], [ 10.002824685947067, 53.49808369314686 ], [ 10.002825517527961, 53.498081879365721 ], [ 10.002826605978752, 53.498080090396662 ], [ 10.002827936438894, 53.498078335353412 ], [ 10.002829524405179, 53.498076632084206 ], [ 10.002831340156501, 53.498074998816477 ], [ 10.002833384117068, 53.498073453524768 ], [ 10.002835641426406, 53.498072005322925 ], [ 10.002838067715077, 53.498070690539407 ], [ 10.002840647486385, 53.498069491326078 ], [ 10.002843366516071, 53.498068443758662 ], [ 10.002846164089771, 53.498067530368274 ], [ 10.002849040419594, 53.498066760142315 ], [ 10.0028519354273, 53.498066142573855 ], [ 10.002851344912134, 53.498062839548332 ], [ 10.002851314429291, 53.498058992479521 ], [ 10.002852113785769, 53.498055174404598 ], [ 10.00285398329398, 53.498051347350867 ], [ 10.002857167508045, 53.498047653091731 ], [ 10.002861449883232, 53.498044497952399 ], [ 10.002866323042559, 53.498042101927552 ], [ 10.002871244812505, 53.498039849319831 ], [ 10.002877821155653, 53.498038077228699 ], [ 10.002884902301979, 53.49803725374376 ], [ 10.002891475633401, 53.498037270503318 ], [ 10.002898048314806, 53.498037898525133 ], [ 10.002903588201287, 53.498038840840891 ], [ 10.002909059936609, 53.498040089356806 ], [ 10.00316447439984, 53.49810670344705 ], [ 10.003168408738574, 53.498108603078528 ], [ 10.003172481479346, 53.498111256630693 ], [ 10.003175639460515, 53.498114115619821 ], [ 10.003178098153388, 53.498117367008199 ], [ 10.003179666291233, 53.498120571936362 ], [ 10.003180592460634, 53.49812404293565 ], [ 10.003179903539133, 53.498126790385939 ], [ 10.00317855587892, 53.49812973213551 ], [ 10.003176674525422, 53.498132417681084 ], [ 10.003174365198786, 53.498134855124356 ], [ 10.003171376332375, 53.498137244336405 ], [ 10.003167914062841, 53.498139376838289 ], [ 10.00316429173227, 53.498141115164081 ], [ 10.003160973833124, 53.498142338557415 ], [ 10.003144797486943, 53.498146159840836 ], [ 10.00313830711891, 53.498147742454485 ], [ 10.00313184795629, 53.498149369751225 ], [ 10.003125420211243, 53.498151050718434 ], [ 10.0031190236716, 53.498152776368791 ], [ 10.003112658125188, 53.498154537714996 ], [ 10.003106323996322, 53.498156352731627 ], [ 10.003100036145373, 53.498158212304965 ], [ 10.003093764427167, 53.498160116687941 ], [ 10.003087538774764, 53.498162056640339 ], [ 10.003081344539787, 53.498164050263178 ] ], [ [ 10.003508812170844, 53.498008250141233 ], [ 10.003502477439564, 53.498010676441346 ], [ 10.003496188774093, 53.498013138310661 ], [ 10.003489931314066, 53.498015644863095 ], [ 10.003483704635073, 53.498018178123971 ], [ 10.003477524021832, 53.49802074695409 ], [ 10.003471374189612, 53.498023342492708 ], [ 10.003465270423147, 53.498025973600576 ], [ 10.003459212722444, 53.498028640277695 ], [ 10.003453186014941, 53.498031342650656 ], [ 10.003447190088391, 53.49803407173205 ], [ 10.003441255300139, 53.498036836256205 ], [ 10.00343430959451, 53.498038926096925 ], [ 10.003427312097887, 53.498040099486218 ], [ 10.003419617449477, 53.498040478699764 ], [ 10.003411644285944, 53.498039916397872 ], [ 10.003404480378203, 53.498038511317823 ], [ 10.00339790069933, 53.498036310294189 ], [ 10.003391811843464, 53.498033188264088 ], [ 10.003387097780024, 53.49802955130459 ], [ 10.003383825377277, 53.49802567751582 ], [ 10.003381714841016, 53.498021209683607 ], [ 10.003362029681645, 53.49791983432047 ], [ 10.003349853418513, 53.497920673636656 ], [ 10.003347588423454, 53.497909024828076 ], [ 10.003359764683342, 53.497908185512159 ], [ 10.003349381370944, 53.497854706764763 ], [ 10.00334904472545, 53.497850664506117 ], [ 10.00334891909486, 53.497846620476146 ], [ 10.003349080053686, 53.497842583029481 ], [ 10.003349572607133, 53.497838542799364 ], [ 10.003350548540951, 53.49783454345696 ], [ 10.003352174500929, 53.497830619559686 ], [ 10.003354754482871, 53.497826876424639 ], [ 10.00335871709389, 53.497823589115207 ], [ 10.003363917126, 53.497820992566155 ], [ 10.003369809636013, 53.497818992472062 ], [ 10.003376262579062, 53.497817742755551 ], [ 10.003383005075214, 53.497817263668651 ], [ 10.003389779195215, 53.497817485463884 ], [ 10.003396431031588, 53.49781827459708 ], [ 10.003401927380285, 53.497819289167836 ], [ 10.003749386225374, 53.497909903180386 ], [ 10.003752883469849, 53.497911168238772 ], [ 10.003756176916811, 53.497912740637148 ], [ 10.003759159997395, 53.497914576325073 ], [ 10.003761742064265, 53.497916667074605 ], [ 10.003763845844325, 53.497918932633169 ], [ 10.003765440131142, 53.497921328317325 ], [ 10.003766478221161, 53.497923791595831 ], [ 10.003766973276228, 53.497926241456526 ], [ 10.003766650168647, 53.497929794855359 ], [ 10.003765241839908, 53.4979333573676 ], [ 10.00376296461266, 53.497936513679115 ], [ 10.003759718073784, 53.497939480370924 ], [ 10.003755841673721, 53.497941948963714 ], [ 10.00375108278827, 53.497944074393175 ], [ 10.003745648399493, 53.497945684128574 ], [ 10.003740032928896, 53.497946648170846 ], [ 10.00373302144493, 53.497947866640956 ], [ 10.003725920586783, 53.497949130806575 ], [ 10.003718820789555, 53.497950439908244 ], [ 10.003711751773723, 53.497951775718235 ], [ 10.003704683606523, 53.497953147476998 ], [ 10.003697631360444, 53.497954555057945 ], [ 10.003690594823196, 53.497955989473787 ], [ 10.00368357441932, 53.49795746869912 ], [ 10.003676569724259, 53.497958974759385 ], [ 10.003669580950262, 53.497960516641868 ], [ 10.003662608309524, 53.497962103333812 ], [ 10.00365565137759, 53.497963716860703 ], [ 10.003648725439186, 53.497965366083243 ], [ 10.003641800349254, 53.497967051254548 ], [ 10.003634906252834, 53.49796877212151 ], [ 10.003628043149932, 53.497970528684164 ], [ 10.003621195967975, 53.497972321069064 ], [ 10.003614364706927, 53.497974149276125 ], [ 10.00360756443934, 53.497976013178942 ], [ 10.003600779880436, 53.497977903916663 ], [ 10.003594026527194, 53.497979839337347 ], [ 10.003587289094854, 53.49798181058032 ], [ 10.00358110679875, 53.497983669292942 ], [ 10.003580852263603, 53.497983743342679 ], [ 10.003573907210349, 53.497985860153335 ], [ 10.003567262758159, 53.497987938483391 ], [ 10.00356064929934, 53.497990052509152 ], [ 10.003554051761338, 53.497992202357175 ], [ 10.003547500289208, 53.497994387774426 ], [ 10.003540964737869, 53.497996609013882 ], [ 10.003534460179825, 53.497998865949121 ], [ 10.003528001687661, 53.498001158453498 ], [ 10.003521574188785, 53.49800348665368 ], [ 10.003515162610638, 53.498005850676137 ], [ 10.003508812170844, 53.498008250141233 ] ] ] } },
{ "type": "Feature", "properties": { "gebaeude_id": "DEHHALKA10007htD", "dachneig": 20.263, "dachfl_2d": 43.296, "dachfl_3d": 46.21, "area_m2": 43.3, "expo_klasse": "sonnig", "schatten": 0.14, "solar_eignung": "Eignung 1 (geeignet, sehr hohe Einstrahlung)", "ertkwha_k": 47954.25, "pvarea_solar": 338.5, "schatten_klasse": "sonnig", "gruendach_eignung": "sehr gut geeignet" }, "geometry": { "type": "Polygon", "coordinates": [ [ [ 10.002115875859602, 53.498540682709994 ], [ 10.002121938804523, 53.498538231795578 ], [ 10.002127972662953, 53.49853582607011 ], [ 10.00213400673265, 53.498533429331644 ], [ 10.002140071371006, 53.498531050314739 ], [ 10.002146136432591, 53.498528689272113 ], [ 10.002152232062814, 53.498526345951042 ], [ 10.00215832790432, 53.498524011616965 ], [ 10.002164454314526, 53.498521695004399 ], [ 10.002170596220674, 53.498519396239729 ], [ 10.002176753410808, 53.498517106335711 ], [ 10.002182941381612, 53.498514843140484 ], [ 10.002189129775655, 53.498512597919536 ], [ 10.002195333453709, 53.498510361559198 ], [ 10.002201567912397, 53.498508151907707 ], [ 10.002207817655142, 53.498505951116762 ], [ 10.002214082893863, 53.498503768173748 ], [ 10.002220363840534, 53.498501612065844 ], [ 10.002225164668531, 53.498499980745507 ], [ 10.002228974158768, 53.498496586889459 ], [ 10.002231613298758, 53.498492789349093 ], [ 10.002232995255737, 53.498488741666868 ], [ 10.002233048693626, 53.49848461523338 ], [ 10.002231762779324, 53.498480589920959 ], [ 10.002229216692028, 53.498476826869066 ], [ 10.002225489822731, 53.498473496204255 ], [ 10.002220750938916, 53.498470722358491 ], [ 10.002215214237818, 53.49846863837179 ], [ 10.002138884065397, 53.498448738321265 ], [ 10.002115875859602, 53.498540682709994 ] ] ] } },
{ "type": "Feature", "properties": { "gebaeude_id": "DEHHALKA10007htD", "dachneig": 0.0, "dachfl_2d": 38.743, "dachfl_3d": 38.743, "area_m2": 38.7, "expo_klasse": "sonnig", "schatten": 0.14, "solar_eignung": "Eignung 1 (geeignet, sehr hohe Einstrahlung)", "ertkwha_k": 47954.25, "pvarea_solar": 338.5, "schatten_klasse": "sonnig", "gruendach_eignung": "sehr gut geeignet" }, "geometry": { "type": "Polygon", "coordinates": [ [ [ 10.00209141769119, 53.498551324078683 ], [ 10.002097475340774, 53.498548648483073 ], [ 10.002103548274285, 53.498545981748101 ], [ 10.002109636915558, 53.49854334184834 ], [ 10.002115875859602, 53.498540682709994 ], [ 10.002138884065397, 53.498448738321265 ], [ 10.002046717192274, 53.498424692188273 ], [ 10.002040805780894, 53.498423339449872 ], [ 10.002033613402535, 53.498422006438929 ], [ 10.002026234191938, 53.49842106152402 ], [ 10.002018731406492, 53.498420630021911 ], [ 10.002011214369125, 53.498420872819395 ], [ 10.002003897911726, 53.498421949918921 ], [ 10.001997130613024, 53.498423939300054 ], [ 10.001991272522236, 53.498426766032068 ], [ 10.001986454419626, 53.498430222270038 ], [ 10.001982610716793, 53.498434083837033 ], [ 10.001981164926676, 53.498436064564238 ], [ 10.001947539921375, 53.498570715120472 ], [ 10.001947402192211, 53.498574464719113 ], [ 10.001948048034262, 53.498578198760391 ], [ 10.001949611195432, 53.498581835221458 ], [ 10.001952194430535, 53.498585256382945 ], [ 10.001955809633955, 53.498588327309022 ], [ 10.001960318608234, 53.498590941289152 ], [ 10.001965479977365, 53.498593091357435 ], [ 10.001971083146442, 53.498594797257425 ], [ 10.001976978871104, 53.498596123163594 ], [ 10.001984426693848, 53.498596779856008 ], [ 10.001991958411423, 53.498596518959118 ], [ 10.001999211005623, 53.498595289581615 ], [ 10.002005870067245, 53.498593184249863 ], [ 10.002010032348316, 53.498591324575251 ], [ 10.002015584131238, 53.49858829366157 ], [ 10.002021196840156, 53.498585289204108 ], [ 10.002026840329538, 53.49858231145555 ], [ 10.002032529883998, 53.498579369276818 ], [ 10.002038265079809, 53.498576444693377 ], [ 10.002044046340769, 53.498573555679748 ], [ 10.002049858382168, 53.498570693375051 ], [ 10.002055701204053, 53.498567857779214 ], [ 10.002061574594517, 53.498565039904975 ], [ 10.002067478977398, 53.498562257726945 ], [ 10.002073429001573, 53.498559493144121 ], [ 10.002079394521616, 53.498556746409193 ], [ 10.002085390822078, 53.498554026383154 ], [ 10.00209141769119, 53.498551324078683 ] ], [ [ 10.002121547430788, 53.498503735007603 ], [ 10.002119296508249, 53.498503538141499 ], [ 10.002117134607495, 53.498512230723946 ], [ 10.00211937045777, 53.49851242771652 ], [ 10.002117992889184, 53.498517940579781 ], [ 10.002108626390969, 53.498517111211022 ], [ 10.002109025564101, 53.498515498820005 ], [ 10.002096214430901, 53.498514356744757 ], [ 10.002100416573251, 53.498497565879426 ], [ 10.002113227489582, 53.498498698966927 ], [ 10.002113503088086, 53.498497599989221 ], [ 10.002122869582113, 53.498498429357596 ], [ 10.002121547430788, 53.498503735007603 ] ], [ [ 10.002113984855647, 53.498495654309949 ], [ 10.002114384028399, 53.498494041918939 ], [ 10.002101572901495, 53.498492899844216 ], [ 10.002105775039741, 53.498476108978622 ], [ 10.002118585949749, 53.49847724206564 ], [ 10.002118861548007, 53.498476143087856 ], [ 10.002128228037373, 53.498476972455869 ], [ 10.002126905887335, 53.498482278105932 ], [ 10.002124654965924, 53.498482081239864 ], [ 10.002122493067302, 53.498490773822496 ], [ 10.002124728916456, 53.498490970814984 ], [ 10.002123351349228, 53.498496483678309 ], [ 10.002113984855647, 53.498495654309949 ] ], [ [ 10.002119315500929, 53.498474296521572 ], [ 10.002119714673245, 53.498472684130533 ], [ 10.002106903764615, 53.498471551043664 ], [ 10.002111105686831, 53.49845475119055 ], [ 10.00212391680242, 53.498455893264328 ], [ 10.002124192188473, 53.498454785299266 ], [ 10.002133558885189, 53.498455623654145 ], [ 10.002132236736463, 53.498460929304258 ], [ 10.002129985604208, 53.498460723451025 ], [ 10.00212782370771, 53.498469416033743 ], [ 10.002130059767712, 53.498469622013431 ], [ 10.002128682201834, 53.49847513487687 ], [ 10.002119315500929, 53.498474296521572 ] ], [ [ 10.002009336331202, 53.498584184095627 ], [ 10.002004097261823, 53.498587050584227 ], [ 10.002000874816622, 53.498588488882618 ], [ 10.001995712011883, 53.498590114239192 ], [ 10.00199039659925, 53.498591021748865 ], [ 10.001984853215134, 53.49859121204338 ], [ 10.001979323871627, 53.498590719050277 ], [ 10.001974852827257, 53.498589713797294 ], [ 10.001970282234666, 53.498588322848413 ], [ 10.001966262977263, 53.498586657605472 ], [ 10.001962930709805, 53.498584716931354 ], [ 10.001960300293113, 53.498582491712511 ], [ 10.001958417157335, 53.498579990557189 ], [ 10.001957221223247, 53.49857722295819 ], [ 10.001956713762118, 53.498574242839211 ], [ 10.001956822376743, 53.49857117665433 ], [ 10.001990186400519, 53.498437606972111 ], [ 10.001990901864984, 53.498436621165297 ], [ 10.001994082976944, 53.498433430344015 ], [ 10.001997833645275, 53.498430738136264 ], [ 10.002002186346347, 53.49842864314958 ], [ 10.002007111994429, 53.498427190573111 ], [ 10.002012580444276, 53.498426380659481 ], [ 10.002018545842303, 53.49842618682581 ], [ 10.002024810760245, 53.498426547803561 ], [ 10.002031252497597, 53.498427374730511 ], [ 10.00203774835385, 53.49842857874463 ], [ 10.002043174684539, 53.498429818691818 ], [ 10.002106672099163, 53.498446383576123 ], [ 10.002081037125579, 53.498549046979292 ], [ 10.002079783942838, 53.498549605819072 ], [ 10.002073742848191, 53.49855234419848 ], [ 10.002067732534034, 53.498555109286812 ], [ 10.0020617377157, 53.498557892223033 ], [ 10.002055773889793, 53.498560710855436 ], [ 10.002049855705115, 53.49856354708308 ], [ 10.002043953228171, 53.498566410145948 ], [ 10.002038096604451, 53.498569299791363 ], [ 10.002032255688444, 53.498572216272031 ], [ 10.002026475698351, 53.498575159208862 ], [ 10.002020726700643, 53.498578137841882 ], [ 10.002015008483381, 53.498581143183799 ], [ 10.002009336331202, 53.498584184095627 ] ] ] } },
{ "type": "Feature", "properties": { "gebaeude_id": "DEHHALKA10007htD", "dachneig": 0.0, "dachfl_2d": 122.091, "dachfl_3d": 122.091, "area_m2": 122.1, "expo_klasse": "sonnig", "schatten": 0.14, "solar_eignung": "Eignung 1 (geeignet, sehr hohe Einstrahlung)", "ertkwha_k": 47954.25, "pvarea_solar": 338.5, "schatten_klasse": "sonnig", "gruendach_eignung": "sehr gut geeignet" }, "geometry": { "type": "Polygon", "coordinates": [ [ [ 10.001994082976944, 53.498433430344015 ], [ 10.001990901864984, 53.498436621165297 ], [ 10.001990186400519, 53.498437606972111 ], [ 10.001956822376743, 53.49857117665433 ], [ 10.001956713762118, 53.498574242839211 ], [ 10.001957221223247, 53.49857722295819 ], [ 10.001958417157335, 53.498579990557189 ], [ 10.001960300293113, 53.498582491712511 ], [ 10.001962930709805, 53.498584716931354 ], [ 10.001966262977263, 53.498586657605472 ], [ 10.001970282234666, 53.498588322848413 ], [ 10.001974852827257, 53.498589713797294 ], [ 10.001979323871627, 53.498590719050277 ], [ 10.001984853215134, 53.49859121204338 ], [ 10.00199039659925, 53.498591021748865 ], [ 10.001995712011883, 53.498590114239192 ], [ 10.002000874816622, 53.498588488882618 ], [ 10.002004097261823, 53.498587050584227 ], [ 10.002009336331202, 53.498584184095627 ], [ 10.002015008483381, 53.498581143183799 ], [ 10.002020726700643, 53.498578137841882 ], [ 10.002026475698351, 53.498575159208862 ], [ 10.002032255688444, 53.498572216272031 ], [ 10.002038096604451, 53.498569299791363 ], [ 10.002043953228171, 53.498566410145948 ], [ 10.002049855705115, 53.49856354708308 ], [ 10.002055773889793, 53.498560710855436 ], [ 10.0020617377157, 53.498557892223033 ], [ 10.002067732534034, 53.498555109286812 ], [ 10.002073742848191, 53.49855234419848 ], [ 10.002079783942838, 53.498549605819072 ], [ 10.002081037125579, 53.498549046979292 ], [ 10.002106672099163, 53.498446383576123 ], [ 10.002043174684539, 53.498429818691818 ], [ 10.00203774835385, 53.49842857874463 ], [ 10.002031252497597, 53.498427374730511 ], [ 10.002024810760245, 53.498426547803561 ], [ 10.002018545842303, 53.49842618682581 ], [ 10.002012580444276, 53.498426380659481 ], [ 10.002007111994429, 53.498427190573111 ], [ 10.002002186346347, 53.49842864314958 ], [ 10.001997833645275, 53.498430738136264 ], [ 10.001994082976944, 53.498433430344015 ] ], [ [ 10.002067998885099, 53.498463472425108 ], [ 10.002066538928229, 53.498469327563377 ], [ 10.002056552976976, 53.498468440460215 ], [ 10.002058028007923, 53.498462585195703 ], [ 10.002067998885099, 53.498463472425108 ] ], [ [ 10.002056421359763, 53.498499301057585 ], [ 10.002043670735633, 53.498498167458514 ], [ 10.002046591504904, 53.498486493131772 ], [ 10.002059327052935, 53.498487626856864 ], [ 10.002059644904042, 53.498486401678022 ], [ 10.002068996321839, 53.498487231177002 ], [ 10.002067618959439, 53.498492753027065 ], [ 10.002065005444683, 53.498492523243399 ], [ 10.00206420645967, 53.498495721063264 ], [ 10.002066820186556, 53.49849595983423 ], [ 10.00206544197588, 53.498501445735037 ], [ 10.002056090555019, 53.498500616235781 ], [ 10.002056421359763, 53.498499301057585 ] ] ] } },
{ "type": "Feature", "properties": { "gebaeude_id": "DEHHALKA10007htD", "dachneig": 18.962, "dachfl_2d": 46.222, "dachfl_3d": 48.897, "area_m2": 46.2, "expo_klasse": "sonnig", "schatten": 0.17, "solar_eignung": "Eignung 3 (geeignet, mittlere Einstrahlung)", "ertkwha_k": 2650.58, "pvarea_solar": 22.26, "schatten_klasse": "sonnig", "gruendach_eignung": "sehr gut geeignet" }, "geometry": { "type": "Polygon", "coordinates": [ [ [ 10.00259802577807, 53.498348911580543 ], [ 10.002604230894804, 53.498346738110243 ], [ 10.002610451931719, 53.498344600462318 ], [ 10.002616719034156, 53.498342498383963 ], [ 10.002623001844759, 53.498340423140768 ], [ 10.002629300575569, 53.498338383720046 ], [ 10.002635645371939, 53.498336379868846 ], [ 10.002642005876522, 53.498334402852727 ], [ 10.002648397374008, 53.498332461532605 ], [ 10.002654819864425, 53.498330555908481 ], [ 10.002661258063057, 53.49832867711946 ], [ 10.002665990064671, 53.498327325019929 ], [ 10.002670619331104, 53.498325452415592 ], [ 10.00267476798544, 53.498323017531028 ], [ 10.002678211846245, 53.498320103148458 ], [ 10.002680757937695, 53.498316836733899 ], [ 10.002682289707769, 53.498313390057469 ], [ 10.002682841118885, 53.498309924637788 ], [ 10.002681985895979, 53.498306264269111 ], [ 10.002680278953918, 53.498302925662877 ], [ 10.002677334994532, 53.498299552488156 ], [ 10.002673574762916, 53.498296725505298 ], [ 10.00266914792542, 53.498294398513316 ], [ 10.002664218796701, 53.498292507210337 ], [ 10.002658936830867, 53.498290996408087 ], [ 10.002562158881821, 53.498265757848664 ], [ 10.002579610609386, 53.498355610092005 ], [ 10.002585723171698, 53.498353347508235 ], [ 10.002591866514804, 53.498351111633177 ], [ 10.00259802577807, 53.498348911580543 ] ] ] } },
{ "type": "Feature", "properties": { "gebaeude_id": "DEHHALKA10007htD", "dachneig": 0.0, "dachfl_2d": 34.355, "dachfl_3d": 34.355, "area_m2": 34.4, "expo_klasse": "sonnig", "schatten": 0.17, "solar_eignung": "Eignung 1 (geeignet, sehr hohe Einstrahlung)", "ertkwha_k": 46739.66, "pvarea_solar": 337.35, "schatten_klasse": "sonnig", "gruendach_eignung": "sehr gut geeignet" }, "geometry": { "type": "Polygon", "coordinates": [ [ [ 10.002455794087046, 53.498238010760737 ], [ 10.002448982571259, 53.49823684537305 ], [ 10.002440201184886, 53.498236532489678 ], [ 10.002431732254534, 53.498237322641437 ], [ 10.002423740518458, 53.498239169501552 ], [ 10.002416406847754, 53.498242071553214 ], [ 10.002410329907379, 53.498245843994333 ], [ 10.002405849584084, 53.498250196324342 ], [ 10.002402981162867, 53.498255137404236 ], [ 10.002402147144197, 53.498259405220388 ], [ 10.002426186732444, 53.498383135996086 ], [ 10.002428833655539, 53.498387338662965 ], [ 10.002432783210626, 53.498391161853 ], [ 10.002437985727905, 53.498394417212154 ], [ 10.002444152282344, 53.498396999294449 ], [ 10.002451042558903, 53.498398946071475 ], [ 10.002458350227425, 53.498400053363532 ], [ 10.002465879130643, 53.498400313826608 ], [ 10.002473325058157, 53.498399613154056 ], [ 10.002480357470422, 53.498397999063485 ], [ 10.002486753881065, 53.498395626235308 ], [ 10.002492504517386, 53.498392719478417 ], [ 10.002498362569849, 53.49838989272196 ], [ 10.002504266687639, 53.498387101535229 ], [ 10.00251021665874, 53.498384336930791 ], [ 10.002516212907205, 53.4983816168833 ], [ 10.002522239936321, 53.49837892354455 ], [ 10.002528313030799, 53.498376265775462 ], [ 10.002534431978594, 53.498373634588681 ], [ 10.002540581919094, 53.498371039097933 ], [ 10.002546777712936, 53.498368470189497 ], [ 10.002553004711494, 53.498365945964345 ], [ 10.00255926227875, 53.498363439460697 ], [ 10.002565565911357, 53.498360968526534 ], [ 10.002571885464027, 53.498358533414866 ], [ 10.002579610609386, 53.498355610092005 ], [ 10.002562158881821, 53.498265757848664 ], [ 10.002455794087046, 53.498238010760737 ] ], [ [ 10.002556913823396, 53.498301596341257 ], [ 10.002556604138901, 53.498299971916104 ], [ 10.002543735468091, 53.498300861902642 ], [ 10.002540457988799, 53.498283989930584 ], [ 10.002553326654576, 53.498283099944388 ], [ 10.002553104631081, 53.49828199615034 ], [ 10.002562526749042, 53.498281350809215 ], [ 10.002563556840032, 53.498286672690931 ], [ 10.002561299123499, 53.498286826464096 ], [ 10.002562997618188, 53.498295558588183 ], [ 10.002565255335249, 53.498295404814975 ], [ 10.002566320660941, 53.498300942138926 ], [ 10.002556913823396, 53.498301596341257 ] ], [ [ 10.002571845552087, 53.498329364199769 ], [ 10.002569587833289, 53.498329517973055 ], [ 10.002571286331541, 53.498338250096936 ], [ 10.002573544050794, 53.498338096323565 ], [ 10.00257460937871, 53.498343633647437 ], [ 10.002565202531859, 53.498344287850422 ], [ 10.002564892846729, 53.498342663425326 ], [ 10.002552024163174, 53.498343553412845 ], [ 10.00254874667708, 53.498326681441107 ], [ 10.002561615355619, 53.498325791453993 ], [ 10.002561393331645, 53.498324687659988 ], [ 10.002570815458927, 53.498324042318153 ], [ 10.002571845552087, 53.498329364199769 ] ], [ [ 10.002566628013502, 53.498302467703802 ], [ 10.002567658317568, 53.498307798572775 ], [ 10.002565400599899, 53.498307952345968 ], [ 10.002567099096373, 53.498316684469955 ], [ 10.002569356814524, 53.498316530696684 ], [ 10.002570422141332, 53.498322068020606 ], [ 10.002561015087112, 53.498322713235972 ], [ 10.002560705614323, 53.498321097798105 ], [ 10.002547836937213, 53.498321987785111 ], [ 10.002544559454583, 53.498305115813231 ], [ 10.002557428126661, 53.498304225826573 ], [ 10.002557206102944, 53.498303122032539 ], [ 10.002566628013502, 53.498302467703802 ] ], [ [ 10.002413786842713, 53.498252430962573 ], [ 10.002417264697932, 53.498249039881451 ], [ 10.002422019253601, 53.498246087546981 ], [ 10.002427769641576, 53.498243810030417 ], [ 10.002434007208446, 53.498242373400913 ], [ 10.002440610737555, 53.498241751707738 ], [ 10.002447506138058, 53.498241999506682 ], [ 10.002452834388652, 53.498242916651087 ], [ 10.002529922842916, 53.498263016889624 ], [ 10.002548572205285, 53.498361461637387 ], [ 10.002541837612727, 53.498364196868486 ], [ 10.002535581952552, 53.498366784256945 ], [ 10.002529372357719, 53.498369407215051 ], [ 10.002523193543547, 53.498372056881813 ], [ 10.002517045721998, 53.498374742244664 ], [ 10.002510959250507, 53.498377472037966 ], [ 10.002504903347615, 53.498380219552736 ], [ 10.002498878649382, 53.498383011750882 ], [ 10.002492914877061, 53.498385830404956 ], [ 10.002486937727429, 53.498388721083494 ], [ 10.002481619322847, 53.498391417466273 ], [ 10.002476463132906, 53.498393321449718 ], [ 10.002471050090877, 53.498394562395511 ], [ 10.002465439215705, 53.498395085874257 ], [ 10.00245969079837, 53.498394891380286 ], [ 10.002454002056162, 53.498394031193975 ], [ 10.002448553649476, 53.498392494811107 ], [ 10.002443696490372, 53.498390459070194 ], [ 10.002439733304671, 53.498387975367031 ], [ 10.002436694237607, 53.498385043448813 ], [ 10.00243472066729, 53.498381904834936 ], [ 10.002410921115228, 53.498259403551124 ], [ 10.002411526245556, 53.498256297245213 ], [ 10.002413786842713, 53.498252430962573 ] ] ] } },
{ "type": "Feature", "properties": { "gebaeude_id": "DEHHALKA10007htD", "dachneig": 0.0, "dachfl_2d": 112.771, "dachfl_3d": 112.771, "area_m2": 112.8, "expo_klasse": "sonnig", "schatten": 0.18, "solar_eignung": "Eignung 1 (geeignet, sehr hohe Einstrahlung)", "ertkwha_k": 95500.59, "pvarea_solar": 635.7, "schatten_klasse": "sonnig", "gruendach_eignung": "sehr gut geeignet" }, "geometry": { "type": "Polygon", "coordinates": [ [ [ 10.002448553649476, 53.498392494811107 ], [ 10.002454002056162, 53.498394031193975 ], [ 10.00245969079837, 53.498394891380286 ], [ 10.002465439215705, 53.498395085874257 ], [ 10.002471050090877, 53.498394562395511 ], [ 10.002476463132906, 53.498393321449718 ], [ 10.002481619322847, 53.498391417466273 ], [ 10.002486937727429, 53.498388721083494 ], [ 10.002492914877061, 53.498385830404956 ], [ 10.002498878649382, 53.498383011750882 ], [ 10.002504903347615, 53.498380219552736 ], [ 10.002510959250507, 53.498377472037966 ], [ 10.002517045721998, 53.498374742244664 ], [ 10.002523193543547, 53.498372056881813 ], [ 10.002529372357719, 53.498369407215051 ], [ 10.002535581952552, 53.498366784256945 ], [ 10.002541837612727, 53.498364196868486 ], [ 10.002548572205285, 53.498361461637387 ], [ 10.002529922842916, 53.498263016889624 ], [ 10.002452834388652, 53.498242916651087 ], [ 10.002447506138058, 53.498241999506682 ], [ 10.002440610737555, 53.498241751707738 ], [ 10.002434007208446, 53.498242373400913 ], [ 10.002427769641576, 53.498243810030417 ], [ 10.002422019253601, 53.498246087546981 ], [ 10.002417264697932, 53.498249039881451 ], [ 10.002413786842713, 53.498252430962573 ], [ 10.002411526245556, 53.498256297245213 ], [ 10.002410921115228, 53.498259403551124 ], [ 10.00243472066729, 53.498381904834936 ], [ 10.002436694237607, 53.498385043448813 ], [ 10.002439733304671, 53.498387975367031 ], [ 10.002443696490372, 53.498390459070194 ], [ 10.002448553649476, 53.498392494811107 ] ], [ [ 10.002487334530878, 53.498278367865716 ], [ 10.002486237586719, 53.498272767882689 ], [ 10.002496005738426, 53.498272092677368 ], [ 10.002497087611236, 53.498277692786736 ], [ 10.002487334530878, 53.498278367865716 ] ], [ [ 10.002511217568678, 53.498309179865444 ], [ 10.002501810728351, 53.49830983406342 ], [ 10.002501553260378, 53.498308505839695 ], [ 10.002488759949028, 53.498309395188237 ], [ 10.002486478186972, 53.49829766560385 ], [ 10.002499271706887, 53.498296785242864 ], [ 10.002499046504493, 53.498295546639248 ], [ 10.002508438481014, 53.498294901555219 ], [ 10.002509519083985, 53.498300447740618 ], [ 10.002506900258899, 53.498300631508634 ], [ 10.002507518776008, 53.498303844410032 ], [ 10.002510137813303, 53.498303669629287 ], [ 10.002511217568678, 53.498309179865444 ] ] ] } },
{ "type": "Feature", "properties": { "gebaeude_id": "DEHHALKA10007htD", "dachneig": 0.0, "dachfl_2d": 134.751, "dachfl_3d": 134.751, "area_m2": 134.8, "expo_klasse": "sonnig", "schatten": 0.24, "solar_eignung": "Eignung 1 (geeignet, sehr hohe Einstrahlung)", "ertkwha_k": 188873.65, "pvarea_solar": 1363.75, "schatten_klasse": "sonnig", "gruendach_eignung": "sehr gut geeignet" }, "geometry": { "type": "Polygon", "coordinates": [ [ [ 10.0029834219607, 53.498084563586701 ], [ 10.002994906082677, 53.498068448686517 ], [ 10.002905591442785, 53.498045152342158 ], [ 10.002900695645652, 53.498044033829778 ], [ 10.002896048857231, 53.498043245823716 ], [ 10.002890715094139, 53.49804273325379 ], [ 10.002885770022377, 53.498042720810595 ], [ 10.002880628357127, 53.49804332127394 ], [ 10.002875999568852, 53.498044573636335 ], [ 10.002872047334643, 53.498046386633881 ], [ 10.002867993621937, 53.498048371275168 ], [ 10.00286489690329, 53.498050662504603 ], [ 10.002862548920183, 53.498053378927544 ], [ 10.002861125029074, 53.498056285356775 ], [ 10.002860488092431, 53.498059320019479 ], [ 10.002860518802457, 53.498062537851055 ], [ 10.002861056889628, 53.498065535687815 ], [ 10.002887964779282, 53.498204074288864 ], [ 10.002888907922111, 53.498206987825206 ], [ 10.002890526999842, 53.498209796810286 ], [ 10.002892925187769, 53.49821240149857 ], [ 10.002896129662005, 53.498214675814992 ], [ 10.00290003279318, 53.498216530771714 ], [ 10.002904422928331, 53.498217941177373 ], [ 10.002909119832221, 53.498218935511375 ], [ 10.002913221480554, 53.498219620222194 ], [ 10.002917584891602, 53.498219898228001 ], [ 10.002922013697001, 53.498219753198399 ], [ 10.002926341673559, 53.498219168549973 ], [ 10.002930403870721, 53.498218181623031 ], [ 10.002934035974327, 53.498216856719928 ], [ 10.002940119213932, 53.498213992095756 ], [ 10.002946083568601, 53.498211200381448 ], [ 10.002951899529505, 53.498208508791826 ], [ 10.002958491417646, 53.498205478095301 ], [ 10.00296421927453, 53.498202886124197 ], [ 10.002971111340509, 53.498199798973687 ], [ 10.00297670651193, 53.49819733396243 ], [ 10.002982943865803, 53.49819461186808 ], [ 10.002989167843182, 53.498191961798277 ], [ 10.002996288752248, 53.498188989583994 ], [ 10.003002440758854, 53.498186483942632 ], [ 10.003003172740987, 53.498186199138928 ], [ 10.0029834219607, 53.498084563586701 ] ], [ [ 10.002940611826306, 53.498094972595496 ], [ 10.002939479591801, 53.498089157174583 ], [ 10.002949458285491, 53.498088462187248 ], [ 10.002950590733464, 53.498094286595339 ], [ 10.002940611826306, 53.498094972595496 ] ], [ [ 10.002968462849161, 53.498111854099108 ], [ 10.002978441759787, 53.498111168096614 ], [ 10.002979574212331, 53.498116992504386 ], [ 10.00296959530036, 53.498117678507015 ], [ 10.002968462849161, 53.498111854099108 ] ], [ [ 10.002960696120093, 53.498127704087842 ], [ 10.002963314932453, 53.498127520309914 ], [ 10.002964394953834, 53.498133039529201 ], [ 10.002954987947833, 53.498133684775389 ], [ 10.00295473067894, 53.498132365539924 ], [ 10.002941937218591, 53.498133245949447 ], [ 10.002939655553742, 53.498121525361235 ], [ 10.002952464083233, 53.498120644825491 ], [ 10.002952223796056, 53.498119406349225 ], [ 10.00296161572637, 53.498118761229769 ], [ 10.002962696383626, 53.498124307410983 ], [ 10.002960077359351, 53.49812448220159 ], [ 10.002960696120093, 53.498127704087842 ] ] ] } },
{ "type": "Feature", "properties": { "gebaeude_id": "DEHHALKA10007htD", "dachneig": 0.0, "dachfl_2d": 38.097, "dachfl_3d": 38.097, "area_m2": 38.1, "expo_klasse": "sonnig", "schatten": 0.24, "solar_eignung": "Eignung 1 (geeignet, sehr hohe Einstrahlung)", "ertkwha_k": 188873.65, "pvarea_solar": 1363.75, "schatten_klasse": "sonnig", "gruendach_eignung": "sehr gut geeignet" }, "geometry": { "type": "Polygon", "coordinates": [ [ [ 10.00301101019606, 53.498066677538787 ], [ 10.002909059936609, 53.498040089356806 ], [ 10.002903588201287, 53.498038840840891 ], [ 10.002898048314806, 53.498037898525133 ], [ 10.002891475633401, 53.498037270503318 ], [ 10.002884902301979, 53.49803725374376 ], [ 10.002877821155653, 53.498038077228699 ], [ 10.002871244812505, 53.498039849319831 ], [ 10.002866323042559, 53.498042101927552 ], [ 10.002861449883232, 53.498044497952399 ], [ 10.002857167508045, 53.498047653091731 ], [ 10.00285398329398, 53.498051347350867 ], [ 10.002852113785769, 53.498055174404598 ], [ 10.002851314429291, 53.498058992479521 ], [ 10.002851344912134, 53.498062839548332 ], [ 10.0028519354273, 53.498066142573855 ], [ 10.002878893595751, 53.498204896492787 ], [ 10.002880016534965, 53.498208401799651 ], [ 10.002882107091288, 53.498212024834878 ], [ 10.002885325125105, 53.49821551256305 ], [ 10.002889694843244, 53.498218613086834 ], [ 10.00289495513303, 53.498221121848168 ], [ 10.002900681839961, 53.498222952515142 ], [ 10.002906348482551, 53.498224154450511 ], [ 10.002911479311704, 53.498225010307415 ], [ 10.002917337670356, 53.498225392627738 ], [ 10.002923287750713, 53.498225189888224 ], [ 10.002929103463273, 53.498224403985894 ], [ 10.002934544706346, 53.49822308188088 ], [ 10.002939297924168, 53.498221352051168 ], [ 10.002945798531016, 53.498218286164992 ], [ 10.002951733164895, 53.498215512677959 ], [ 10.002957504332425, 53.49821283944209 ], [ 10.002964066499814, 53.498209826972833 ], [ 10.002969764423812, 53.498207244241677 ], [ 10.002976596835943, 53.498204184558666 ], [ 10.002982132141437, 53.498201738027639 ], [ 10.002988325126205, 53.498199052261612 ], [ 10.002994474165069, 53.498196420798486 ], [ 10.003001505487312, 53.498193485291992 ], [ 10.003007568119179, 53.498191025345704 ], [ 10.003013512502815, 53.498188665271208 ], [ 10.003020355727113, 53.498186063937823 ], [ 10.003027037182262, 53.498183634754014 ], [ 10.003033284500775, 53.498181335059925 ], [ 10.00301101019606, 53.498066677538787 ] ], [ [ 10.003006156765355, 53.498103762249023 ], [ 10.003005831992647, 53.498102137951534 ], [ 10.002992978464322, 53.498103027859706 ], [ 10.002989700823088, 53.498086155900133 ], [ 10.00300255434643, 53.498085265992358 ], [ 10.003002347384927, 53.498084162072686 ], [ 10.00301175437925, 53.498083516822838 ], [ 10.003012784521317, 53.498088838700639 ], [ 10.003010541889582, 53.498088992355733 ], [ 10.003012240468108, 53.498097724473304 ], [ 10.003014483100323, 53.498097570818203 ], [ 10.003015563551775, 53.498103108011584 ], [ 10.003006156765355, 53.498103762249023 ] ], [ [ 10.00302531012499, 53.498153257180427 ], [ 10.003023052417294, 53.498153410962267 ], [ 10.003024751001135, 53.498162143079554 ], [ 10.003026993636713, 53.498161989424162 ], [ 10.00302807409154, 53.498167526617422 ], [ 10.003018667078944, 53.498168171868635 ], [ 10.003018342517398, 53.498166556558466 ], [ 10.003005488969842, 53.498167446468017 ], [ 10.003002211318389, 53.498150574509033 ], [ 10.003015064860891, 53.498149684599866 ], [ 10.003014857898725, 53.49814858068018 ], [ 10.003024264694927, 53.498147926442023 ], [ 10.00302531012499, 53.498153257180427 ] ], [ [ 10.003016937146668, 53.498110206844331 ], [ 10.003014694513782, 53.498110360499517 ], [ 10.003016378021497, 53.498119092743458 ], [ 10.003018635727411, 53.498118938961802 ], [ 10.003019716179985, 53.498124476155169 ], [ 10.003010294316319, 53.498125130519419 ], [ 10.003009984615895, 53.498123506095446 ], [ 10.002997116008602, 53.498124396130571 ], [ 10.002993853436566, 53.49810752404472 ], [ 10.003006706966245, 53.498106634136448 ], [ 10.003006500004549, 53.498105530216797 ], [ 10.003015907003487, 53.498104884966587 ], [ 10.003016937146668, 53.498110206844331 ] ], [ [ 10.003022788783047, 53.49814032507976 ], [ 10.003023869236767, 53.49814586227302 ], [ 10.003014447156298, 53.498146507650361 ], [ 10.003014137667657, 53.498144892213709 ], [ 10.003001269053986, 53.498145782249303 ], [ 10.002998006478593, 53.498128910163615 ], [ 10.003010860014628, 53.498128020254903 ], [ 10.003010653052684, 53.498126916335259 ], [ 10.003020059844163, 53.498126262097401 ], [ 10.003021090200541, 53.498131592962395 ], [ 10.003018847566583, 53.498131746617631 ], [ 10.003020531076027, 53.498140478861508 ], [ 10.003022788783047, 53.49814032507976 ] ], [ [ 10.002996288752248, 53.498188989583994 ], [ 10.002989167843182, 53.498191961798277 ], [ 10.002982943865803, 53.49819461186808 ], [ 10.00297670651193, 53.49819733396243 ], [ 10.002971111340509, 53.498199798973687 ], [ 10.00296421927453, 53.498202886124197 ], [ 10.002958491417646, 53.498205478095301 ], [ 10.002951899529505, 53.498208508791826 ], [ 10.002946083568601, 53.498211200381448 ], [ 10.002940119213932, 53.498213992095756 ], [ 10.002934035974327, 53.498216856719928 ], [ 10.002930403870721, 53.498218181623031 ], [ 10.002926341673559, 53.498219168549973 ], [ 10.002922013697001, 53.498219753198399 ], [ 10.002917584891602, 53.498219898228001 ], [ 10.002913221480554, 53.498219620222194 ], [ 10.002909119832221, 53.498218935511375 ], [ 10.002904422928331, 53.498217941177373 ], [ 10.00290003279318, 53.498216530771714 ], [ 10.002896129662005, 53.498214675814992 ], [ 10.002892925187769, 53.49821240149857 ], [ 10.002890526999842, 53.498209796810286 ], [ 10.002888907922111, 53.498206987825206 ], [ 10.002887964779282, 53.498204074288864 ], [ 10.002861056889628, 53.498065535687815 ], [ 10.002860518802457, 53.498062537851055 ], [ 10.002860488092431, 53.498059320019479 ], [ 10.002861125029074, 53.498056285356775 ], [ 10.002862548920183, 53.498053378927544 ], [ 10.00286489690329, 53.498050662504603 ], [ 10.002867993621937, 53.498048371275168 ], [ 10.002872047334643, 53.498046386633881 ], [ 10.002875999568852, 53.498044573636335 ], [ 10.002880628357127, 53.49804332127394 ], [ 10.002885770022377, 53.498042720810595 ], [ 10.002890715094139, 53.49804273325379 ], [ 10.002896048857231, 53.498043245823716 ], [ 10.002900695645652, 53.498044033829778 ], [ 10.002905591442785, 53.498045152342158 ], [ 10.002994906082677, 53.498068448686517 ], [ 10.0029834219607, 53.498084563586701 ], [ 10.003003172740987, 53.498186199138928 ], [ 10.003002440758854, 53.498186483942632 ], [ 10.002996288752248, 53.498188989583994 ] ] ] } },
{ "type": "Feature", "properties": { "gebaeude_id": "DEHHALKA10007htD", "dachneig": 13.729, "dachfl_2d": 79.419, "dachfl_3d": 81.752, "area_m2": 79.4, "expo_klasse": "sonnig", "schatten": 0.24, "solar_eignung": "Eignung 1 (geeignet, sehr hohe Einstrahlung)", "ertkwha_k": 188873.65, "pvarea_solar": 1363.75, "schatten_klasse": "sonnig", "gruendach_eignung": "sehr gut geeignet" }, "geometry": { "type": "Polygon", "coordinates": [ [ [ 10.003069079618783, 53.49816816231813 ], [ 10.00307519637059, 53.498166079455416 ], [ 10.003081344539787, 53.498164050263178 ], [ 10.003087538774764, 53.498162056640339 ], [ 10.003093764427167, 53.498160116687941 ], [ 10.003100036145373, 53.498158212304965 ], [ 10.003106323996322, 53.498156352731627 ], [ 10.003112658125188, 53.498154537714996 ], [ 10.0031190236716, 53.498152776368791 ], [ 10.003125420211243, 53.498151050718434 ], [ 10.00313184795629, 53.498149369751225 ], [ 10.00313830711891, 53.498147742454485 ], [ 10.003144797486943, 53.498146159840836 ], [ 10.003153507778611, 53.498144100152956 ], [ 10.003160973833124, 53.498142338557415 ], [ 10.00316429173227, 53.498141115164081 ], [ 10.003167914062841, 53.498139376838289 ], [ 10.003171376332375, 53.498137244336405 ], [ 10.003174365198786, 53.498134855124356 ], [ 10.003176674525422, 53.498132417681084 ], [ 10.00317855587892, 53.49812973213551 ], [ 10.003179903539133, 53.498126790385939 ], [ 10.003180592460634, 53.49812404293565 ], [ 10.003179666291233, 53.498120571936362 ], [ 10.003178098153388, 53.498117367008199 ], [ 10.003175639460515, 53.498114115619821 ], [ 10.003172481479346, 53.498111256630693 ], [ 10.003168408738574, 53.498108603078528 ], [ 10.00316447439984, 53.49810670344705 ], [ 10.00301101019606, 53.498066677538787 ], [ 10.003033284500775, 53.498181335059925 ], [ 10.003039157973248, 53.4981791643498 ], [ 10.003045059044833, 53.498176885538875 ], [ 10.003050991109461, 53.498174642423905 ], [ 10.003056984312394, 53.498172434751829 ], [ 10.003063008932736, 53.49817028075028 ], [ 10.003069079618783, 53.49816816231813 ] ] ] } },
{ "type": "Feature", "properties": { "gebaeude_id": "DEHHALKA10007htD", "dachneig": 11.11, "dachfl_2d": 106.279, "dachfl_3d": 108.304, "area_m2": 106.3, "expo_klasse": "sonnig", "schatten": 0.24, "solar_eignung": "Eignung 1 (geeignet, sehr hohe Einstrahlung)", "ertkwha_k": 188873.65, "pvarea_solar": 1363.75, "schatten_klasse": "sonnig", "gruendach_eignung": "sehr gut geeignet" }, "geometry": { "type": "Polygon", "coordinates": [ [ [ 10.003614364706927, 53.497974149276125 ], [ 10.003621195967975, 53.497972321069064 ], [ 10.003628043149932, 53.497970528684164 ], [ 10.003634906252834, 53.49796877212151 ], [ 10.003641800349254, 53.497967051254548 ], [ 10.003648725439186, 53.497965366083243 ], [ 10.00365565137759, 53.497963716860703 ], [ 10.003662608309524, 53.497962103333812 ], [ 10.003669580950262, 53.497960516641868 ], [ 10.003676569724259, 53.497958974759385 ], [ 10.00368357441932, 53.49795746869912 ], [ 10.003690594823196, 53.497955989473787 ], [ 10.003697631360444, 53.497954555057945 ], [ 10.003704683606523, 53.497953147476998 ], [ 10.003711751773723, 53.497951775718235 ], [ 10.003718820789555, 53.497950439908244 ], [ 10.003725920586783, 53.497949130806575 ], [ 10.00373302144493, 53.497947866640956 ], [ 10.003740032928896, 53.497946648170846 ], [ 10.003745648399493, 53.497945684128574 ], [ 10.00375108278827, 53.497944074393175 ], [ 10.003755841673721, 53.497941948963714 ], [ 10.003759718073784, 53.497939480370924 ], [ 10.00376296461266, 53.497936513679115 ], [ 10.003765241839908, 53.4979333573676 ], [ 10.003766650168647, 53.497929794855359 ], [ 10.003766973276228, 53.497926241456526 ], [ 10.003766478221161, 53.497923791595831 ], [ 10.003765440131142, 53.497921328317325 ], [ 10.003763845844325, 53.497918932633169 ], [ 10.003761742064265, 53.497916667074605 ], [ 10.003759159997395, 53.497914576325073 ], [ 10.003756176916811, 53.497912740637148 ], [ 10.003752883469849, 53.497911168238772 ], [ 10.003749386225374, 53.497909903180386 ], [ 10.003557029277797, 53.497859741288401 ], [ 10.003580852263603, 53.497983743342679 ], [ 10.00358110679875, 53.497983669292942 ], [ 10.003587289094854, 53.49798181058032 ], [ 10.003594026527194, 53.497979839337347 ], [ 10.003600779880436, 53.497977903916663 ], [ 10.00360756443934, 53.497976013178942 ], [ 10.003614364706927, 53.497974149276125 ] ] ] } },
{ "type": "Feature", "properties": { "gebaeude_id": "DEHHALKA10007htD", "dachneig": 0.0, "dachfl_2d": 47.395, "dachfl_3d": 47.395, "area_m2": 47.4, "expo_klasse": "sonnig", "schatten": 0.26, "solar_eignung": "Eignung 1 (geeignet, sehr hohe Einstrahlung)", "ertkwha_k": 52594.19, "pvarea_solar": 379.71, "schatten_klasse": "sonnig", "gruendach_eignung": "sehr gut geeignet" }, "geometry": { "type": "Polygon", "coordinates": [ [ [ 10.003401927380285, 53.497819289167836 ], [ 10.003396431031588, 53.49781827459708 ], [ 10.003389779195215, 53.497817485463884 ], [ 10.003383005075214, 53.497817263668651 ], [ 10.003376262579062, 53.497817742755551 ], [ 10.003369809636013, 53.497818992472062 ], [ 10.003363917126, 53.497820992566155 ], [ 10.00335871709389, 53.497823589115207 ], [ 10.003354754482871, 53.497826876424639 ], [ 10.003352174500929, 53.497830619559686 ], [ 10.003350548540951, 53.49783454345696 ], [ 10.003349572607133, 53.497838542799364 ], [ 10.003349080053686, 53.497842583029481 ], [ 10.00334891909486, 53.497846620476146 ], [ 10.00334904472545, 53.497850664506117 ], [ 10.003349381370944, 53.497854706764763 ], [ 10.003381714841016, 53.498021209683607 ], [ 10.003383825377277, 53.49802567751582 ], [ 10.003387097780024, 53.49802955130459 ], [ 10.003391811843464, 53.498033188264088 ], [ 10.00339790069933, 53.498036310294189 ], [ 10.003404480378203, 53.498038511317823 ], [ 10.003411644285944, 53.498039916397872 ], [ 10.003419617449477, 53.498040478699764 ], [ 10.003427312097887, 53.498040099486218 ], [ 10.00343430959451, 53.498038926096925 ], [ 10.003441255300139, 53.498036836256205 ], [ 10.003447190088391, 53.49803407173205 ], [ 10.003453186014941, 53.498031342650656 ], [ 10.003459212722444, 53.498028640277695 ], [ 10.003465270423147, 53.498025973600576 ], [ 10.003471374189612, 53.498023342492708 ], [ 10.003477524021832, 53.49802074695409 ], [ 10.003483704635073, 53.498018178123971 ], [ 10.003489931314066, 53.498015644863095 ], [ 10.003496188774093, 53.498013138310661 ], [ 10.003502477439564, 53.498010676441346 ], [ 10.003508812170844, 53.498008250141233 ], [ 10.003515162610638, 53.498005850676137 ], [ 10.003521574188785, 53.49800348665368 ], [ 10.003528001687661, 53.498001158453498 ], [ 10.003534460179825, 53.497998865949121 ], [ 10.003540964737869, 53.497996609013882 ], [ 10.003547500289208, 53.497994387774426 ], [ 10.003554051761338, 53.497992202357175 ], [ 10.00356064929934, 53.497990052509152 ], [ 10.003567262758159, 53.497987938483391 ], [ 10.003573907210349, 53.497985860153335 ], [ 10.003580852263603, 53.497983743342679 ], [ 10.003557029277797, 53.497859741288401 ], [ 10.003401927380285, 53.497819289167836 ] ], [ [ 10.003570954700008, 53.497947016174876 ], [ 10.003571985120793, 53.497952347034968 ], [ 10.003569727425873, 53.497952500827076 ], [ 10.003571426113377, 53.49796123293639 ], [ 10.003573683596514, 53.497961070156961 ], [ 10.003574749044548, 53.497966607471668 ], [ 10.003565342297495, 53.497967261752969 ], [ 10.003565032577104, 53.497965637330516 ], [ 10.003552164029957, 53.497966527425113 ], [ 10.003548886390389, 53.497949664468756 ], [ 10.003561754932521, 53.497948774374535 ], [ 10.003561532884691, 53.497947670582434 ], [ 10.003570954700008, 53.497947016174876 ] ], [ [ 10.00356230588269, 53.497902520948173 ], [ 10.003552898937359, 53.497903166241166 ], [ 10.003552574357682, 53.497901550932518 ], [ 10.003539720689909, 53.497902431911825 ], [ 10.003536443060575, 53.497885568954906 ], [ 10.003549296511064, 53.497884678988704 ], [ 10.00354908953644, 53.497883575069942 ], [ 10.003558496265267, 53.497882920790019 ], [ 10.003559541755305, 53.497888251523712 ], [ 10.00355728406374, 53.497888405315578 ], [ 10.003558982745957, 53.497897137425191 ], [ 10.003561225153266, 53.497896974772551 ], [ 10.00356230588269, 53.497902520948173 ] ], [ [ 10.003565309042362, 53.497917974923809 ], [ 10.003566389560651, 53.497923512112088 ], [ 10.003556967538257, 53.497924157531962 ], [ 10.003556658030753, 53.497922542096774 ], [ 10.003543789496458, 53.497923432190397 ], [ 10.003540511651526, 53.497906560246378 ], [ 10.003553380180819, 53.497905670153095 ], [ 10.003553158133428, 53.497904566360951 ], [ 10.003562579939336, 53.497903911954104 ], [ 10.003563610357956, 53.49790924281433 ], [ 10.003561352665265, 53.497909396606261 ], [ 10.003563051349239, 53.49791812871576 ], [ 10.003565309042362, 53.497917974923809 ] ], [ [ 10.003567797206575, 53.49793077245652 ], [ 10.003565539512781, 53.4979309262485 ], [ 10.003567238198508, 53.49793965835795 ], [ 10.00356949568056, 53.497939495578635 ], [ 10.003570561339707, 53.497945041880691 ], [ 10.003561154385078, 53.497945687174358 ], [ 10.003560844877237, 53.497944071739177 ], [ 10.003547976124302, 53.497944952845998 ], [ 10.003544698488199, 53.497928089889491 ], [ 10.003557567023867, 53.497927199795718 ], [ 10.003557344976292, 53.497926096003575 ], [ 10.003566751714384, 53.49792544172292 ], [ 10.003566389560651, 53.497923512112088 ], [ 10.003567797206575, 53.49793077245652 ] ], [ [ 10.00352517560451, 53.497857222115101 ], [ 10.003549751234285, 53.497987564144452 ], [ 10.003543125036673, 53.497989777156064 ], [ 10.003536529620112, 53.497992016876033 ], [ 10.003529950336567, 53.497994301405654 ], [ 10.003523416906569, 53.497996612517163 ], [ 10.003516914682104, 53.497998968311663 ], [ 10.003510458311222, 53.498001350688121 ], [ 10.003504018073263, 53.498003777874047 ], [ 10.003497623688874, 53.498006231641995 ], [ 10.003491260297677, 53.498008721105677 ], [ 10.003484942972298, 53.498011246138581 ], [ 10.003478656640123, 53.49801380686722 ], [ 10.003472401301115, 53.498016403291658 ], [ 10.003466192027856, 53.498019035285346 ], [ 10.003460028608139, 53.498021693860984 ], [ 10.003453896181604, 53.4980243881324 ], [ 10.003447809820788, 53.498027117973102 ], [ 10.003441754240926, 53.498029874522274 ], [ 10.003436475642266, 53.498032336897957 ], [ 10.003431071799673, 53.498033964340664 ], [ 10.003425726130583, 53.498034863179576 ], [ 10.003419778201637, 53.498035155816929 ], [ 10.003413586783468, 53.498034713393778 ], [ 10.003408088921098, 53.498033635912662 ], [ 10.003403028805803, 53.498031943499349 ], [ 10.003398297958981, 53.498029511217403 ], [ 10.003394658920866, 53.49802671020683 ], [ 10.003392161789574, 53.498023746796022 ], [ 10.003390479643578, 53.498020183264543 ], [ 10.003358250579641, 53.49785427275053 ], [ 10.003357935159398, 53.497850490996974 ], [ 10.003357813983982, 53.497846635700171 ], [ 10.003357965598694, 53.497842841037034 ], [ 10.003358420572757, 53.497839124729104 ], [ 10.003359286323281, 53.497835566776295 ], [ 10.003360655831306, 53.497832274267068 ], [ 10.003362594691536, 53.497829471377649 ], [ 10.003365300543717, 53.497827228361587 ], [ 10.003369010303539, 53.497825363448463 ], [ 10.003373422309245, 53.497823870181442 ], [ 10.003378194562211, 53.497822949191089 ], [ 10.003383296705451, 53.497822591743137 ], [ 10.003388667600435, 53.497822762394357 ], [ 10.003394245896445, 53.497823416714432 ], [ 10.003398818792762, 53.497824268244976 ], [ 10.00352517560451, 53.497857222115101 ] ] ] } },
{ "type": "Feature", "properties": { "gebaeude_id": "DEHHALKA10007htD", "dachneig": 0.0, "dachfl_2d": 215.37, "dachfl_3d": 215.37, "area_m2": 215.4, "expo_klasse": "sonnig", "schatten": 0.27, "solar_eignung": "Eignung 1 (geeignet, sehr hohe Einstrahlung)", "ertkwha_k": 34314.49, "pvarea_solar": 247.86, "schatten_klasse": "sonnig", "gruendach_eignung": "sehr gut geeignet" }, "geometry": { "type": "Polygon", "coordinates": [ [ [ 10.003398818792762, 53.497824268244976 ], [ 10.003394245896445, 53.497823416714432 ], [ 10.003388667600435, 53.497822762394357 ], [ 10.003383296705451, 53.497822591743137 ], [ 10.003378194562211, 53.497822949191089 ], [ 10.003373422309245, 53.497823870181442 ], [ 10.003369010303539, 53.497825363448463 ], [ 10.003365300543717, 53.497827228361587 ], [ 10.003362594691536, 53.497829471377649 ], [ 10.003360655831306, 53.497832274267068 ], [ 10.003359286323281, 53.497835566776295 ], [ 10.003358420572757, 53.497839124729104 ], [ 10.003357965598694, 53.497842841037034 ], [ 10.003357813983982, 53.497846635700171 ], [ 10.003357935159398, 53.497850490996974 ], [ 10.003358250579641, 53.49785427275053 ], [ 10.003390479643578, 53.498020183264543 ], [ 10.003392161789574, 53.498023746796022 ], [ 10.003394658920866, 53.49802671020683 ], [ 10.003398297958981, 53.498029511217403 ], [ 10.003403028805803, 53.498031943499349 ], [ 10.003408088921098, 53.498033635912662 ], [ 10.003413586783468, 53.498034713393778 ], [ 10.003419778201637, 53.498035155816929 ], [ 10.003425726130583, 53.498034863179576 ], [ 10.003431071799673, 53.498033964340664 ], [ 10.003436475642266, 53.498032336897957 ], [ 10.003441754240926, 53.498029874522274 ], [ 10.003447809820788, 53.498027117973102 ], [ 10.003453896181604, 53.4980243881324 ], [ 10.003460028608139, 53.498021693860984 ], [ 10.003466192027856, 53.498019035285346 ], [ 10.003472401301115, 53.498016403291658 ], [ 10.003478656640123, 53.49801380686722 ], [ 10.003484942972298, 53.498011246138581 ], [ 10.003491260297677, 53.498008721105677 ], [ 10.003497623688874, 53.498006231641995 ], [ 10.003504018073263, 53.498003777874047 ], [ 10.003510458311222, 53.498001350688121 ], [ 10.003516914682104, 53.497998968311663 ], [ 10.003523416906569, 53.497996612517163 ], [ 10.003529950336567, 53.497994301405654 ], [ 10.003536529620112, 53.497992016876033 ], [ 10.003543125036673, 53.497989777156064 ], [ 10.003549751234285, 53.497987564144452 ], [ 10.00352517560451, 53.497857222115101 ], [ 10.003398818792762, 53.497824268244976 ] ], [ [ 10.003512850105949, 53.497920689599596 ], [ 10.003522828962348, 53.497920003551819 ], [ 10.003523946411487, 53.497925828080852 ], [ 10.003513982626259, 53.497926514002188 ], [ 10.003512850105949, 53.497920689599596 ] ], [ [ 10.003492268404273, 53.497903297738794 ], [ 10.003491135887597, 53.497897473335961 ], [ 10.003501114738921, 53.497896787290024 ], [ 10.003502247044722, 53.497902602705487 ], [ 10.003492268404273, 53.497903297738794 ] ], [ [ 10.003468199930568, 53.497931689548061 ], [ 10.003480993318718, 53.497930809082526 ], [ 10.003480753017282, 53.497929570607369 ], [ 10.003490159969621, 53.497928925320025 ], [ 10.003491240690646, 53.497934471496315 ], [ 10.003488621892604, 53.497934655285754 ], [ 10.003489240478212, 53.497937868181928 ], [ 10.003491859488671, 53.497937693379775 ], [ 10.003492939361296, 53.497943203606866 ], [ 10.003483532405843, 53.497943848894401 ], [ 10.003483275121758, 53.497942529660129 ], [ 10.003470481730174, 53.49794341012592 ], [ 10.003468199930568, 53.497931689548061 ] ] ] } },
{ "type": "Feature", "properties": { "gebaeude_id": "DEHHALKA4mZ000Lj", "dachneig": 0.0, "dachfl_2d": 382.341, "dachfl_3d": 382.341, "area_m2": 382.3, "expo_klasse": "sonnig", "schatten": 0.34, "solar_eignung": "Eignung 1 (geeignet, sehr hohe Einstrahlung)", "ertkwha_k": 209456.11, "pvarea_solar": 1513.15, "schatten_klasse": "sonnig", "gruendach_eignung": "sehr gut geeignet" }, "geometry": { "type": "Polygon", "coordinates": [ [ [ 10.000608718903168, 53.498444972775353 ], [ 10.000607974818815, 53.498442183402403 ], [ 10.000589949662334, 53.498421281884532 ], [ 10.000439640374971, 53.498465903344766 ], [ 10.000692521709132, 53.498768794740371 ], [ 10.00088566919373, 53.498682869034411 ], [ 10.000857158767676, 53.498648212182509 ], [ 10.00084988111942, 53.4986458191037 ], [ 10.000752299836236, 53.498647912591473 ], [ 10.000743162489814, 53.498636968489365 ], [ 10.000711334055817, 53.498646421799499 ], [ 10.000699590420753, 53.498632353338643 ], [ 10.000693557148479, 53.498634147729682 ], [ 10.000683333827572, 53.498621900310134 ], [ 10.00072119572949, 53.49861066160264 ], [ 10.000599370001369, 53.498464737109117 ], [ 10.000608718903168, 53.498444972775353 ] ], [ [ 10.000620911763715, 53.49857672243693 ], [ 10.000619079850315, 53.498574472526066 ], [ 10.000624844558775, 53.498572797244968 ], [ 10.000626691333517, 53.49857503804224 ], [ 10.000620911763715, 53.49857672243693 ] ], [ [ 10.000666434341358, 53.49855789576106 ], [ 10.000664194662786, 53.49855497508409 ], [ 10.000669063255341, 53.498553657876826 ], [ 10.000671287861408, 53.49855657867986 ], [ 10.000666434341358, 53.49855789576106 ] ], [ [ 10.000757296146643, 53.498659700380557 ], [ 10.000752566162925, 53.498661142277946 ], [ 10.000749883859273, 53.498657991592538 ], [ 10.000754598769946, 53.498656549821469 ], [ 10.000757296146643, 53.498659700380557 ] ], [ [ 10.000741781058979, 53.498664091101155 ], [ 10.000739156295699, 53.498660823075809 ], [ 10.000744187735592, 53.498659378655034 ], [ 10.000746827360283, 53.498662637566753 ], [ 10.000741781058979, 53.498664091101155 ] ], [ [ 10.000587003128896, 53.498465173230215 ], [ 10.000588043013224, 53.498461317201652 ], [ 10.000594011337892, 53.49846188748586 ], [ 10.000592971665705, 53.498465752501787 ], [ 10.000587003128896, 53.498465173230215 ] ], [ [ 10.000629239985777, 53.498514250568626 ], [ 10.000625674218492, 53.498510073532849 ], [ 10.000630614150014, 53.498508584937461 ], [ 10.000634164844918, 53.498512762099253 ], [ 10.000629239985777, 53.498514250568626 ] ], [ [ 10.000794792522314, 53.498654064903114 ], [ 10.000787424727273, 53.498653605226103 ], [ 10.00078807757348, 53.498649959185158 ], [ 10.000795430506754, 53.498650427975647 ], [ 10.000794792522314, 53.498654064903114 ] ], [ [ 10.000531163203242, 53.49848440085745 ], [ 10.00052598846081, 53.49847783720422 ], [ 10.000537041456255, 53.498474742332689 ], [ 10.000542215988443, 53.498481296998087 ], [ 10.000531163203242, 53.49848440085745 ] ], [ [ 10.000561191629098, 53.498526559945091 ], [ 10.000555971446985, 53.498519987684517 ], [ 10.000567024027948, 53.498516874835545 ], [ 10.000572228927052, 53.498523438234535 ], [ 10.000561191629098, 53.498526559945091 ] ], [ [ 10.000738597249429, 53.498682536368911 ], [ 10.000726695859395, 53.498686096804619 ], [ 10.000720956596004, 53.49867925023586 ], [ 10.000732843123462, 53.498675698914234 ], [ 10.000738597249429, 53.498682536368911 ] ], [ [ 10.000670129088917, 53.498641175563243 ], [ 10.000658305396422, 53.498644834221516 ], [ 10.000652386546045, 53.498638043087347 ], [ 10.000664210237218, 53.498634384429664 ], [ 10.000670129088917, 53.498641175563243 ] ], [ [ 10.000801633367709, 53.498673118395935 ], [ 10.000807600216756, 53.498680025978835 ], [ 10.00079565615477, 53.498683694647596 ], [ 10.000789689095475, 53.498676778076842 ], [ 10.000801633367709, 53.498673118395935 ] ], [ [ 10.000648990644233, 53.498616111210076 ], [ 10.000655116230014, 53.498623359056452 ], [ 10.000643215060999, 53.498626928471126 ], [ 10.000637089476719, 53.498619680624167 ], [ 10.000648990644233, 53.498616111210076 ] ], [ [ 10.000667637169215, 53.498607055923799 ], [ 10.000687860590171, 53.498600944838088 ], [ 10.000694729143625, 53.498609013457141 ], [ 10.000674490647087, 53.498615124670209 ], [ 10.000667637169215, 53.498607055923799 ] ] ] } },
{ "type": "Feature", "properties": { "gebaeude_id": "DEHHALKA4mZ000Lj", "dachneig": 0.0, "dachfl_2d": 48.713, "dachfl_3d": 48.713, "area_m2": 48.7, "expo_klasse": "sonnig", "schatten": 0.34, "solar_eignung": "Eignung 1 (geeignet, sehr hohe Einstrahlung)", "ertkwha_k": 209456.11, "pvarea_solar": 1513.15, "schatten_klasse": "sonnig", "gruendach_eignung": "sehr gut geeignet" }, "geometry": { "type": "Polygon", "coordinates": [ [ [ 10.000906378758375, 53.498676915644339 ], [ 10.000907067536881, 53.498675435668574 ], [ 10.000907459516432, 53.498674155937778 ], [ 10.000873751358728, 53.498632603049515 ], [ 10.000867349414996, 53.498630265562539 ], [ 10.000864190314614, 53.498629914474009 ], [ 10.000773602036311, 53.498631275243099 ], [ 10.000771834500037, 53.498631119249737 ], [ 10.000768700511831, 53.498629913986456 ], [ 10.000765502725923, 53.498627279994544 ], [ 10.000653620463265, 53.498493892962102 ], [ 10.000649784466445, 53.498492325020678 ], [ 10.000622870574107, 53.49848896369118 ], [ 10.000754112728902, 53.498646153532739 ], [ 10.000850299224332, 53.498644368361944 ], [ 10.000858319883719, 53.498646943989741 ], [ 10.000889467662169, 53.498684122664983 ], [ 10.000906378758375, 53.498676915644339 ] ] ] } },
{ "type": "Feature", "properties": { "gebaeude_id": "DEHHALKA4mZ000Lm", "dachneig": 0.0, "dachfl_2d": 421.445, "dachfl_3d": 421.445, "area_m2": 421.4, "expo_klasse": "sonnig", "schatten": 0.36, "solar_eignung": "Eignung 1 (geeignet, sehr hohe Einstrahlung)", "ertkwha_k": 13942.66, "pvarea_solar": 99.84, "schatten_klasse": "sonnig", "gruendach_eignung": "sehr gut geeignet" }, "geometry": { "type": "Polygon", "coordinates": [ [ [ 10.000939607682021, 53.498459380462243 ], [ 10.00102860954571, 53.498565407340635 ], [ 10.001028787034741, 53.498568462139325 ], [ 10.001019337149952, 53.498583292350339 ], [ 10.001019385251, 53.498587894353307 ], [ 10.001041632384879, 53.498614576379005 ], [ 10.001175243969044, 53.498555504757114 ], [ 10.000983966992008, 53.498304136226928 ], [ 10.000626814285324, 53.498409952674542 ], [ 10.000655481415425, 53.498442316055716 ], [ 10.000719328870197, 53.498481450309001 ], [ 10.000722801687967, 53.498482320141079 ], [ 10.000728146109681, 53.498482643948044 ], [ 10.000732942880083, 53.498482118377886 ], [ 10.000775997839597, 53.498469263086079 ], [ 10.000781008135819, 53.498466281709092 ], [ 10.000786454496854, 53.498451089518397 ], [ 10.000788257220416, 53.498448899068634 ], [ 10.000900426246258, 53.498416507074943 ], [ 10.000902942372372, 53.498415802835837 ], [ 10.000923189968466, 53.498439526243885 ], [ 10.000969273000662, 53.498425944377288 ], [ 10.000985734678302, 53.498445744286755 ], [ 10.000939607682021, 53.498459380462243 ] ], [ [ 10.001067460751649, 53.49852193440735 ], [ 10.001069750796523, 53.498524432168587 ], [ 10.001065232492, 53.498525899272828 ], [ 10.001062957520105, 53.49852340138527 ], [ 10.001067460751649, 53.49852193440735 ] ], [ [ 10.000988389213367, 53.498493157399984 ], [ 10.000983480712, 53.498494699681444 ], [ 10.00098094040734, 53.498491817484158 ], [ 10.000985833835756, 53.49849027532904 ], [ 10.000988389213367, 53.498493157399984 ] ], [ [ 10.001034910701977, 53.498514826984746 ], [ 10.001031050093264, 53.49851605486365 ], [ 10.001027644117165, 53.498512263031671 ], [ 10.001031504725606, 53.498511035152887 ], [ 10.001034910701977, 53.498514826984746 ] ], [ [ 10.000974471287316, 53.498487907477546 ], [ 10.000978324357884, 53.498491479829134 ], [ 10.000974260564099, 53.498493042003474 ], [ 10.000970407493744, 53.498489469651808 ], [ 10.000974471287316, 53.498487907477546 ] ], [ [ 10.000750194256042, 53.49842726643859 ], [ 10.00074731708065, 53.498424162329982 ], [ 10.000752433214119, 53.49842247449461 ], [ 10.000755310389779, 53.49842557860304 ], [ 10.000755026124848, 53.498425670873871 ], [ 10.000750194256042, 53.49842726643859 ] ], [ [ 10.000732439706344, 53.498421059812053 ], [ 10.000737245027659, 53.498419617284554 ], [ 10.000740192228408, 53.498423134304538 ], [ 10.000735386695155, 53.4984245678448 ], [ 10.000735200320028, 53.498424335689279 ], [ 10.000732439706344, 53.498421059812053 ] ], [ [ 10.000844478341063, 53.498401055906228 ], [ 10.000839777899412, 53.49840247059268 ], [ 10.000836753846782, 53.498398891295111 ], [ 10.000841454288139, 53.498397476608822 ], [ 10.000844478341063, 53.498401055906228 ] ], [ [ 10.001069071862592, 53.498554488329056 ], [ 10.001073862961443, 53.498553081863477 ], [ 10.001076781112419, 53.498556644063875 ], [ 10.001071989801563, 53.498558041542253 ], [ 10.001069071862592, 53.498554488329056 ] ], [ [ 10.000744002962959, 53.498421709092916 ], [ 10.000741886030449, 53.498418239056136 ], [ 10.000748005427468, 53.498416902384172 ], [ 10.000750122360422, 53.498420372420846 ], [ 10.000744002962959, 53.498421709092916 ] ], [ [ 10.000705741488572, 53.49846206676402 ], [ 10.000710202992057, 53.498465229521955 ], [ 10.000703572456109, 53.4984685480675 ], [ 10.000699110741127, 53.498465376322017 ], [ 10.000705741488572, 53.49846206676402 ] ], [ [ 10.000732820530507, 53.498444913625704 ], [ 10.000727173005286, 53.498438120223469 ], [ 10.000738416629677, 53.49843479901029 ], [ 10.000744064156253, 53.498441592412014 ], [ 10.000732820530507, 53.498444913625704 ] ], [ [ 10.001114615204067, 53.498559590222705 ], [ 10.00112054131559, 53.498566686901981 ], [ 10.001109043567135, 53.498570100170177 ], [ 10.001103132529835, 53.498563003364055 ], [ 10.001114615204067, 53.498559590222705 ] ], [ [ 10.000986528959578, 53.498418662543976 ], [ 10.000992431065868, 53.49842538188954 ], [ 10.000980428494113, 53.498429122979836 ], [ 10.000975842921578, 53.498423893783908 ], [ 10.000974526389186, 53.498422403633661 ], [ 10.000986528959578, 53.498418662543976 ] ], [ [ 10.000893213610297, 53.49838294833468 ], [ 10.000905391501917, 53.498379610293306 ], [ 10.00091100547187, 53.498386898367308 ], [ 10.000898827578618, 53.498390236409271 ], [ 10.000893213610297, 53.49838294833468 ] ], [ [ 10.000927022537697, 53.498413425835416 ], [ 10.000920123615311, 53.49840534849465 ], [ 10.000940840068976, 53.498399053455316 ], [ 10.00094773899426, 53.49840713079486 ], [ 10.000927022537697, 53.498413425835416 ] ], [ [ 10.000929698649387, 53.498329265691964 ], [ 10.000936226079487, 53.498336932645664 ], [ 10.000931914997283, 53.498338236206351 ], [ 10.000939419314976, 53.498347054569997 ], [ 10.000842690659672, 53.498376359910523 ], [ 10.000834810819685, 53.498376560726527 ], [ 10.000836405639001, 53.498378345187568 ], [ 10.000848438848472, 53.498391907822644 ], [ 10.000822991797083, 53.498399617784187 ], [ 10.000801603890816, 53.49837228131021 ], [ 10.000803774628025, 53.498368433789182 ], [ 10.000806470823598, 53.498367053863852 ], [ 10.000929698649387, 53.498329265691964 ] ] ] } },
{ "type": "Feature", "properties": { "gebaeude_id": "DEHHALKA4mZ000Lm", "dachneig": 0.0, "dachfl_2d": 29.418, "dachfl_3d": 29.418, "area_m2": 29.4, "expo_klasse": "sonnig", "schatten": 0.36, "solar_eignung": "Eignung 1 (geeignet, sehr hohe Einstrahlung)", "ertkwha_k": 60374.86, "pvarea_solar": 433.59, "schatten_klasse": "sonnig", "gruendach_eignung": "sehr gut geeignet" }, "geometry": { "type": "Polygon", "coordinates": [ [ [ 10.000823490305828, 53.498441268978809 ], [ 10.000843470046123, 53.498448499692316 ], [ 10.000846358882374, 53.498448897989746 ], [ 10.000851629886522, 53.498448665083302 ], [ 10.000887426584729, 53.498438081839019 ], [ 10.000889294542132, 53.498438021251992 ], [ 10.000892032650993, 53.498438420810437 ], [ 10.000893949592962, 53.498439159840729 ], [ 10.000895071703285, 53.498440076319142 ], [ 10.000984235362578, 53.49854657829642 ], [ 10.000986615543976, 53.498547142653486 ], [ 10.001011700617685, 53.498550303479334 ], [ 10.000901372352279, 53.49841763177578 ], [ 10.000823490305828, 53.498441268978809 ] ] ] } },
{ "type": "Feature", "properties": { "gebaeude_id": "DEHHALKAJ0000wi9", "dachneig": 2.936, "dachfl_2d": 68.375, "dachfl_3d": 68.417, "area_m2": 68.4, "expo_klasse": "sonnig", "schatten": 0.36, "solar_eignung": "Eignung 1 (geeignet, sehr hohe Einstrahlung)", "ertkwha_k": 29597.02, "pvarea_solar": 216.23, "schatten_klasse": "sonnig", "gruendach_eignung": "sehr gut geeignet" }, "geometry": { "type": "Polygon", "coordinates": [ [ [ 10.003046805381596, 53.499672625996389 ], [ 10.002972487109377, 53.499632681932809 ], [ 10.002974672576576, 53.49970611331694 ], [ 10.002976858052946, 53.499779544700147 ], [ 10.003050331713743, 53.499778586574223 ], [ 10.003046805381596, 53.499672625996389 ] ] ] } },
{ "type": "Feature", "properties": { "gebaeude_id": "DEHHALKAJ0000wi9", "dachneig": 0.0, "dachfl_2d": 23.509, "dachfl_3d": 23.509, "area_m2": 23.5, "expo_klasse": "sonnig", "schatten": 0.36, "solar_eignung": "Eignung 1 (geeignet, sehr hohe Einstrahlung)", "ertkwha_k": 29597.02, "pvarea_solar": 216.23, "schatten_klasse": "sonnig", "gruendach_eignung": "sehr gut geeignet" }, "geometry": { "type": "Polygon", "coordinates": [ [ [ 10.003117801397131, 53.499534146797458 ], [ 10.003002080182929, 53.499536816833867 ], [ 10.003003588903853, 53.499563690494291 ], [ 10.003118740151223, 53.499562418546482 ], [ 10.003117801397131, 53.499534146797458 ] ] ] } },
{ "type": "Feature", "properties": { "gebaeude_id": "DEHHALKAJ0000wi9", "dachneig": 8.758, "dachfl_2d": 96.426, "dachfl_3d": 97.49, "area_m2": 96.4, "expo_klasse": "sonnig", "schatten": 0.36, "solar_eignung": "Eignung 1 (geeignet, sehr hohe Einstrahlung)", "ertkwha_k": 13942.66, "pvarea_solar": 99.84, "schatten_klasse": "sonnig", "gruendach_eignung": "sehr gut geeignet" }, "geometry": { "type": "Polygon", "coordinates": [ [ [ 10.003041190313207, 53.49936065336378 ], [ 10.003076960938538, 53.499347678591086 ], [ 10.003074756299675, 53.499281744252954 ], [ 10.002959376958362, 53.499282901217221 ], [ 10.002963666823133, 53.499336907536346 ], [ 10.002964837955188, 53.499418464569345 ], [ 10.00304102924289, 53.499417061156734 ], [ 10.003041190313207, 53.49936065336378 ] ] ] } },
{ "type": "Feature", "properties": { "gebaeude_id": "DEHHALKAJ0000wi9", "dachneig": 0.0, "dachfl_2d": 1548.039, "dachfl_3d": 1548.039, "area_m2": 1548.0, "expo_klasse": "sonnig", "schatten": 0.36, "solar_eignung": "Eignung 1 (geeignet, sehr hohe Einstrahlung)", "ertkwha_k": 29597.02, "pvarea_solar": 216.23, "schatten_klasse": "sonnig", "gruendach_eignung": "sehr gut geeignet" }, "geometry": { "type": "Polygon", "coordinates": [ [ [ 10.002770742173377, 53.499594499071236 ], [ 10.002905258839156, 53.499593550275492 ], [ 10.002910910181017, 53.499594096137038 ], [ 10.002917601103972, 53.499596529970262 ], [ 10.002922373911588, 53.499599456318137 ], [ 10.002925557017397, 53.499603375813471 ], [ 10.002926607564023, 53.499608922246409 ], [ 10.002928190197848, 53.499684282351325 ], [ 10.002912154709533, 53.499684515777666 ], [ 10.002912090968106, 53.499666484230474 ], [ 10.002909817112053, 53.499663402078731 ], [ 10.002909381063356, 53.49962193015071 ], [ 10.002901878548425, 53.499618325557947 ], [ 10.002901318073935, 53.499608631049846 ], [ 10.002765558562855, 53.499609940841431 ], [ 10.002758675285758, 53.499608299651868 ], [ 10.002745662561459, 53.499597990481107 ], [ 10.002746300336764, 53.499587962313463 ], [ 10.002745991365435, 53.499582535504899 ], [ 10.00272620589201, 53.499582935201502 ], [ 10.002721035163505, 53.499490948440318 ], [ 10.00289384585602, 53.499487494060268 ], [ 10.002895718883053, 53.499520863765866 ], [ 10.002937098325553, 53.499520040149399 ], [ 10.002937222053426, 53.499522088620097 ], [ 10.002963080251453, 53.499521566020263 ], [ 10.002956173973267, 53.499340736830327 ], [ 10.002506827464003, 53.499345585087426 ], [ 10.002515986437659, 53.499646264698676 ], [ 10.002726298221006, 53.499643071330212 ], [ 10.002732582866575, 53.499642982652311 ], [ 10.002745166897892, 53.500019734998702 ], [ 10.003085482676983, 53.500015890788617 ], [ 10.00307963826655, 53.499825784972046 ], [ 10.003055734944944, 53.499826102421203 ], [ 10.002950158699221, 53.499827473745569 ], [ 10.002948417942967, 53.499779909185165 ], [ 10.002953587405393, 53.499779838841981 ], [ 10.002947813674778, 53.499569066539948 ], [ 10.00294781176571, 53.4995689856543 ], [ 10.00293985529032, 53.499569142305901 ], [ 10.002939875454203, 53.499569357874464 ], [ 10.002886471023499, 53.499570426210497 ], [ 10.002887007088232, 53.499579725404267 ], [ 10.002771442841373, 53.499582025347756 ], [ 10.002771751815905, 53.499587452156234 ], [ 10.002770742173377, 53.499594499071236 ] ], [ [ 10.003016192358388, 53.499831306320942 ], [ 10.003002218024188, 53.499831360659954 ], [ 10.003002192603725, 53.499828367511711 ], [ 10.003016166936915, 53.499828313172721 ], [ 10.003016192358388, 53.499831306320942 ] ], [ [ 10.002864744137977, 53.499754309214637 ], [ 10.002873093611189, 53.499754194216244 ], [ 10.002873310676554, 53.499759558872 ], [ 10.002864945917002, 53.499759665009577 ], [ 10.002864744137977, 53.499754309214637 ] ], [ [ 10.002886469113379, 53.499790092222014 ], [ 10.002886381115889, 53.499785086046337 ], [ 10.002895515885022, 53.499785027381094 ], [ 10.002895603883589, 53.499790033556714 ], [ 10.002886469113379, 53.499790092222014 ] ], [ [ 10.002803289628453, 53.499697276757651 ], [ 10.00279765502912, 53.499697440887331 ], [ 10.002796939574106, 53.499688844346181 ], [ 10.00280258924546, 53.499688680090038 ], [ 10.002803289628453, 53.499697276757651 ] ], [ [ 10.002998830997667, 53.49984371310115 ], [ 10.002999064201479, 53.499849760790823 ], [ 10.002980029296761, 53.499850028383761 ], [ 10.002979781022443, 53.499843980820501 ], [ 10.002998830997667, 53.49984371310115 ] ], [ [ 10.002652215282712, 53.499540884747894 ], [ 10.00264800194004, 53.499449851783623 ], [ 10.002708388233508, 53.499448859820468 ], [ 10.002708566467673, 53.499452579801911 ], [ 10.00271235642424, 53.499534609264259 ], [ 10.002712601705362, 53.499539892782046 ], [ 10.002691473261898, 53.499540240815399 ], [ 10.002690523869285, 53.499540257768608 ], [ 10.002652215282712, 53.499540884747894 ] ] ] } },
{ "type": "Feature", "properties": { "gebaeude_id": "20211007143813_40", "dachneig": 0.0, "dachfl_2d": 37.223, "dachfl_3d": 37.223, "area_m2": 37.2, "expo_klasse": "sonnig", "schatten": 0.38, "solar_eignung": "Eignung 1 (geeignet, sehr hohe Einstrahlung)", "ertkwha_k": 24082.48, "pvarea_solar": 162.71, "schatten_klasse": "sonnig", "gruendach_eignung": "sehr gut geeignet" }, "geometry": { "type": "Polygon", "coordinates": [ [ [ 10.001114534441008, 53.504394746618892 ], [ 10.001204713796767, 53.504388948465788 ], [ 10.001200062296828, 53.504359835886085 ], [ 10.001202294427197, 53.504359862135679 ], [ 10.001197654602166, 53.504334443963948 ], [ 10.001104345308393, 53.504340502040996 ], [ 10.001114534441008, 53.504394746618892 ] ] ] } },
{ "type": "Feature", "properties": { "gebaeude_id": "DEHHALKAJ0000wi9", "dachneig": 0.0, "dachfl_2d": 272.034, "dachfl_3d": 272.034, "area_m2": 272.0, "expo_klasse": "sonnig", "schatten": 0.38, "solar_eignung": "Eignung 1 (geeignet, sehr hohe Einstrahlung)", "ertkwha_k": 24082.48, "pvarea_solar": 162.71, "schatten_klasse": "sonnig", "gruendach_eignung": "sehr gut geeignet" }, "geometry": { "type": "Polygon", "coordinates": [ [ [ 10.002750239570103, 53.499179258991568 ], [ 10.002750134059365, 53.499179259876705 ], [ 10.002718015273198, 53.499179601235028 ], [ 10.00272314262879, 53.499339392951192 ], [ 10.002955933304774, 53.499336927482275 ], [ 10.002950819935197, 53.499177126666247 ], [ 10.002750239570103, 53.499179258991568 ] ], [ [ 10.002903187247957, 53.499279003996854 ], [ 10.00290499620632, 53.499279636032242 ], [ 10.002906047047286, 53.499280723882272 ], [ 10.002906106888323, 53.499281981850565 ], [ 10.002905122874592, 53.499283086773985 ], [ 10.002904961101656, 53.499283258923747 ], [ 10.002904677047848, 53.499283360186894 ], [ 10.002902852353234, 53.499283977764897 ], [ 10.002900741497093, 53.499283968508671 ], [ 10.002898888380136, 53.499283381789112 ], [ 10.002897777671553, 53.499282312419467 ], [ 10.002897607838561, 53.499282143052 ], [ 10.002897603384337, 53.499281954318832 ], [ 10.002897618908483, 53.499280695718184 ], [ 10.002898678923684, 53.499279617124394 ], [ 10.002900472411657, 53.499278954862916 ], [ 10.00290256692192, 53.499278910321813 ], [ 10.002902898527848, 53.499278907539505 ], [ 10.002903187247957, 53.499279003996854 ] ], [ [ 10.002904243359112, 53.499180663650371 ], [ 10.002906321293429, 53.499181194549067 ], [ 10.002907688664115, 53.499182279743238 ], [ 10.002908052085433, 53.499183625055132 ], [ 10.002907237694499, 53.499184890358727 ], [ 10.002907106492069, 53.499185080230127 ], [ 10.002905003051202, 53.499186023753644 ], [ 10.002902745500299, 53.499186186520753 ], [ 10.002900623407438, 53.499185700937844 ], [ 10.002899181308265, 53.499184643337834 ], [ 10.0028989664689, 53.499184483337039 ], [ 10.002898916159474, 53.499184268021409 ], [ 10.002898658249222, 53.4991829218242 ], [ 10.002899023195393, 53.499182415373994 ], [ 10.002899548429369, 53.499181673862935 ], [ 10.002901322386039, 53.499180822994745 ], [ 10.002903909632883, 53.499180576559738 ], [ 10.002904243359112, 53.499180663650371 ] ], [ [ 10.002915629172307, 53.49918081082258 ], [ 10.002918001791688, 53.499180413373857 ], [ 10.002918377343082, 53.499180356288306 ], [ 10.002918740578938, 53.499180416164108 ], [ 10.002921117427332, 53.499180836685575 ], [ 10.002922816191486, 53.499181910109904 ], [ 10.002923482981497, 53.499183333778021 ], [ 10.002922868357544, 53.499184759208852 ], [ 10.002922783222523, 53.499184984650029 ], [ 10.002920700157718, 53.499186152729749 ], [ 10.00291829611947, 53.49918649650774 ], [ 10.002915890397503, 53.499186130162876 ], [ 10.002913842197767, 53.499184942812441 ], [ 10.002913777875854, 53.499184772559701 ], [ 10.002913184966213, 53.499183285348188 ], [ 10.002913674539242, 53.499182310420345 ], [ 10.002913890240354, 53.499181868145833 ], [ 10.002915629172307, 53.49918081082258 ] ], [ [ 10.002890681100499, 53.499180283044105 ], [ 10.002892398118407, 53.499181491151823 ], [ 10.002892962366095, 53.499183041527473 ], [ 10.002892153701527, 53.499184549487907 ], [ 10.002892023559566, 53.499184784295814 ], [ 10.002889684465661, 53.499185963512183 ], [ 10.002887067708794, 53.499186237161744 ], [ 10.002884538646084, 53.499185754993206 ], [ 10.002882747323934, 53.499184592454128 ], [ 10.002882471556449, 53.49918440599734 ], [ 10.002882390464867, 53.4991841639727 ], [ 10.002881931516189, 53.499182603724421 ], [ 10.002882032996997, 53.499182432080545 ], [ 10.002882831043047, 53.499181112979883 ], [ 10.002884795858083, 53.499180044772793 ], [ 10.002887396056888, 53.499179708338708 ], [ 10.002887786893369, 53.499179660114081 ], [ 10.002888180699298, 53.499179737711593 ], [ 10.002890681100499, 53.499180283044105 ] ], [ [ 10.002875038123275, 53.49918053115104 ], [ 10.002877464630465, 53.499181778251618 ], [ 10.002878375979982, 53.499183343693218 ], [ 10.002877962393494, 53.499184983174843 ], [ 10.002875962539987, 53.499186483151369 ], [ 10.002872932011908, 53.499187110846123 ], [ 10.002870211030652, 53.499186801079915 ], [ 10.002868030781148, 53.499185767650872 ], [ 10.002866857889115, 53.499183979676708 ], [ 10.002867461910014, 53.499182104881392 ], [ 10.002869286614722, 53.499180849079536 ], [ 10.002871865377745, 53.499180243153418 ], [ 10.002875038123275, 53.49918053115104 ] ], [ [ 10.002887534717088, 53.499277571228539 ], [ 10.002887705939351, 53.499282271077831 ], [ 10.002887719301892, 53.49928283727742 ], [ 10.002865368590452, 53.499283132673682 ], [ 10.002865168935445, 53.499277866751235 ], [ 10.002887534717088, 53.499277571228539 ] ] ] } },
{ "type": "Feature", "properties": { "gebaeude_id": "DEHHALKAJ0000wi9", "dachneig": 0.0, "dachfl_2d": 15.78, "dachfl_3d": 15.78, "area_m2": 15.8, "expo_klasse": "sonnig", "schatten": 0.44, "solar_eignung": "Eignung 1 (geeignet, sehr hohe Einstrahlung)", "ertkwha_k": 5043.56, "pvarea_solar": 33.98, "schatten_klasse": "sonnig", "gruendach_eignung": "sehr gut geeignet" }, "geometry": { "type": "Polygon", "coordinates": [ [ [ 10.003198079112769, 53.499781184976015 ], [ 10.003120256517917, 53.499782485318498 ], [ 10.003120196225224, 53.49978248582449 ], [ 10.003121184259127, 53.499809651502773 ], [ 10.003198945541218, 53.49980894495328 ], [ 10.003198079112769, 53.499781184976015 ] ] ] } },
{ "type": "Feature", "properties": { "gebaeude_id": "DEHHALKAJ0000wH1", "dachneig": 0.003, "dachfl_2d": 1220.688, "dachfl_3d": 1220.69, "area_m2": 1220.7, "expo_klasse": "sonnig", "schatten": 0.49, "solar_eignung": "Eignung 1 (geeignet, sehr hohe Einstrahlung)", "ertkwha_k": 12396.75, "pvarea_solar": 92.17, "schatten_klasse": "sonnig", "gruendach_eignung": "sehr gut geeignet" }, "geometry": { "type": "Polygon", "coordinates": [ [ [ 10.001621240553611, 53.499339516730998 ], [ 10.001628386861812, 53.499339528759364 ], [ 10.001628434671339, 53.499334521444936 ], [ 10.00093503144973, 53.49933269827072 ], [ 10.000934990332613, 53.499337993178848 ], [ 10.000941865749766, 53.499338025494858 ], [ 10.000941020468238, 53.499453829806782 ], [ 10.000941005309526, 53.499455106382001 ], [ 10.000940178233147, 53.499571683599456 ], [ 10.000933303201586, 53.499571669258131 ], [ 10.000933268521031, 53.49957595733607 ], [ 10.000937595774115, 53.499575975034269 ], [ 10.001626343256508, 53.499577747331784 ], [ 10.001626383195592, 53.499573045711983 ], [ 10.001626353049387, 53.499573045964596 ], [ 10.001619553595226, 53.499573040018475 ], [ 10.001620425852142, 53.499453981426555 ], [ 10.001621240553611, 53.499339516730998 ] ] ] } },
{ "type": "Feature", "properties": { "gebaeude_id": "DEHHALKAJ0000wH1", "dachneig": 2.76, "dachfl_2d": 179.086, "dachfl_3d": 179.294, "area_m2": 179.1, "expo_klasse": "sonnig", "schatten": 0.5, "solar_eignung": "Eignung 1 (geeignet, sehr hohe Einstrahlung)", "ertkwha_k": 15862.02, "pvarea_solar": 110.56, "schatten_klasse": "sonnig", "gruendach_eignung": "sehr gut geeignet" }, "geometry": { "type": "Polygon", "coordinates": [ [ [ 10.001712028975783, 53.499616473329802 ], [ 10.001714313728828, 53.49933414335203 ], [ 10.001628434915681, 53.499333892207773 ], [ 10.001628434671339, 53.499334521444936 ], [ 10.001626308857704, 53.499582044396895 ], [ 10.00162602900707, 53.499616223196995 ], [ 10.001712028975783, 53.499616473329802 ] ] ] } },
{ "type": "Feature", "properties": { "gebaeude_id": "DEHHALKAJ0000wH1", "dachneig": 0.211, "dachfl_2d": 216.882, "dachfl_3d": 216.918, "area_m2": 216.9, "expo_klasse": "sonnig", "schatten": 0.52, "solar_eignung": "Eignung 1 (geeignet, sehr hohe Einstrahlung)", "ertkwha_k": 24083.7, "pvarea_solar": 163.04, "schatten_klasse": "sonnig", "gruendach_eignung": "sehr gut geeignet" }, "geometry": { "type": "Polygon", "coordinates": [ [ [ 10.001224054608164, 53.499617487513071 ], [ 10.001224084754403, 53.499617487260558 ], [ 10.001243052039106, 53.499617553109012 ], [ 10.001243033886588, 53.499619342086511 ], [ 10.001243002451945, 53.499623126749377 ], [ 10.001242462478229, 53.499681470352897 ], [ 10.001314892936051, 53.499681672633024 ], [ 10.001315459579482, 53.49961934664622 ], [ 10.001315464275686, 53.499618906142317 ], [ 10.001315478613238, 53.499616955393449 ], [ 10.001540338482643, 53.499617588442561 ], [ 10.001540375551404, 53.499619161219726 ], [ 10.001620510386608, 53.499619388649677 ], [ 10.001620775755244, 53.499582036828215 ], [ 10.000937561305703, 53.499580272099486 ], [ 10.00093722492552, 53.499616554812235 ], [ 10.001224054608164, 53.499617487513071 ] ], [ [ 10.001584514908243, 53.499595347865593 ], [ 10.001593164122497, 53.499595158532273 ], [ 10.001593459389452, 53.499600010157444 ], [ 10.00158480996237, 53.499600190503514 ], [ 10.001584514908243, 53.499595347865593 ] ] ] } },
{ "type": "Feature", "properties": { "gebaeude_id": "DEHHALKAJ0000wDi", "dachneig": 0.194, "dachfl_2d": 1275.9, "dachfl_3d": 1275.907, "area_m2": 1275.9, "expo_klasse": "sonnig", "schatten": 0.52, "solar_eignung": "Eignung 1 (geeignet, sehr hohe Einstrahlung)", "ertkwha_k": 24083.7, "pvarea_solar": 163.04, "schatten_klasse": "sonnig", "gruendach_eignung": "sehr gut geeignet" }, "geometry": { "type": "Polygon", "coordinates": [ [ [ 10.001916277997205, 53.499731484570326 ], [ 10.001925897217314, 53.499731511809109 ], [ 10.001925941801096, 53.499731484468192 ], [ 10.001748916803933, 53.499725048827244 ], [ 10.001748675633355, 53.49972505084844 ], [ 10.001235957279443, 53.499723386953782 ], [ 10.001234087572051, 53.499723375648074 ], [ 10.001231237897395, 53.499723363561863 ], [ 10.001231177894198, 53.499729135048959 ], [ 10.001241023423292, 53.499729169436264 ], [ 10.001239905568641, 53.499851286357838 ], [ 10.001238768288841, 53.499975138330541 ], [ 10.001228922914539, 53.499975112930571 ], [ 10.001228762133854, 53.49997980657291 ], [ 10.0012288827199, 53.49997980556283 ], [ 10.001913983897909, 53.499982029256543 ], [ 10.001925955449495, 53.499982072734326 ], [ 10.001926015742495, 53.499982072228939 ], [ 10.001926013874867, 53.499976238336515 ], [ 10.001925953581877, 53.499976238841889 ], [ 10.001914044443943, 53.499976284731673 ], [ 10.00191517185884, 53.49985337668047 ], [ 10.001916277997205, 53.499731484570326 ] ] ] } },
{ "type": "Feature", "properties": { "gebaeude_id": "DEHHALKAJ0000wDi", "dachneig": 0.0, "dachfl_2d": 401.207, "dachfl_3d": 401.207, "area_m2": 401.2, "expo_klasse": "sonnig", "schatten": 0.54, "solar_eignung": "Eignung 1 (geeignet, sehr hohe Einstrahlung)", "ertkwha_k": 33874.26, "pvarea_solar": 245.41, "schatten_klasse": "sonnig", "gruendach_eignung": "sehr gut geeignet" }, "geometry": { "type": "Polygon", "coordinates": [ [ [ 10.002009839856433, 53.499685422323914 ], [ 10.001620028535079, 53.49968465335585 ], [ 10.00161518878396, 53.499684639976856 ], [ 10.001615716285977, 53.499619392866293 ], [ 10.001620510386608, 53.499619388649677 ], [ 10.001544386061425, 53.499619172560941 ], [ 10.001543862686333, 53.499684599417613 ], [ 10.001314795571718, 53.499683938694922 ], [ 10.001314892936051, 53.499681672633024 ], [ 10.001242462478229, 53.499681470352897 ], [ 10.001242436875838, 53.499683582999403 ], [ 10.001236315483681, 53.499683562362556 ], [ 10.001235989349906, 53.499719629252887 ], [ 10.001925941373262, 53.499721875152808 ], [ 10.001925941801096, 53.499731484468192 ], [ 10.001925942436808, 53.49973151143007 ], [ 10.001926015742495, 53.499982072228939 ], [ 10.001926022099671, 53.499982341847819 ], [ 10.002007961110502, 53.499982329170827 ], [ 10.002009839856433, 53.499685422323914 ] ], [ [ 10.001635733574638, 53.499711974379927 ], [ 10.001642579541517, 53.499712033869898 ], [ 10.00164247786099, 53.499716034859304 ], [ 10.001635631681584, 53.49971596638207 ], [ 10.001635733574638, 53.499711974379927 ] ], [ [ 10.001515668959604, 53.499711407349146 ], [ 10.001523087494453, 53.499711453059405 ], [ 10.00152301933808, 53.49971559759296 ], [ 10.001515600802506, 53.49971555188268 ], [ 10.001515668959604, 53.499711407349146 ] ] ] } },
{ "type": "Feature", "properties": { "gebaeude_id": "DEHHALKAJ0000wC9", "dachneig": 3.652, "dachfl_2d": 365.224, "dachfl_3d": 365.979, "area_m2": 365.2, "expo_klasse": "sonnig", "schatten": 0.54, "solar_eignung": "Eignung 1 (geeignet, sehr hohe Einstrahlung)", "ertkwha_k": 47805.74, "pvarea_solar": 347.77, "schatten_klasse": "sonnig", "gruendach_eignung": "sehr gut geeignet" }, "geometry": { "type": "Polygon", "coordinates": [ [ [ 9.999360509248058, 53.500078877694548 ], [ 9.999249760709686, 53.500015477794271 ], [ 9.998872897800885, 53.500250123217349 ], [ 9.998982292895386, 53.500312384175146 ], [ 9.999360509248058, 53.500078877694548 ] ] ] } },
{ "type": "Feature", "properties": { "gebaeude_id": "DEHHALKAJ0000wC9", "dachneig": 3.652, "dachfl_2d": 366.244, "dachfl_3d": 366.997, "area_m2": 366.2, "expo_klasse": "sonnig", "schatten": 0.55, "solar_eignung": "Eignung 2 (geeignet, hohe Einstrahlung)", "ertkwha_k": 10699.65, "pvarea_solar": 78.0, "schatten_klasse": "sonnig", "gruendach_eignung": "sehr gut geeignet" }, "geometry": { "type": "Polygon", "coordinates": [ [ [ 9.999249760709686, 53.500015477794271 ], [ 9.999139027786203, 53.499952086650573 ], [ 9.99876305956286, 53.500187596190699 ], [ 9.998870819514835, 53.500248936049452 ], [ 9.998872897800885, 53.500250123217349 ], [ 9.999249760709686, 53.500015477794271 ] ] ] } },
{ "type": "Feature", "properties": { "gebaeude_id": "DEHHALKAJ0000wC9", "dachneig": 6.04, "dachfl_2d": 60.756, "dachfl_3d": 61.043, "area_m2": 60.8, "expo_klasse": "sonnig", "schatten": 0.55, "solar_eignung": "Eignung 1 (geeignet, sehr hohe Einstrahlung)", "ertkwha_k": 76701.91, "pvarea_solar": 564.88, "schatten_klasse": "sonnig", "gruendach_eignung": "sehr gut geeignet" }, "geometry": { "type": "Polygon", "coordinates": [ [ [ 9.99876305956286, 53.500187596190699 ], [ 9.998698723720947, 53.500227784531688 ], [ 9.998805322263442, 53.500288459972651 ], [ 9.998870819514835, 53.500248936049452 ], [ 9.99876305956286, 53.500187596190699 ] ] ] } },
{ "type": "Feature", "properties": { "gebaeude_id": "DEHHALKAJ0000wC9", "dachneig": 6.965, "dachfl_2d": 63.511, "dachfl_3d": 63.791, "area_m2": 63.5, "expo_klasse": "sonnig", "schatten": 0.55, "solar_eignung": "Eignung 1 (geeignet, sehr hohe Einstrahlung)", "ertkwha_k": 4017.75, "pvarea_solar": 31.2, "schatten_klasse": "sonnig", "gruendach_eignung": "sehr gut geeignet" }, "geometry": { "type": "Polygon", "coordinates": [ [ [ 9.998872897800885, 53.500250123217349 ], [ 9.998870819514835, 53.500248936049452 ], [ 9.998805322263442, 53.500288459972651 ], [ 9.998917956863655, 53.50035256364589 ], [ 9.998982292895386, 53.500312384175146 ], [ 9.998872897800885, 53.500250123217349 ] ] ] } },
{ "type": "Feature", "properties": { "gebaeude_id": "DEHHALKAJ0000w52", "dachneig": 2.414, "dachfl_2d": 1065.472, "dachfl_3d": 1065.709, "area_m2": 1065.5, "expo_klasse": "sonnig", "schatten": 0.56, "solar_eignung": "Eignung 1 (geeignet, sehr hohe Einstrahlung)", "ertkwha_k": 53528.83, "pvarea_solar": 387.72, "schatten_klasse": "sonnig", "gruendach_eignung": "sehr gut geeignet" }, "geometry": { "type": "Polygon", "coordinates": [ [ [ 10.004689767612257, 53.500783900157849 ], [ 10.004650446906068, 53.500761533241224 ], [ 10.004650401048039, 53.500761506659458 ], [ 10.004340817746943, 53.500585360558269 ], [ 10.004314223710889, 53.500601980078017 ], [ 10.004222332882856, 53.50065940126224 ], [ 10.004132193445313, 53.500606565666402 ], [ 10.004102774218874, 53.500624853872395 ], [ 10.004060859531883, 53.500650923702153 ], [ 10.004056892463241, 53.500653393064361 ], [ 10.00394998727386, 53.500592221466562 ], [ 10.003848801588129, 53.500655077917358 ], [ 10.003848434728967, 53.50065486526055 ], [ 10.003818244263057, 53.500673060993023 ], [ 10.003818199679522, 53.500673088334644 ], [ 10.003775656140974, 53.500698713890792 ], [ 10.00429724864118, 53.500998154303687 ], [ 10.004337819644107, 53.500972635027658 ], [ 10.004337864227589, 53.500972607685846 ], [ 10.004372493058025, 53.500950832834505 ], [ 10.004267014624173, 53.50089011696204 ], [ 10.003872401369099, 53.500662951906236 ], [ 10.003900575357754, 53.500645555145091 ], [ 10.004284596273763, 53.500866615632859 ], [ 10.0044004071675, 53.500933285325694 ], [ 10.004417803397617, 53.500922352259217 ], [ 10.004167699399314, 53.500778219372776 ], [ 10.003918560315299, 53.500634653162557 ], [ 10.003948369202739, 53.500616262849682 ], [ 10.004103064629598, 53.500705411507674 ], [ 10.004447306759777, 53.500903793597651 ], [ 10.004472071314749, 53.500888223166989 ], [ 10.004464508138929, 53.500883980957227 ], [ 10.004458977366065, 53.500880890247615 ], [ 10.00446374544493, 53.500877865807531 ], [ 10.004463790028231, 53.500877838465662 ], [ 10.004502899755561, 53.500853014581445 ], [ 10.004503419681246, 53.500852686605505 ], [ 10.004503464264538, 53.500852659263636 ], [ 10.004522135301293, 53.500840807572111 ], [ 10.004605084444416, 53.500887276119379 ], [ 10.004665895266337, 53.500848678312835 ], [ 10.004631166055944, 53.500829212225121 ], [ 10.004626383868317, 53.500826537717977 ], [ 10.004623175291371, 53.500824739903223 ], [ 10.004627277154626, 53.500822233433027 ], [ 10.004663790316823, 53.500799822412375 ], [ 10.004663834899898, 53.500799795070414 ], [ 10.004689767612257, 53.500783900157849 ] ], [ [ 10.004390395427897, 53.500822264507264 ], [ 10.004398267278896, 53.500826809756425 ], [ 10.004390272216611, 53.500831722047671 ], [ 10.004382415439069, 53.500827176671329 ], [ 10.004390395427897, 53.500822264507264 ] ], [ [ 10.004439747282767, 53.500864628805751 ], [ 10.004439271939731, 53.500864929439516 ], [ 10.004424904168086, 53.50085664538976 ], [ 10.004425082501374, 53.500856536022297 ], [ 10.004425513473512, 53.500856271717723 ], [ 10.004438664277027, 53.500848151945966 ], [ 10.004453047122007, 53.500856435867455 ], [ 10.004440044717375, 53.500864455513955 ], [ 10.004439747282767, 53.500864628805751 ] ], [ [ 10.004415989259741, 53.500851983060073 ], [ 10.00440805009756, 53.500847141738241 ], [ 10.004401671169379, 53.500843249136395 ], [ 10.004402013187287, 53.500843048502858 ], [ 10.004415724898891, 53.500835058856495 ], [ 10.004430042989378, 53.500843792778504 ], [ 10.004416926146906, 53.500851435843018 ], [ 10.00441639072212, 53.500851745970678 ], [ 10.004415989259741, 53.500851983060073 ] ], [ [ 10.004369136834695, 53.500805651547083 ], [ 10.004386009352455, 53.500815298874159 ], [ 10.004370898582016, 53.500824693579219 ], [ 10.004354025851475, 53.500815037262733 ], [ 10.004369136834695, 53.500805651547083 ] ], [ [ 10.004330677109849, 53.500616224350971 ], [ 10.004464101884441, 53.500693317135251 ], [ 10.004434693354565, 53.500711416562531 ], [ 10.00430126836323, 53.5006343147584 ], [ 10.004330677109849, 53.500616224350971 ] ], [ [ 10.004607613577129, 53.500863523709405 ], [ 10.004255698177172, 53.500662635671567 ], [ 10.004283556526564, 53.500645286416734 ], [ 10.004635471912414, 53.500846174373223 ], [ 10.004607613577129, 53.500863523709405 ] ] ] } },
{ "type": "Feature", "properties": { "gebaeude_id": "DEHHALKAJ0000xL6", "dachneig": 2.779, "dachfl_2d": 110.101, "dachfl_3d": 110.231, "area_m2": 110.1, "expo_klasse": "sonnig", "schatten": 0.56, "solar_eignung": "Eignung 1 (geeignet, sehr hohe Einstrahlung)", "ertkwha_k": 53528.83, "pvarea_solar": 387.72, "schatten_klasse": "sonnig", "gruendach_eignung": "sehr gut geeignet" }, "geometry": { "type": "Polygon", "coordinates": [ [ [ 10.000720118418371, 53.505249502384281 ], [ 10.000704141417049, 53.505128760194168 ], [ 10.00070180414426, 53.505128752793468 ], [ 10.000580020265268, 53.505134581393655 ], [ 10.00059611624752, 53.50525526866857 ], [ 10.000720118418371, 53.505249502384281 ] ], [ [ 10.000662142180756, 53.505177122374548 ], [ 10.000660567908385, 53.505166618348213 ], [ 10.000675340912824, 53.505165829489592 ], [ 10.00067690011371, 53.505176333641913 ], [ 10.000662142180756, 53.505177122374548 ] ] ] } },
{ "type": "Feature", "properties": { "gebaeude_id": "DEHHALKAJ0000wuq", "dachneig": 0.0, "dachfl_2d": 11.275, "dachfl_3d": 11.275, "area_m2": 11.3, "expo_klasse": "sonnig", "schatten": 0.56, "solar_eignung": "Eignung 1 (geeignet, sehr hohe Einstrahlung)", "ertkwha_k": 53528.83, "pvarea_solar": 387.72, "schatten_klasse": "sonnig", "gruendach_eignung": "sehr gut geeignet" }, "geometry": { "type": "Polygon", "coordinates": [ [ [ 10.002763592099527, 53.500865047645391 ], [ 10.002731311907468, 53.500833047675584 ], [ 10.002696211242114, 53.500845720077209 ], [ 10.002725167677253, 53.500874233211633 ], [ 10.002724181093246, 53.500874592061685 ], [ 10.002727182774617, 53.500877847892419 ], [ 10.002763592099527, 53.500865047645391 ] ] ] } },
{ "type": "Feature", "properties": { "gebaeude_id": "DEHHALKAJ0000xL6", "dachneig": 2.42, "dachfl_2d": 152.329, "dachfl_3d": 152.45, "area_m2": 152.3, "expo_klasse": "sonnig", "schatten": 0.56, "solar_eignung": "Eignung 1 (geeignet, sehr hohe Einstrahlung)", "ertkwha_k": 53528.83, "pvarea_solar": 387.72, "schatten_klasse": "sonnig", "gruendach_eignung": "sehr gut geeignet" }, "geometry": { "type": "Polygon", "coordinates": [ [ [ 10.000459471027005, 53.505140336612868 ], [ 10.00045487756968, 53.505140563827858 ], [ 10.00045455531229, 53.505137123713581 ], [ 10.00040911758304, 53.505139364728777 ], [ 10.00042450125005, 53.505256075831099 ], [ 10.000453447499456, 53.505254638026265 ], [ 10.000454567387322, 53.505261855860624 ], [ 10.00059611624752, 53.50525526866857 ], [ 10.000580020265268, 53.505134581393655 ], [ 10.000459471027005, 53.505140336612868 ] ] ] } },
{ "type": "Feature", "properties": { "gebaeude_id": "DEHHALKAJ0000whx", "dachneig": 3.573, "dachfl_2d": 450.709, "dachfl_3d": 451.589, "area_m2": 450.7, "expo_klasse": "sonnig", "schatten": 0.56, "solar_eignung": "Eignung 1 (geeignet, sehr hohe Einstrahlung)", "ertkwha_k": 53528.83, "pvarea_solar": 387.72, "schatten_klasse": "sonnig", "gruendach_eignung": "sehr gut geeignet" }, "geometry": { "type": "Polygon", "coordinates": [ [ [ 10.000673831707848, 53.50444109880042 ], [ 10.000661278840152, 53.504349848015643 ], [ 9.999995264366712, 53.504380644832089 ], [ 10.000008202684143, 53.50447167671885 ], [ 10.000673831707848, 53.50444109880042 ] ] ] } },
{ "type": "Feature", "properties": { "gebaeude_id": "DEHHALKAJ0000whx", "dachneig": 3.533, "dachfl_2d": 451.275, "dachfl_3d": 452.153, "area_m2": 451.3, "expo_klasse": "sonnig", "schatten": 0.59, "solar_eignung": "Eignung 1 (geeignet, sehr hohe Einstrahlung)", "ertkwha_k": 17505.39, "pvarea_solar": 126.92, "schatten_klasse": "sonnig", "gruendach_eignung": "sehr gut geeignet" }, "geometry": { "type": "Polygon", "coordinates": [ [ [ 10.000673817268034, 53.504441125888491 ], [ 10.000673831707848, 53.50444109880042 ], [ 10.000008202684143, 53.50447167671885 ], [ 10.000021305714187, 53.504563938726953 ], [ 10.000686228213631, 53.504531469963332 ], [ 10.000673817268034, 53.504441125888491 ] ] ] } },
{ "type": "Feature", "properties": { "gebaeude_id": "DEHHALKAJ0000wbZ", "dachneig": 2.039, "dachfl_2d": 70.011, "dachfl_3d": 70.056, "area_m2": 70.0, "expo_klasse": "sonnig", "schatten": 0.59, "solar_eignung": "Eignung 2 (geeignet, hohe Einstrahlung)", "ertkwha_k": 8094.47, "pvarea_solar": 60.81, "schatten_klasse": "sonnig", "gruendach_eignung": "sehr gut geeignet" }, "geometry": { "type": "Polygon", "coordinates": [ [ [ 9.999851256997186, 53.504418470908924 ], [ 9.999837190294544, 53.504307025289329 ], [ 9.999750778945218, 53.504310840269603 ], [ 9.999760631807852, 53.504373294784834 ], [ 9.999768107898793, 53.504420604626034 ], [ 9.999768339400914, 53.504422112852616 ], [ 9.999851256997186, 53.504418470908924 ] ] ] } },
{ "type": "Feature", "properties": { "gebaeude_id": "DEHHALKAJ0000wbZ", "dachneig": 2.176, "dachfl_2d": 59.819, "dachfl_3d": 59.862, "area_m2": 59.8, "expo_klasse": "sonnig", "schatten": 0.59, "solar_eignung": "Eignung 1 (geeignet, sehr hohe Einstrahlung)", "ertkwha_k": 17505.39, "pvarea_solar": 126.92, "schatten_klasse": "sonnig", "gruendach_eignung": "sehr gut geeignet" }, "geometry": { "type": "Polygon", "coordinates": [ [ [ 9.999750778945218, 53.504310840269603 ], [ 9.999676454184193, 53.504314410282902 ], [ 9.999676489831833, 53.504314643700496 ], [ 9.999676637074614, 53.504315775091207 ], [ 9.999691146331276, 53.504424259624734 ], [ 9.999691854214177, 53.504424226737449 ], [ 9.999768107898793, 53.504420604626034 ], [ 9.999760631807852, 53.504373294784834 ], [ 9.999750778945218, 53.504310840269603 ] ], [ [ 9.999688616131248, 53.504316726630407 ], [ 9.999689094867232, 53.504321693579357 ], [ 9.999680974413446, 53.50432196823963 ], [ 9.999680495678437, 53.504317001290723 ], [ 9.999688616131248, 53.504316726630407 ] ], [ [ 9.999732614993688, 53.504361663540479 ], [ 9.999751370448765, 53.504360967334783 ], [ 9.999752576627534, 53.504372499205417 ], [ 9.999733821167435, 53.504373195411361 ], [ 9.999732614993688, 53.504361663540479 ] ] ] } },
{ "type": "Feature", "properties": { "gebaeude_id": "DEHHALKAJ0000xOw", "dachneig": 11.002, "dachfl_2d": 35.285, "dachfl_3d": 35.945, "area_m2": 35.3, "expo_klasse": "sonnig", "schatten": 0.6, "solar_eignung": "Eignung 1 (geeignet, sehr hohe Einstrahlung)", "ertkwha_k": 92720.72, "pvarea_solar": 670.08, "schatten_klasse": "sonnig", "gruendach_eignung": "sehr gut geeignet" }, "geometry": { "type": "Polygon", "coordinates": [ [ [ 10.003744440616629, 53.505356176993764 ], [ 10.003563010759082, 53.505360235226853 ], [ 10.003565091673797, 53.505386411894904 ], [ 10.003720545659142, 53.505383147074518 ], [ 10.003746647977094, 53.505382595302116 ], [ 10.003744440616629, 53.505356176993764 ] ] ] } },
{ "type": "Feature", "properties": { "gebaeude_id": "DEHHALKAJ0000xOw", "dachneig": 16.149, "dachfl_2d": 23.929, "dachfl_3d": 24.907, "area_m2": 23.9, "expo_klasse": "sonnig", "schatten": 0.61, "solar_eignung": "Eignung 1 (geeignet, sehr hohe Einstrahlung)", "ertkwha_k": 28286.21, "pvarea_solar": 205.84, "schatten_klasse": "sonnig", "gruendach_eignung": "sehr gut geeignet" }, "geometry": { "type": "Polygon", "coordinates": [ [ [ 10.003746647977094, 53.505382595302116 ], [ 10.003868464163288, 53.505380035225485 ], [ 10.003866915998891, 53.505353440590937 ], [ 10.003744440616629, 53.505356176993764 ], [ 10.003746647977094, 53.505382595302116 ] ] ] } },
{ "type": "Feature", "properties": { "gebaeude_id": "DEHHALKAJ0000wuq", "dachneig": 0.0, "dachfl_2d": 1933.686, "dachfl_3d": 1933.686, "area_m2": 1933.7, "expo_klasse": "sonnig", "schatten": 0.63, "solar_eignung": "Eignung 1 (geeignet, sehr hohe Einstrahlung)", "ertkwha_k": 80795.58, "pvarea_solar": 582.83, "schatten_klasse": "sonnig", "gruendach_eignung": "sehr gut geeignet" }, "geometry": { "type": "Polygon", "coordinates": [ [ [ 10.002991725148453, 53.500424745516057 ], [ 10.002992859684218, 53.500424906788467 ], [ 10.002995182897481, 53.500424968195794 ], [ 10.002996341428144, 53.500424868583742 ], [ 10.002997467902807, 53.50042468833896 ], [ 10.00299902662694, 53.50042429771846 ], [ 10.003000376444835, 53.500423998741603 ], [ 10.003001453244332, 53.500423630143089 ], [ 10.003003469909872, 53.500422840160631 ], [ 10.003004540557328, 53.50042221093063 ], [ 10.003005414826308, 53.500421565370303 ], [ 10.003042489629692, 53.500398655733576 ], [ 10.003109833943345, 53.500397937780058 ], [ 10.003103132600131, 53.500175370634977 ], [ 10.002657592111861, 53.500180241419024 ], [ 10.00266226104827, 53.500332108594648 ], [ 10.002317970037817, 53.500455153054723 ], [ 10.002312797245876, 53.50045700323426 ], [ 10.002306714969906, 53.500452254071895 ], [ 10.002306151317812, 53.500452007104258 ], [ 10.002297163221643, 53.500448702581039 ], [ 10.002290865803587, 53.500446337325982 ], [ 10.002280706602262, 53.50044451682934 ], [ 10.002270689187316, 53.500443594050189 ], [ 10.002261797993523, 53.50044375849361 ], [ 10.00225545227574, 53.500444458915304 ], [ 10.002245108665425, 53.500446325481462 ], [ 10.00223921383129, 53.5004482446355 ], [ 10.00223104119182, 53.500450749199565 ], [ 10.00222541807848, 53.500453322276869 ], [ 10.002220390435335, 53.500456852191846 ], [ 10.002215319690798, 53.500460472358697 ], [ 10.002211262679994, 53.500464245828958 ], [ 10.002208026416284, 53.500468300067773 ], [ 10.002205669497769, 53.500472562671412 ], [ 10.002204220375759, 53.500476961488708 ], [ 10.002203722999013, 53.500481442216859 ], [ 10.002204160386739, 53.50048592409653 ], [ 10.0022055459168, 53.500490335102981 ], [ 10.002207832673523, 53.500494603717016 ], [ 10.002210631315037, 53.500498202847766 ], [ 10.002212159195865, 53.500499700201281 ], [ 10.002210253701914, 53.500502008391322 ], [ 10.002207300910209, 53.500504657958139 ], [ 10.002204884944076, 53.500509613215314 ], [ 10.002204147522869, 53.500512226229091 ], [ 10.002203938779086, 53.500513603307311 ], [ 10.002204603304923, 53.500518766452004 ], [ 10.002205269173716, 53.500522068847538 ], [ 10.002206562827913, 53.500525141252567 ], [ 10.002208487023283, 53.500528100501967 ], [ 10.00221090143561, 53.500530750012629 ], [ 10.002214075691125, 53.500533015611268 ], [ 10.002218145215501, 53.500535525397389 ], [ 10.002222252329656, 53.500537711261586 ], [ 10.00222632953264, 53.500539268141416 ], [ 10.002231077833908, 53.500540513765714 ], [ 10.002236515698515, 53.500541591804712 ], [ 10.002241830008112, 53.500542545032388 ], [ 10.002248218583338, 53.500543021820569 ], [ 10.002253668153378, 53.500543317711355 ], [ 10.00225922283647, 53.500542956518274 ], [ 10.002262875509253, 53.500542494415342 ], [ 10.002272155498847, 53.500540915427521 ], [ 10.002274212929718, 53.50054057456925 ], [ 10.002281688177558, 53.500537905057691 ], [ 10.00231421724855, 53.500570253635196 ], [ 10.002288399070094, 53.500579531112628 ], [ 10.002610890560501, 53.500897367845994 ], [ 10.002608737778907, 53.500898140985214 ], [ 10.002618477379025, 53.500907731531839 ], [ 10.00271618578981, 53.500872474787968 ], [ 10.002688479585839, 53.500845191655742 ], [ 10.002811376943741, 53.5008008333403 ], [ 10.002783933126921, 53.500773808711564 ], [ 10.002789389788354, 53.5007718482615 ], [ 10.002809601002252, 53.500764550366533 ], [ 10.002799645484901, 53.50075475489794 ], [ 10.002642694628426, 53.500598663883608 ], [ 10.002661164295832, 53.500590400812783 ], [ 10.00258120357077, 53.500509450744595 ], [ 10.002578512193463, 53.500510399193331 ], [ 10.002562804222336, 53.5004944944397 ], [ 10.002785118273838, 53.500416438198265 ], [ 10.00280082629855, 53.500432342922608 ], [ 10.00279918137368, 53.500432914045163 ], [ 10.002823840072685, 53.500456923730788 ], [ 10.002827023036879, 53.500460196016355 ], [ 10.002828995490573, 53.500462004249783 ], [ 10.002837138854355, 53.500466565301338 ], [ 10.002840818861273, 53.500467900765877 ], [ 10.002846531871073, 53.500469138272045 ], [ 10.002851737489401, 53.500469957548475 ], [ 10.002856703007607, 53.500470185560317 ], [ 10.002862258948303, 53.500469878263054 ], [ 10.002867361003196, 53.500468864636879 ], [ 10.00287249746045, 53.50046739227917 ], [ 10.002877293393528, 53.500465545237212 ], [ 10.002881658998142, 53.500463351231765 ], [ 10.002885519967773, 53.500460855831683 ], [ 10.00288871346438, 53.50045818625027 ], [ 10.002891053092153, 53.500455110335587 ], [ 10.002892220188464, 53.500451540870586 ], [ 10.002892288847875, 53.500447423299256 ], [ 10.002891858758719, 53.500445808874716 ], [ 10.002890968844557, 53.500443236477466 ], [ 10.002888473950685, 53.500439733693717 ], [ 10.00287164345913, 53.500423541758956 ], [ 10.002868294474741, 53.500420261878425 ], [ 10.002873796095145, 53.500418292057894 ], [ 10.00288604066939, 53.500413928503711 ], [ 10.002859494038088, 53.50038658174627 ], [ 10.002896203536144, 53.500373104757216 ], [ 10.002923520410405, 53.500400507967349 ], [ 10.002938834868253, 53.500395264687839 ], [ 10.002984237969645, 53.500421797001977 ], [ 10.002984986112324, 53.500422195232566 ], [ 10.002986829085989, 53.500422988784692 ], [ 10.002988382907327, 53.500423667905075 ], [ 10.002989601083311, 53.500424179049567 ], [ 10.002991725148453, 53.500424745516057 ] ], [ [ 10.002811228912257, 53.500206827682867 ], [ 10.002816608393026, 53.500206710638544 ], [ 10.002817074629119, 53.500214967685011 ], [ 10.002811694935254, 53.500215075742069 ], [ 10.002811228912257, 53.500206827682867 ] ], [ [ 10.002521058811233, 53.500605095541871 ], [ 10.002510953959884, 53.500608775920931 ], [ 10.002505429377443, 53.50060338386708 ], [ 10.002515534015922, 53.500599694501183 ], [ 10.002521058811233, 53.500605095541871 ] ], [ [ 10.002507675860587, 53.500592524204862 ], [ 10.00251362354018, 53.500598595879552 ], [ 10.002503888741431, 53.500601985504076 ], [ 10.002497941062741, 53.500595913828839 ], [ 10.002507675860587, 53.500592524204862 ] ], [ [ 10.002954936918378, 53.500381232473742 ], [ 10.002964806168919, 53.500380987859344 ], [ 10.002966583980088, 53.500380936985685 ], [ 10.002967083600863, 53.500388052139066 ], [ 10.002955436325079, 53.500388338639894 ], [ 10.002954936918378, 53.500381232473742 ] ], [ [ 10.002960799582549, 53.500229124124047 ], [ 10.002960323323661, 53.50022172112412 ], [ 10.002972362672473, 53.500221440321823 ], [ 10.002972838933468, 53.50022884332175 ], [ 10.002960799582549, 53.500229124124047 ] ], [ [ 10.002731474661639, 53.500336498944989 ], [ 10.002732544918391, 53.500334575294254 ], [ 10.002734984291139, 53.500333170513329 ], [ 10.002738800414756, 53.500332608144745 ], [ 10.002742526490993, 53.50033334095788 ], [ 10.00274479361596, 53.500334859070392 ], [ 10.002745609015955, 53.500336829825955 ], [ 10.002744516247985, 53.500339077272301 ], [ 10.002741582847161, 53.50034063002299 ], [ 10.002738245465459, 53.500341035561291 ], [ 10.002734975831419, 53.500340478700345 ], [ 10.002732267337082, 53.500338784508827 ], [ 10.002731474661639, 53.500336498944989 ] ], [ [ 10.002951825773405, 53.500374615653811 ], [ 10.002951686855919, 53.500367452528451 ], [ 10.002964228334564, 53.500367365273483 ], [ 10.002964352392892, 53.500374537512648 ], [ 10.002951825773405, 53.500374615653811 ] ], [ [ 10.00252383084524, 53.500605009368968 ], [ 10.002531143585388, 53.500612705604901 ], [ 10.002518714006834, 53.500616899881528 ], [ 10.002511401268196, 53.500609203644778 ], [ 10.00252383084524, 53.500605009368968 ] ], [ [ 10.002658863062438, 53.50081170410359 ], [ 10.002649355390275, 53.50081513677987 ], [ 10.00263922984748, 53.500805162942854 ], [ 10.002648737518236, 53.500801730267384 ], [ 10.002658863062438, 53.50081170410359 ] ], [ [ 10.002773722459573, 53.50079856038532 ], [ 10.002770595056639, 53.500797004545049 ], [ 10.002769480917761, 53.500795791377996 ], [ 10.00276896526641, 53.500794384419592 ], [ 10.002769142361451, 53.500792944682388 ], [ 10.002769940864798, 53.500791643557214 ], [ 10.002772657327458, 53.500789840932001 ], [ 10.002776467128736, 53.500789008943244 ], [ 10.002778789725408, 53.500789043392842 ], [ 10.002781091719148, 53.500789482523487 ], [ 10.002783100726027, 53.500790283674888 ], [ 10.002784588309998, 53.500791349883727 ], [ 10.002785848700864, 53.500793649501432 ], [ 10.002785151228966, 53.500796037456844 ], [ 10.002783942771259, 53.500797216174348 ], [ 10.002782156640906, 53.500798192989407 ], [ 10.00277998540046, 53.500798822461476 ], [ 10.0027776993131, 53.500799057377776 ], [ 10.002773722459573, 53.50079856038532 ] ], [ [ 10.002570836928316, 53.500716735808588 ], [ 10.00257012532893, 53.500715330492845 ], [ 10.002570092249485, 53.500713928475093 ], [ 10.002571575887035, 53.500711632806727 ], [ 10.002574673643787, 53.500710015758379 ], [ 10.00257689392021, 53.50070954768205 ], [ 10.002579349417298, 53.500709464162838 ], [ 10.002581739301167, 53.500709794691211 ], [ 10.002583790976461, 53.500710487619202 ], [ 10.002586383989962, 53.500712398520378 ], [ 10.002587179633592, 53.500714809907201 ], [ 10.002586744798705, 53.50071618888245 ], [ 10.002585644820945, 53.500717492535038 ], [ 10.002583966324408, 53.500718558335123 ], [ 10.002581947940653, 53.500719276412177 ], [ 10.002577871289558, 53.500719661179374 ], [ 10.002573962815681, 53.50071886696734 ], [ 10.002572177374145, 53.500717956068414 ], [ 10.002570836928316, 53.500716735808588 ] ], [ [ 10.002668782644376, 53.500416173630235 ], [ 10.002672838042161, 53.500415528355006 ], [ 10.002676936930323, 53.500416087250557 ], [ 10.002678901121424, 53.500416906757771 ], [ 10.002680481250735, 53.500418062082339 ], [ 10.002681448248204, 53.50041942929878 ], [ 10.002681723141604, 53.50042085625536 ], [ 10.002680634185372, 53.500423265472435 ], [ 10.00267776785623, 53.500425105309176 ], [ 10.002675596209071, 53.500425716804706 ], [ 10.002673129260311, 53.500425953236274 ], [ 10.002670652344399, 53.500425767264964 ], [ 10.00266845270435, 53.500425192437604 ], [ 10.002665486050759, 53.500423419508465 ], [ 10.00266425370379, 53.500421029763459 ], [ 10.002664461159835, 53.500419598760715 ], [ 10.002665347979287, 53.500418207004614 ], [ 10.002666857897724, 53.500417025759454 ], [ 10.002668782644376, 53.500416173630235 ] ], [ [ 10.002411069676405, 53.50054474846872 ], [ 10.002413588638317, 53.500544799256723 ], [ 10.002415981691886, 53.500545264597889 ], [ 10.002417976030902, 53.500546083856555 ], [ 10.002420332092003, 53.500548176529925 ], [ 10.002420783365825, 53.500550689685589 ], [ 10.002420122637401, 53.50055207954378 ], [ 10.002418795920887, 53.500553358129167 ], [ 10.002416904702125, 53.500554353798265 ], [ 10.002414733256582, 53.500554974276398 ], [ 10.002410500796838, 53.500555144606842 ], [ 10.00240663204924, 53.500554116340346 ], [ 10.002404949376226, 53.500553087719162 ], [ 10.002403757130816, 53.500551758345786 ], [ 10.002403255084007, 53.500550288348194 ], [ 10.002403432190524, 53.500548848611459 ], [ 10.002405308589179, 53.500546585607616 ], [ 10.002408726062939, 53.500545100718419 ], [ 10.002411069676405, 53.50054474846872 ] ], [ [ 10.002705496440511, 53.500412458796838 ], [ 10.00270342800775, 53.50041169409895 ], [ 10.002701728351241, 53.500410584722722 ], [ 10.0027006108314, 53.500409227758205 ], [ 10.00270020027687, 53.500407801939659 ], [ 10.002701076507424, 53.500405322594311 ], [ 10.002703789343332, 53.500403367186621 ], [ 10.00270592893348, 53.500402675057892 ], [ 10.002708393972027, 53.500402357740001 ], [ 10.002710929271649, 53.500402462319101 ], [ 10.002713202581456, 53.500402964615105 ], [ 10.002716363281063, 53.500404655013611 ], [ 10.002717836592755, 53.500407033747571 ], [ 10.002717780296683, 53.500408481460539 ], [ 10.002717015126759, 53.500409917141916 ], [ 10.002715597346951, 53.500411169527361 ], [ 10.002713734591675, 53.50041209304991 ], [ 10.002709682588081, 53.500412882123207 ], [ 10.002705496440511, 53.500412458796838 ] ], [ [ 10.002635375338706, 53.50043925913554 ], [ 10.002633015404454, 53.500438919367966 ], [ 10.002629528604055, 53.500437465418514 ], [ 10.002627590777333, 53.500435207437732 ], [ 10.002627360681753, 53.500433762127159 ], [ 10.002627823326733, 53.500432284038581 ], [ 10.002628982741301, 53.500430943930617 ], [ 10.002630646364082, 53.500429887243641 ], [ 10.00263451070407, 53.500428812096892 ], [ 10.002638765221615, 53.500428938212863 ], [ 10.00264096570969, 53.500429548989935 ], [ 10.002642888497629, 53.50043053064833 ], [ 10.002644260143509, 53.500431795590991 ], [ 10.002644956242923, 53.50043318305827 ], [ 10.002644578703331, 53.500435712154498 ], [ 10.002642277085949, 53.500437843892861 ], [ 10.00264029183209, 53.500438687540125 ], [ 10.002637906399169, 53.500439183970279 ], [ 10.002635375338706, 53.50043925913554 ] ], [ [ 10.002597885577089, 53.500442036603253 ], [ 10.002602166849838, 53.500442018670924 ], [ 10.00260444079667, 53.500442547930902 ], [ 10.002606452752541, 53.50044347490752 ], [ 10.00260795921022, 53.500444702763524 ], [ 10.002608790545265, 53.50044607111851 ], [ 10.002608654602142, 53.500448616166224 ], [ 10.00260653598373, 53.500450836259667 ], [ 10.002604627580007, 53.500451742185241 ], [ 10.002602274201223, 53.500452319247472 ], [ 10.002599745260436, 53.500452484284885 ], [ 10.002597342013937, 53.500452225781551 ], [ 10.002593707024122, 53.500450880942928 ], [ 10.002591544581835, 53.500448687769108 ], [ 10.002591178826675, 53.500447243596312 ], [ 10.00259152024959, 53.50044573955747 ], [ 10.002592542944761, 53.500444355651268 ], [ 10.002594114644126, 53.500443236812373 ], [ 10.002597885577089, 53.500442036603253 ] ], [ [ 10.002562196269515, 53.500454668959392 ], [ 10.002566468619468, 53.500454911786292 ], [ 10.002568640233337, 53.500455576741331 ], [ 10.002570504211464, 53.500456621817655 ], [ 10.002571786475755, 53.500457932456229 ], [ 10.002572392768899, 53.500459347644345 ], [ 10.002571819270335, 53.500461878383902 ], [ 10.002569335706616, 53.500463966701581 ], [ 10.00256727381073, 53.500464757056037 ], [ 10.002564841670901, 53.500465190952994 ], [ 10.002562278977601, 53.500465203458482 ], [ 10.00255993263157, 53.500464800651983 ], [ 10.002556533939567, 53.500463247081598 ], [ 10.002554745153335, 53.500460915937033 ], [ 10.002554620361959, 53.500459460754008 ], [ 10.002555218670498, 53.500457981527873 ], [ 10.002556468952641, 53.500456658636644 ], [ 10.002558239152393, 53.500455646002166 ], [ 10.002562196269515, 53.500454668959392 ] ], [ [ 10.00233388645125, 53.500550204872134 ], [ 10.002330118132157, 53.500548960023323 ], [ 10.002328568578323, 53.500547822415918 ], [ 10.002327570382315, 53.500546410512939 ], [ 10.002327278306486, 53.500544893808964 ], [ 10.002327681517286, 53.500543452176309 ], [ 10.002329921378472, 53.500541258038467 ], [ 10.002333613992446, 53.500539932647506 ], [ 10.002336051014865, 53.500539705463027 ], [ 10.002338588229833, 53.50053989093562 ], [ 10.002340939453926, 53.500540500454214 ], [ 10.00234284589464, 53.500541428320055 ], [ 10.002344904298768, 53.50054368529424 ], [ 10.002344980003889, 53.500546255534005 ], [ 10.002344092535273, 53.500547620325904 ], [ 10.002342553516314, 53.500548846756274 ], [ 10.002340494368035, 53.500549753941669 ], [ 10.002338199790016, 53.500550267582085 ], [ 10.00233388645125, 53.500550204872134 ] ], [ [ 10.00275249359964, 53.500808096101018 ], [ 10.002750032582993, 53.500807945954186 ], [ 10.002746205207282, 53.500806755548282 ], [ 10.002743742752642, 53.500804627817551 ], [ 10.002743196318708, 53.50080319415008 ], [ 10.002743341146724, 53.500801664792874 ], [ 10.002744196551804, 53.500800219365367 ], [ 10.002745645975219, 53.500799029637768 ], [ 10.002749291893165, 53.500797641702277 ], [ 10.002753598894884, 53.500797434778306 ], [ 10.002755961182967, 53.500797873403599 ], [ 10.00275810669995, 53.500798709366514 ], [ 10.002759777711132, 53.500799881905756 ], [ 10.002760789304318, 53.500801221780172 ], [ 10.002760970762113, 53.500803800121609 ], [ 10.002759126002992, 53.500806125788955 ], [ 10.002757310360886, 53.500807129818455 ], [ 10.002755019803843, 53.50080781422546 ], [ 10.00275249359964, 53.500808096101018 ] ], [ [ 10.002520415953988, 53.500476242583524 ], [ 10.002518611671666, 53.500473893590225 ], [ 10.002518486457413, 53.500472420432565 ], [ 10.002519084343307, 53.500470923232037 ], [ 10.002520349488357, 53.500469591227457 ], [ 10.002522134338848, 53.500468560492521 ], [ 10.002526136466246, 53.500467574084368 ], [ 10.002530453825525, 53.500467807545974 ], [ 10.002532655798399, 53.500468481236112 ], [ 10.002534535061653, 53.500469535173877 ], [ 10.002535832822749, 53.500470863660993 ], [ 10.002536439538963, 53.500472296823887 ], [ 10.002535866674222, 53.500474854525166 ], [ 10.002533368458597, 53.500476960943118 ], [ 10.002531291912057, 53.500477769397953 ], [ 10.002528814762893, 53.500478212660745 ], [ 10.002526236783311, 53.500478216304586 ], [ 10.002523860290042, 53.50047781375023 ], [ 10.002520415953988, 53.500476242583524 ] ], [ [ 10.002514650686708, 53.500661942244747 ], [ 10.002513952043271, 53.500660446929295 ], [ 10.00251399221283, 53.500658954406404 ], [ 10.002515669474484, 53.500656558235015 ], [ 10.00251902241847, 53.500654894102446 ], [ 10.002521408925073, 53.500654442611108 ], [ 10.002524000928636, 53.500654393904412 ], [ 10.00252651288114, 53.500654786333605 ], [ 10.00252865647804, 53.500655541415057 ], [ 10.002531298522879, 53.500657613709485 ], [ 10.002532037473054, 53.500660178386369 ], [ 10.002531513892245, 53.500661630018335 ], [ 10.002530279737091, 53.500662997719338 ], [ 10.002528451142483, 53.500664091744753 ], [ 10.002526282237465, 53.500664820072416 ], [ 10.002521948281553, 53.500665162050375 ], [ 10.002517856175356, 53.500664252518774 ], [ 10.002516008323022, 53.500663252251748 ], [ 10.002514650686708, 53.500661942244747 ] ], [ [ 10.002459149893516, 53.500607439545334 ], [ 10.002458197760237, 53.500606063213368 ], [ 10.002458151134972, 53.500603447784442 ], [ 10.002460146848655, 53.500601129844767 ], [ 10.002462038280498, 53.500600143162217 ], [ 10.002464405046631, 53.500599494077967 ], [ 10.002466977732954, 53.500599265753046 ], [ 10.002469454870193, 53.500599460715797 ], [ 10.002473284339752, 53.500600741003687 ], [ 10.002475658024421, 53.500602941396991 ], [ 10.002476129715408, 53.500604402659825 ], [ 10.0024758948616, 53.500605950749879 ], [ 10.002474949010358, 53.500607396934001 ], [ 10.002473424006398, 53.500608578303179 ], [ 10.002469640950048, 53.50060990445693 ], [ 10.002465271975776, 53.500610039977921 ], [ 10.002462908428898, 53.500609547423061 ], [ 10.002460776728597, 53.500608657404563 ], [ 10.002459149893516, 53.500607439545334 ] ], [ [ 10.002790276904644, 53.500265135794052 ], [ 10.002788753830474, 53.500266398052823 ], [ 10.002786770708424, 53.500267331575436 ], [ 10.002782551640596, 53.500268068118395 ], [ 10.002778227513547, 53.50026754707239 ], [ 10.002776127455238, 53.500266719717558 ], [ 10.00277442610602, 53.500265538444005 ], [ 10.002773352111092, 53.500264109202384 ], [ 10.002773000576404, 53.500262628954474 ], [ 10.002774040909978, 53.500260076319222 ], [ 10.002776949474704, 53.500258110278722 ], [ 10.00277919499395, 53.500257435238069 ], [ 10.002781766173173, 53.500257143995434 ], [ 10.002784378103541, 53.50025730186448 ], [ 10.002786713184417, 53.500257866564382 ], [ 10.002789891706596, 53.500259673669326 ], [ 10.002791292195624, 53.500262160882286 ], [ 10.002791146734648, 53.500263663277778 ], [ 10.002790276904644, 53.500265135794052 ] ], [ [ 10.002732104426171, 53.500816159550119 ], [ 10.002729797098011, 53.50081677218477 ], [ 10.002727194040848, 53.500816991780987 ], [ 10.002724610526712, 53.500816761759594 ], [ 10.00272230407835, 53.50081613389473 ], [ 10.00271925905818, 53.500814235777376 ], [ 10.002718053450371, 53.500811701983537 ], [ 10.002718319715957, 53.500810207563944 ], [ 10.002719295710401, 53.500808761125072 ], [ 10.002720940242492, 53.500807533804711 ], [ 10.002722985169781, 53.500806662688397 ], [ 10.002727267343239, 53.500806042476384 ], [ 10.002731549061048, 53.500806680738087 ], [ 10.002733590123663, 53.500807562523036 ], [ 10.002735202324924, 53.50080879847949 ], [ 10.002736171454039, 53.500810255568275 ], [ 10.002736402828026, 53.500811754802314 ], [ 10.002735165674752, 53.500814273131745 ], [ 10.002732104426171, 53.500816159550119 ] ], [ [ 10.002848191709539, 53.500446840435274 ], [ 10.002851130430297, 53.500444874140065 ], [ 10.002853406317108, 53.500444207832317 ], [ 10.002855992792618, 53.500443925448856 ], [ 10.002858604946839, 53.500444092303539 ], [ 10.002860940251084, 53.5004446659892 ], [ 10.002864119426794, 53.500446500053947 ], [ 10.002865505277242, 53.500449005366953 ], [ 10.002865344744936, 53.500450507888978 ], [ 10.002864460052489, 53.500451989519419 ], [ 10.002862906827053, 53.500453252032109 ], [ 10.002860908412483, 53.500454176695143 ], [ 10.002856658968525, 53.500454904506412 ], [ 10.002852319111813, 53.500454356627792 ], [ 10.002850219042799, 53.500453529274317 ], [ 10.002848517259794, 53.500452330027301 ], [ 10.002847458118861, 53.500450891672671 ], [ 10.002847106367904, 53.500449402437752 ], [ 10.002848191709539, 53.500446840435274 ] ], [ [ 10.002911878112256, 53.500261113219523 ], [ 10.002912797214313, 53.500258534632991 ], [ 10.002914199909899, 53.500257282371699 ], [ 10.002916226339609, 53.500256267581932 ], [ 10.002918623862675, 53.500255645197676 ], [ 10.002921136868611, 53.500255444330875 ], [ 10.002925418745773, 53.500256091573242 ], [ 10.002928717011933, 53.500257861713564 ], [ 10.002929819461626, 53.500259218802441 ], [ 10.002930277999972, 53.500260761075573 ], [ 10.002929998156565, 53.500262318533252 ], [ 10.002929020908903, 53.500263711050145 ], [ 10.00292594484714, 53.500265606587199 ], [ 10.002921727478908, 53.500266415033416 ], [ 10.002919207260311, 53.500266310332258 ], [ 10.002916737365556, 53.500265782722408 ], [ 10.002914619685944, 53.500264847648978 ], [ 10.002913068854305, 53.500263656125384 ], [ 10.002911878112256, 53.500261113219523 ] ], [ [ 10.002819532655536, 53.500420697949707 ], [ 10.002820598653964, 53.500419232776594 ], [ 10.002822259302135, 53.500418050264877 ], [ 10.002826239344985, 53.500416767392466 ], [ 10.002830746291837, 53.500416729580465 ], [ 10.002833156537019, 53.50041728465979 ], [ 10.002835305217697, 53.500418255430851 ], [ 10.002836888532826, 53.500419545562771 ], [ 10.002837782077243, 53.500420994295879 ], [ 10.002837664827011, 53.50042369200132 ], [ 10.002835443677464, 53.500426038806111 ], [ 10.002833431038503, 53.500426999544295 ], [ 10.00283095813754, 53.500427622559187 ], [ 10.002828293750625, 53.500427797726907 ], [ 10.002825739770163, 53.500427540492758 ], [ 10.002821892050877, 53.500426125533203 ], [ 10.002819590968143, 53.500423807679596 ], [ 10.002819193361887, 53.500422291862108 ], [ 10.002819532655536, 53.500420697949707 ] ], [ [ 10.002802240329002, 53.500271219909479 ], [ 10.002825842648644, 53.500270914026387 ], [ 10.002827008518112, 53.500303067147676 ], [ 10.002803421253988, 53.500303372904582 ], [ 10.002802240329002, 53.500271219909479 ] ] ] } },
{ "type": "Feature", "properties": { "gebaeude_id": "DEHHALKAJ0000wuq", "dachneig": 0.0, "dachfl_2d": 205.931, "dachfl_3d": 205.931, "area_m2": 205.9, "expo_klasse": "sonnig", "schatten": 0.63, "solar_eignung": "Eignung 1 (geeignet, sehr hohe Einstrahlung)", "ertkwha_k": 80795.58, "pvarea_solar": 582.83, "schatten_klasse": "sonnig", "gruendach_eignung": "sehr gut geeignet" }, "geometry": { "type": "Polygon", "coordinates": [ [ [ 10.003046307991752, 53.500170813614623 ], [ 10.003040810565858, 53.500020310747253 ], [ 10.002818054309286, 53.5000226652149 ], [ 10.002823017215523, 53.500173550114965 ], [ 10.003046307991752, 53.500170813614623 ] ], [ [ 10.003014037309146, 53.500088744501099 ], [ 10.003014852447601, 53.500129026687262 ], [ 10.002967656678724, 53.500129368777387 ], [ 10.00296684158498, 53.500089086590684 ], [ 10.003014037309146, 53.500088744501099 ] ], [ [ 10.002937583615324, 53.500093772690079 ], [ 10.002938268074551, 53.500136186383266 ], [ 10.002848274952463, 53.500136707735088 ], [ 10.002847575509735, 53.500094294167447 ], [ 10.002937583615324, 53.500093772690079 ] ] ] } },
{ "type": "Feature", "properties": { "gebaeude_id": "20211007143813_10", "dachneig": 5.876, "dachfl_2d": 14.86, "dachfl_3d": 14.938, "area_m2": 14.9, "expo_klasse": "sonnig", "schatten": 0.63, "solar_eignung": "Eignung 1 (geeignet, sehr hohe Einstrahlung)", "ertkwha_k": 80795.58, "pvarea_solar": 582.83, "schatten_klasse": "sonnig", "gruendach_eignung": "sehr gut geeignet" }, "geometry": { "type": "Polygon", "coordinates": [ [ [ 9.999468343867827, 53.500410014345178 ], [ 9.999521639744613, 53.50037672263268 ], [ 9.999489992965865, 53.500358712480981 ], [ 9.999436697086553, 53.500392004179474 ], [ 9.999468343867827, 53.500410014345178 ] ] ] } },
{ "type": "Feature", "properties": { "gebaeude_id": "DEHHALKAJ0000wbP", "dachneig": 0.729, "dachfl_2d": 940.189, "dachfl_3d": 940.49, "area_m2": 940.2, "expo_klasse": "sonnig", "schatten": 0.63, "solar_eignung": "Eignung 1 (geeignet, sehr hohe Einstrahlung)", "ertkwha_k": 80795.58, "pvarea_solar": 582.83, "schatten_klasse": "sonnig", "gruendach_eignung": "sehr gut geeignet" }, "geometry": { "type": "Polygon", "coordinates": [ [ [ 10.004519522721662, 53.503285722159795 ], [ 10.004504944740878, 53.503347024275072 ], [ 10.004626523036579, 53.503357607421798 ], [ 10.004807130486428, 53.503373330407122 ], [ 10.004812025657305, 53.503373756689825 ], [ 10.004824128251723, 53.503312996710299 ], [ 10.004824306152884, 53.503312231143873 ], [ 10.004824484266569, 53.503311474564747 ], [ 10.004821855366542, 53.503311244969701 ], [ 10.004824724935958, 53.503299337297122 ], [ 10.004765032667546, 53.503294202918021 ], [ 10.00480965807982, 53.50310979457079 ], [ 10.004869365168291, 53.503114928802248 ], [ 10.004869983361569, 53.503112379698472 ], [ 10.004885998091847, 53.503113764221609 ], [ 10.00491044717838, 53.503012135001697 ], [ 10.004715017007955, 53.502995637860074 ], [ 10.004511096529672, 53.502978420710342 ], [ 10.00446828486251, 53.50315286280405 ], [ 10.004437382981065, 53.503278789670425 ], [ 10.004519522721662, 53.503285722159795 ] ] ] } },
{ "type": "Feature", "properties": { "gebaeude_id": "DEHHALKAJ0000xRC", "dachneig": 16.138, "dachfl_2d": 156.732, "dachfl_3d": 162.93, "area_m2": 156.7, "expo_klasse": "sonnig", "schatten": 0.63, "solar_eignung": "Eignung 1 (geeignet, sehr hohe Einstrahlung)", "ertkwha_k": 51330.56, "pvarea_solar": 371.92, "schatten_klasse": "sonnig", "gruendach_eignung": "sehr gut geeignet" }, "geometry": { "type": "Polygon", "coordinates": [ [ [ 10.004975926021395, 53.503160578352144 ], [ 10.004970584795656, 53.503182089157953 ], [ 10.004966386112967, 53.503198996942736 ], [ 10.005497674386406, 53.503245155479966 ], [ 10.00550708068006, 53.503206207614269 ], [ 10.00540976179515, 53.503196886537367 ], [ 10.005407541183335, 53.503196707455487 ], [ 10.004975926021395, 53.503160578352144 ] ] ] } },
{ "type": "Feature", "properties": { "gebaeude_id": "DEHHALKAJ0000xRC", "dachneig": 4.765, "dachfl_2d": 170.346, "dachfl_3d": 170.941, "area_m2": 170.3, "expo_klasse": "sonnig", "schatten": 0.63, "solar_eignung": "Eignung 3 (geeignet, mittlere Einstrahlung)", "ertkwha_k": 49335.79, "pvarea_solar": 417.72, "schatten_klasse": "sonnig", "gruendach_eignung": "sehr gut geeignet" }, "geometry": { "type": "Polygon", "coordinates": [ [ [ 10.004955785580922, 53.50324165830127 ], [ 10.005487445069853, 53.503287553081691 ], [ 10.005497674386406, 53.503245155479966 ], [ 10.004966386112967, 53.503198996942736 ], [ 10.004955785580922, 53.50324165830127 ] ] ] } },
{ "type": "Feature", "properties": { "gebaeude_id": "DEHHALKAJ0000xRC", "dachneig": 16.148, "dachfl_2d": 185.039, "dachfl_3d": 192.801, "area_m2": 185.0, "expo_klasse": "sonnig", "schatten": 0.63, "solar_eignung": "Eignung 1 (geeignet, sehr hohe Einstrahlung)", "ertkwha_k": 80795.58, "pvarea_solar": 582.83, "schatten_klasse": "sonnig", "gruendach_eignung": "sehr gut geeignet" }, "geometry": { "type": "Polygon", "coordinates": [ [ [ 10.004824484266569, 53.503311474564747 ], [ 10.00546805754397, 53.503367916649076 ], [ 10.00547732590729, 53.50332950929112 ], [ 10.004830947677332, 53.503273657148988 ], [ 10.004821855366542, 53.503311244969701 ], [ 10.004824484266569, 53.503311474564747 ] ] ] } },
{ "type": "Feature", "properties": { "gebaeude_id": "DEHHALKAJ0000xRC", "dachneig": 4.848, "dachfl_2d": 185.976, "dachfl_3d": 186.646, "area_m2": 186.0, "expo_klasse": "sonnig", "schatten": 0.64, "solar_eignung": "Eignung 1 (geeignet, sehr hohe Einstrahlung)", "ertkwha_k": 36382.26, "pvarea_solar": 264.23, "schatten_klasse": "sonnig", "gruendach_eignung": "sehr gut geeignet" }, "geometry": { "type": "Polygon", "coordinates": [ [ [ 10.005487445069853, 53.503287553081691 ], [ 10.004955785580922, 53.50324165830127 ], [ 10.004950526704025, 53.503262826828809 ], [ 10.004843993522625, 53.503253420954216 ], [ 10.004836016386717, 53.503252732930477 ], [ 10.004830947677332, 53.503273657148988 ], [ 10.00547732590729, 53.50332950929112 ], [ 10.005487445069853, 53.503287553081691 ] ] ] } },
{ "type": "Feature", "properties": { "gebaeude_id": "DEHHALKAJ0000xRC", "dachneig": 0.0, "dachfl_2d": 60.465, "dachfl_3d": 60.465, "area_m2": 60.5, "expo_klasse": "sonnig", "schatten": 0.65, "solar_eignung": "Eignung 1 (geeignet, sehr hohe Einstrahlung)", "ertkwha_k": 43016.49, "pvarea_solar": 293.46, "schatten_klasse": "sonnig", "gruendach_eignung": "sehr gut geeignet" }, "geometry": { "type": "Polygon", "coordinates": [ [ [ 10.004881041531041, 53.503119028539643 ], [ 10.004876584820371, 53.503118652508292 ], [ 10.004845311010202, 53.50324792654628 ], [ 10.004943091868395, 53.503256381248043 ], [ 10.004973564107644, 53.503127015042907 ], [ 10.004973563469921, 53.503126988081057 ], [ 10.004881041531041, 53.503119028539643 ] ], [ [ 10.004924650547006, 53.50324802363621 ], [ 10.004925194429639, 53.50324552010224 ], [ 10.004938320649432, 53.50324653338312 ], [ 10.004937791841973, 53.503249036790358 ], [ 10.004924650547006, 53.50324802363621 ] ], [ [ 10.004914144960921, 53.503201629474226 ], [ 10.004927359700094, 53.503202561110484 ], [ 10.004926793321708, 53.503205388440051 ], [ 10.004913578581654, 53.5032044568038 ], [ 10.004914144960921, 53.503201629474226 ] ], [ [ 10.004904713041137, 53.503200630078773 ], [ 10.004908323894989, 53.503200941307512 ], [ 10.00490759701117, 53.503203994713132 ], [ 10.004894982058762, 53.503202923196412 ], [ 10.00489570894347, 53.503199869790862 ], [ 10.004904713041137, 53.503200630078773 ] ], [ [ 10.004898426057467, 53.50321976672825 ], [ 10.004911633804975, 53.503221040009727 ], [ 10.004909637181612, 53.503228418843555 ], [ 10.004896429431867, 53.503227145561922 ], [ 10.004898426057467, 53.50321976672825 ] ], [ [ 10.004938171623094, 53.503194335105263 ], [ 10.004941885191339, 53.503177952766002 ], [ 10.004954483575061, 53.503178961493568 ], [ 10.004950785298561, 53.503195352693758 ], [ 10.004938171623094, 53.503194335105263 ] ], [ [ 10.00489668136653, 53.503239710164017 ], [ 10.004898901505708, 53.503230306910602 ], [ 10.004941473814092, 53.503233868241381 ], [ 10.004939253896715, 53.503243280482877 ], [ 10.004939148163389, 53.503243272382718 ], [ 10.00489668136653, 53.503239710164017 ] ], [ [ 10.004947460210905, 53.503209673270156 ], [ 10.004944867086211, 53.503220517911537 ], [ 10.004900858048089, 53.503216770900785 ], [ 10.004903451183827, 53.503205926260286 ], [ 10.004907062038107, 53.503206237489053 ], [ 10.004947460210905, 53.503209673270156 ] ], [ [ 10.004854564858896, 53.503218445506569 ], [ 10.004858666927488, 53.503199363183086 ], [ 10.004893362281013, 53.503202010939276 ], [ 10.004889260440351, 53.503221102251111 ], [ 10.004854564858896, 53.503218445506569 ] ], [ [ 10.004964813964623, 53.503141453143172 ], [ 10.00487740560304, 53.503133594432178 ], [ 10.004879832105967, 53.503123991684568 ], [ 10.004967240235668, 53.503131841406535 ], [ 10.004964813964623, 53.503141453143172 ] ], [ [ 10.004872007076612, 53.503157784458139 ], [ 10.004874394931207, 53.503147822472755 ], [ 10.004962231975222, 53.503155318019104 ], [ 10.004959844140846, 53.503165280006158 ], [ 10.004872007076612, 53.503157784458139 ] ], [ [ 10.004862776079728, 53.50319141825792 ], [ 10.004867394904918, 53.503171873147366 ], [ 10.004913547855169, 53.50317574597176 ], [ 10.004908944125226, 53.503195290957208 ], [ 10.004862776079728, 53.50319141825792 ] ] ] } },
{ "type": "Feature", "properties": { "gebaeude_id": "20211007143813_26", "dachneig": 0.943, "dachfl_2d": 87.24, "dachfl_3d": 87.252, "area_m2": 87.2, "expo_klasse": "sonnig", "schatten": 0.68, "solar_eignung": "Eignung 1 (geeignet, sehr hohe Einstrahlung)", "ertkwha_k": 146972.47, "pvarea_solar": 1068.02, "schatten_klasse": "sonnig", "gruendach_eignung": "sehr gut geeignet" }, "geometry": { "type": "Polygon", "coordinates": [ [ [ 10.005267016778895, 53.504118037485313 ], [ 10.005051521674099, 53.504096172350636 ], [ 10.005034398636202, 53.504148659668211 ], [ 10.005250011878221, 53.504171683430975 ], [ 10.005267016778895, 53.504118037485313 ] ] ] } },
{ "type": "Feature", "properties": { "gebaeude_id": "20211007143813_33", "dachneig": 0.0, "dachfl_2d": 14.857, "dachfl_3d": 14.857, "area_m2": 14.9, "expo_klasse": "sonnig", "schatten": 0.68, "solar_eignung": "Eignung 1 (geeignet, sehr hohe Einstrahlung)", "ertkwha_k": 146972.47, "pvarea_solar": 1068.02, "schatten_klasse": "sonnig", "gruendach_eignung": "sehr gut geeignet" }, "geometry": { "type": "Polygon", "coordinates": [ [ [ 10.005328940676129, 53.504973159173872 ], [ 10.005329683106911, 53.505027473867258 ], [ 10.005366755570034, 53.505027287920676 ], [ 10.005365998016845, 53.504972973354512 ], [ 10.005328940676129, 53.504973159173872 ] ] ] } },
{ "type": "Feature", "properties": { "gebaeude_id": "20211007143813_78", "dachneig": 0.0, "dachfl_2d": 29.557, "dachfl_3d": 29.557, "area_m2": 29.6, "expo_klasse": "sonnig", "schatten": 0.72, "solar_eignung": "Eignung 1 (geeignet, sehr hohe Einstrahlung)", "ertkwha_k": 24341.71, "pvarea_solar": 176.47, "schatten_klasse": "sonnig", "gruendach_eignung": "sehr gut geeignet" }, "geometry": { "type": "Polygon", "coordinates": [ [ [ 10.005329683106911, 53.505027473867258 ], [ 10.005328940676129, 53.504973159173872 ], [ 10.005255202655716, 53.504973518621483 ], [ 10.005255944992287, 53.505027833315786 ], [ 10.005329683106911, 53.505027473867258 ] ] ] } },
{ "type": "Feature", "properties": { "gebaeude_id": "DEHHALKAJ0000wVY", "dachneig": 0.243, "dachfl_2d": 2038.894, "dachfl_3d": 2038.905, "area_m2": 2038.9, "expo_klasse": "sonnig", "schatten": 0.8, "solar_eignung": "Eignung 1 (geeignet, sehr hohe Einstrahlung)", "ertkwha_k": 17069.27, "pvarea_solar": 124.37, "schatten_klasse": "sonnig", "gruendach_eignung": "sehr gut geeignet" }, "geometry": { "type": "Polygon", "coordinates": [ [ [ 10.00449740137986, 53.503633812013931 ], [ 10.004495210685434, 53.503633623674602 ], [ 10.004482662354503, 53.503685119630838 ], [ 10.004482002730985, 53.503687830883649 ], [ 10.004457743938389, 53.503787363947204 ], [ 10.004420757585208, 53.503939113582383 ], [ 10.005322974340476, 53.50401689829431 ], [ 10.005359392826396, 53.503866771178537 ], [ 10.005396868020375, 53.503712248493045 ], [ 10.005396991569269, 53.503711735076919 ], [ 10.005395873500001, 53.503711636612024 ], [ 10.00449740137986, 53.503633812013931 ] ], [ [ 10.005152785399646, 53.503808821266929 ], [ 10.005147524215692, 53.503829890940906 ], [ 10.005130737638495, 53.503828396084252 ], [ 10.005135998830619, 53.503807326410943 ], [ 10.005152785399646, 53.503808821266929 ] ], [ [ 10.005154978439482, 53.503726256199954 ], [ 10.005160706727565, 53.503705811832262 ], [ 10.005178328949212, 53.503707578318703 ], [ 10.005172600456783, 53.503728013699934 ], [ 10.005154978439482, 53.503726256199954 ] ], [ [ 10.004858880010017, 53.503857361293697 ], [ 10.004841597882393, 53.503855951463812 ], [ 10.00484645029398, 53.503834804338638 ], [ 10.004863732413146, 53.503836214167848 ], [ 10.004858880010017, 53.503857361293697 ] ], [ [ 10.004630556352193, 53.503679310300313 ], [ 10.004630000759111, 53.503681319532241 ], [ 10.004612349271037, 53.503679589167255 ], [ 10.004613988028515, 53.503673651597936 ], [ 10.004618028978365, 53.50365899242049 ], [ 10.004635680458092, 53.50366072278468 ], [ 10.004630556352193, 53.503679310300313 ] ], [ [ 10.005123287826621, 53.503932857778928 ], [ 10.005106015419393, 53.503931223178704 ], [ 10.005111650525011, 53.503910024515953 ], [ 10.005128937998474, 53.503911658988635 ], [ 10.005123287826621, 53.503932857778928 ] ], [ [ 10.004567230060131, 53.503863579081788 ], [ 10.004584664628423, 53.503865059582715 ], [ 10.004579616113018, 53.503886208344781 ], [ 10.004562181536219, 53.50388472784315 ], [ 10.004567230060131, 53.503863579081788 ] ], [ [ 10.004821901460307, 53.503936704039958 ], [ 10.004839810820243, 53.503938495130065 ], [ 10.004833983414176, 53.503959218975275 ], [ 10.00481607404577, 53.503957427884316 ], [ 10.004821901460307, 53.503936704039958 ] ], [ [ 10.004866501808182, 53.503753131886619 ], [ 10.004871584548919, 53.503731524381124 ], [ 10.004888942849897, 53.503732969522396 ], [ 10.004883860117847, 53.503754577028559 ], [ 10.004866501808182, 53.503753131886619 ] ], [ [ 10.004591870099567, 53.50376041120844 ], [ 10.004610243500267, 53.50376206359681 ], [ 10.004604990114473, 53.503782836541248 ], [ 10.004586616492519, 53.503781175164875 ], [ 10.004591870099567, 53.50376041120844 ] ], [ [ 10.005134317608114, 53.503836959531803 ], [ 10.005145470518134, 53.503838043317934 ], [ 10.005145265490468, 53.503840211407706 ], [ 10.00515230620249, 53.503840826383836 ], [ 10.005150615337744, 53.503848382431315 ], [ 10.005149264554852, 53.503854380510056 ], [ 10.005119858139798, 53.50385161644153 ], [ 10.005116786114007, 53.503845403858719 ], [ 10.005116574644275, 53.503845387658721 ], [ 10.005116643851586, 53.503845126393784 ], [ 10.005117849036951, 53.503840621725182 ], [ 10.005122227521923, 53.503835775756187 ], [ 10.005134211660659, 53.503836942444558 ], [ 10.005134317608114, 53.503836959531803 ] ], [ [ 10.00514926685892, 53.503732111166812 ], [ 10.00517075966162, 53.503734330517048 ], [ 10.005171439930729, 53.503734405698275 ], [ 10.005170660582897, 53.503736515694122 ], [ 10.005178481137403, 53.503737591542595 ], [ 10.005174516766838, 53.503751018592958 ], [ 10.005146054804488, 53.503748021862421 ], [ 10.005141870666195, 53.503741962456736 ], [ 10.005143153557695, 53.503737556014151 ], [ 10.00514926685892, 53.503732111166812 ] ], [ [ 10.005160520550367, 53.503959880457941 ], [ 10.005131809196156, 53.503957182459949 ], [ 10.0051273371324, 53.503951062551508 ], [ 10.005128724682528, 53.503945981049029 ], [ 10.005133527710719, 53.503944421509274 ], [ 10.005134740146904, 53.503940860631921 ], [ 10.005156723926596, 53.503942797195371 ], [ 10.005155947147111, 53.503945653262164 ], [ 10.005163339271206, 53.50394646304224 ], [ 10.005160520550367, 53.503959880457941 ] ] ] } },
{ "type": "Feature", "properties": { "gebaeude_id": "DEHHALKAJ0000wVY", "dachneig": 0.0, "dachfl_2d": 266.876, "dachfl_3d": 266.876, "area_m2": 266.9, "expo_klasse": "sonnig", "schatten": 0.8, "solar_eignung": "Eignung 1 (geeignet, sehr hohe Einstrahlung)", "ertkwha_k": 7855.17, "pvarea_solar": 56.89, "schatten_klasse": "sonnig", "gruendach_eignung": "sehr gut geeignet" }, "geometry": { "type": "Polygon", "coordinates": [ [ [ 10.004426169873188, 53.503904010736079 ], [ 10.004441715005665, 53.503840237505408 ], [ 10.004454676785331, 53.503787093081257 ], [ 10.004479045345184, 53.503687100653465 ], [ 10.004325963260589, 53.503673716778707 ], [ 10.004304338609513, 53.503761595822915 ], [ 10.004270902724816, 53.50375866764098 ], [ 10.004222608341543, 53.503768835504374 ], [ 10.004242511814386, 53.503798224350426 ], [ 10.00429454661672, 53.503802776115414 ], [ 10.004272935638411, 53.503890601102277 ], [ 10.004426169873188, 53.503904010736079 ] ], [ [ 10.004426122068574, 53.503745093388424 ], [ 10.004428935111136, 53.503734615463706 ], [ 10.004446237987654, 53.503736267883546 ], [ 10.004443424949258, 53.503746745808648 ], [ 10.004426122068574, 53.503745093388424 ] ], [ [ 10.004401151267929, 53.503848317940012 ], [ 10.004403690643176, 53.503837743435874 ], [ 10.004421049609968, 53.503839215606789 ], [ 10.004418510451426, 53.503849799098575 ], [ 10.004401151267929, 53.503848317940012 ] ] ] } },
{ "type": "Feature", "properties": { "gebaeude_id": "DEHHALKAJ0000wVY", "dachneig": 0.0, "dachfl_2d": 178.94, "dachfl_3d": 178.94, "area_m2": 178.9, "expo_klasse": "sonnig", "schatten": 0.81, "solar_eignung": "Eignung 1 (geeignet, sehr hohe Einstrahlung)", "ertkwha_k": 110476.82, "pvarea_solar": 804.11, "schatten_klasse": "sonnig", "gruendach_eignung": "sehr gut geeignet" }, "geometry": { "type": "Polygon", "coordinates": [ [ [ 10.004498518902865, 53.503947017744004 ], [ 10.004489725931933, 53.503983254657904 ], [ 10.00514812293742, 53.504040023380156 ], [ 10.005156915144694, 53.504003777433461 ], [ 10.004498518902865, 53.503947017744004 ] ], [ [ 10.004895715004583, 53.503991887675745 ], [ 10.004880940953596, 53.503990699471636 ], [ 10.004881745546246, 53.503987106069218 ], [ 10.004896534670666, 53.503988294146524 ], [ 10.004895715004583, 53.503991887675745 ] ], [ [ 10.004944178139086, 53.503992037573745 ], [ 10.004958487641266, 53.503993346533484 ], [ 10.004957451426428, 53.503997346391856 ], [ 10.004943141922926, 53.503996037431946 ], [ 10.004944178139086, 53.503992037573745 ] ] ] } },
{ "type": "Feature", "properties": { "gebaeude_id": "DEHHALKAJ0000wmE", "dachneig": 12.531, "dachfl_2d": 223.15, "dachfl_3d": 228.958, "area_m2": 223.1, "expo_klasse": "sonnig", "schatten": 0.81, "solar_eignung": "Eignung 1 (geeignet, sehr hohe Einstrahlung)", "ertkwha_k": 110476.82, "pvarea_solar": 804.11, "schatten_klasse": "sonnig", "gruendach_eignung": "sehr gut geeignet" }, "geometry": { "type": "Polygon", "coordinates": [ [ [ 10.003411306605242, 53.505028769479281 ], [ 10.003536261020189, 53.505025697984856 ], [ 10.003535485866724, 53.505015861464692 ], [ 10.003549393749784, 53.505015475032231 ], [ 10.003549850223298, 53.505021394994785 ], [ 10.003686605085743, 53.504860439186196 ], [ 10.003683063316332, 53.50486050488086 ], [ 10.003545873829831, 53.504863265751595 ], [ 10.003545727124125, 53.504860884880571 ], [ 10.003545726274981, 53.504860848931393 ], [ 10.00368870305687, 53.5048579765444 ], [ 10.003684332230193, 53.504785929916942 ], [ 10.003678696323233, 53.504786067129224 ], [ 10.003533143024846, 53.504789644304722 ], [ 10.003538064367088, 53.504860751452114 ], [ 10.00353807116019, 53.504861039045167 ], [ 10.003542399323457, 53.504923629536393 ], [ 10.003545564245364, 53.50496952810699 ], [ 10.003407454390839, 53.504972916789747 ], [ 10.003411306605242, 53.505028769479281 ] ] ] } },
{ "type": "Feature", "properties": { "gebaeude_id": "DEHHALKAJ0000wcv", "dachneig": 11.148, "dachfl_2d": 480.484, "dachfl_3d": 489.724, "area_m2": 463.4, "expo_klasse": "sonnig", "schatten": 0.81, "solar_eignung": "Eignung 1 (geeignet, sehr hohe Einstrahlung)", "ertkwha_k": 110476.82, "pvarea_solar": 804.11, "schatten_klasse": "sonnig", "gruendach_eignung": "sehr gut geeignet" }, "geometry": { "type": "Polygon", "coordinates": [ [ [ 10.00291108236547, 53.505196936951243 ], [ 10.002942295718967, 53.505735650435305 ], [ 10.003060467281713, 53.505734658895484 ], [ 10.003058348272113, 53.505700113721353 ], [ 10.00304490623021, 53.505699804028879 ], [ 10.003048076200905, 53.505650778035637 ], [ 10.003055347779226, 53.505650941745643 ], [ 10.003027395246917, 53.50519440592425 ], [ 10.00291108236547, 53.505196936951243 ] ] ] } },
{ "type": "Feature", "properties": { "gebaeude_id": "DEHHALKAJ0000wcv", "dachneig": 9.721, "dachfl_2d": 484.816, "dachfl_3d": 492.543, "area_m2": 466.6, "expo_klasse": "sonnig", "schatten": 0.81, "solar_eignung": "Eignung 1 (geeignet, sehr hohe Einstrahlung)", "ertkwha_k": 110476.82, "pvarea_solar": 804.11, "schatten_klasse": "sonnig", "gruendach_eignung": "sehr gut geeignet" }, "geometry": { "type": "Polygon", "coordinates": [ [ [ 10.00291108236547, 53.505196936951243 ], [ 10.002792795267338, 53.505199511393869 ], [ 10.00282568354287, 53.505736628776255 ], [ 10.002942295718967, 53.505735650435305 ], [ 10.00291108236547, 53.505196936951243 ] ] ] } },
{ "type": "Feature", "properties": { "gebaeude_id": "DEHHALKAJ0000wmE", "dachneig": 12.482, "dachfl_2d": 653.274, "dachfl_3d": 669.056, "area_m2": 653.3, "expo_klasse": "sonnig", "schatten": 0.91, "solar_eignung": "Eignung 1 (geeignet, sehr hohe Einstrahlung)", "ertkwha_k": 16578.22, "pvarea_solar": 121.89, "schatten_klasse": "sonnig", "gruendach_eignung": "sehr gut geeignet" }, "geometry": { "type": "Polygon", "coordinates": [ [ [ 10.003860191246847, 53.505238580841365 ], [ 10.003860429910995, 53.505241662086839 ], [ 10.003712199981539, 53.505245612525911 ], [ 10.00371892667032, 53.505356741803524 ], [ 10.003875325170373, 53.505353253112929 ], [ 10.003868495082216, 53.505238403237371 ], [ 10.003841323986229, 53.504782112674853 ], [ 10.003841323136838, 53.504782076725732 ], [ 10.003832417242089, 53.504782295340327 ], [ 10.003684332230193, 53.504785929916942 ], [ 10.00368870305687, 53.5048579765444 ], [ 10.003689094793826, 53.504857964266137 ], [ 10.003835598035444, 53.504855017147975 ], [ 10.003835730531767, 53.504857434094312 ], [ 10.003689830068408, 53.504860367162266 ], [ 10.003688850619811, 53.504860393364375 ], [ 10.003712006128795, 53.505242512925776 ], [ 10.003714492672401, 53.505242456090762 ], [ 10.003860191246847, 53.505238580841365 ] ], [ [ 10.003815738965939, 53.505035558531681 ], [ 10.003815517712921, 53.505030661348329 ], [ 10.003829504795284, 53.505030436021407 ], [ 10.003829726262262, 53.505035342192024 ], [ 10.003815738965939, 53.505035558531681 ] ], [ [ 10.00381712209782, 53.505057722944144 ], [ 10.003830864803172, 53.505057364833256 ], [ 10.003830940178382, 53.505057364200283 ], [ 10.003831246576601, 53.505062674165615 ], [ 10.003817519156915, 53.505063041137248 ], [ 10.00381744378168, 53.505063041770221 ], [ 10.00381712209782, 53.505057722944144 ] ], [ [ 10.0038259265555, 53.505224872611947 ], [ 10.003826605575368, 53.505226170324406 ], [ 10.00382666651608, 53.505227473227251 ], [ 10.003825329933139, 53.505229614860106 ], [ 10.003822470762959, 53.505231131055318 ], [ 10.003820415666363, 53.505231579788358 ], [ 10.003818141024389, 53.505231670802353 ], [ 10.003815917551963, 53.505231374856756 ], [ 10.003814003012288, 53.505230752710446 ], [ 10.003811564026407, 53.505228993356738 ], [ 10.00381078754751, 53.505226761599687 ], [ 10.003811164209941, 53.505225473000202 ], [ 10.00381216086264, 53.505224260095886 ], [ 10.003813705315155, 53.505223258329039 ], [ 10.00381557398924, 53.505222577445871 ], [ 10.003819349558047, 53.505222195166716 ], [ 10.003822985207137, 53.50522291072857 ], [ 10.003824663641263, 53.505223750595029 ], [ 10.0038259265555, 53.505224872611947 ] ] ] } },
{ "type": "Feature", "properties": { "gebaeude_id": "DEHHALKAJ0000wmE", "dachneig": 13.151, "dachfl_2d": 490.687, "dachfl_3d": 502.969, "area_m2": 490.7, "expo_klasse": "sonnig", "schatten": 0.95, "solar_eignung": "Eignung 1 (geeignet, sehr hohe Einstrahlung)", "ertkwha_k": 11610.08, "pvarea_solar": 74.43, "schatten_klasse": "sonnig", "gruendach_eignung": "sehr gut geeignet" }, "geometry": { "type": "Polygon", "coordinates": [ [ [ 10.003712199981539, 53.505245612525911 ], [ 10.00356612448938, 53.505249490759198 ], [ 10.003565885846475, 53.505246409512999 ], [ 10.003712006128795, 53.505242512925776 ], [ 10.003688850619811, 53.504860393364375 ], [ 10.003686605085743, 53.504860439186196 ], [ 10.00354986572292, 53.505021412842773 ], [ 10.003550279096926, 53.505026784834115 ], [ 10.003545156557792, 53.505026953686382 ], [ 10.003548046972137, 53.50506889038251 ], [ 10.003512317619562, 53.505069765636584 ], [ 10.003517564436727, 53.505145715155891 ], [ 10.003551500555981, 53.50514488192249 ], [ 10.003556933565983, 53.505246583550829 ], [ 10.003563010759082, 53.505360235226853 ], [ 10.00371892667032, 53.505356741803524 ], [ 10.003712199981539, 53.505245612525911 ] ], [ [ 10.003655314598012, 53.505095163736719 ], [ 10.003659181246132, 53.505093531217675 ], [ 10.003662926231939, 53.505091854774633 ], [ 10.003662953621991, 53.505091737686797 ], [ 10.00366319481863, 53.505094926780252 ], [ 10.003655314598012, 53.505095163736719 ] ] ] } },
{ "type": "Feature", "properties": { "gebaeude_id": "DEHHALKAJ0000wmE", "dachneig": 1.292, "dachfl_2d": 16.116, "dachfl_3d": 16.133, "area_m2": 16.1, "expo_klasse": "sonnig", "schatten": 1.0, "solar_eignung": "Eignung 3 (geeignet, mittlere Einstrahlung)", "ertkwha_k": 6785.61, "pvarea_solar": 54.93, "schatten_klasse": "sonnig", "gruendach_eignung": "sehr gut geeignet" }, "geometry": { "type": "Polygon", "coordinates": [ [ [ 10.00353807116019, 53.504861039045167 ], [ 10.003538064367088, 53.504860751452114 ], [ 10.00350308001903, 53.504861881132499 ], [ 10.00350373160652, 53.504868401724849 ], [ 10.003507602417232, 53.504922483410468 ], [ 10.003507816217148, 53.504924513144672 ], [ 10.003542399323457, 53.504923629536393 ], [ 10.00353807116019, 53.504861039045167 ] ] ] } },
{ "type": "Feature", "properties": { "gebaeude_id": "DEHHALKAJ0000wmE", "dachneig": 7.812, "dachfl_2d": 52.297, "dachfl_3d": 52.789, "area_m2": 52.3, "expo_klasse": "sonnig", "schatten": 1.01, "solar_eignung": "Eignung 1 (geeignet, sehr hohe Einstrahlung)", "ertkwha_k": 63818.94, "pvarea_solar": 464.83, "schatten_klasse": "sonnig", "gruendach_eignung": "sehr gut geeignet" }, "geometry": { "type": "Polygon", "coordinates": [ [ [ 10.003531163333257, 53.50536077226694 ], [ 10.003563010759082, 53.505360235226853 ], [ 10.003556933565983, 53.505246583550829 ], [ 10.003551500555981, 53.50514488192249 ], [ 10.003517564436727, 53.505145715155891 ], [ 10.003531163333257, 53.50536077226694 ] ] ] } },
{ "type": "Feature", "properties": { "gebaeude_id": "DEHHALKAJ0000xVZ", "dachneig": 2.256, "dachfl_2d": 175.127, "dachfl_3d": 175.269, "area_m2": 175.1, "expo_klasse": "sonnig", "schatten": 1.01, "solar_eignung": "Eignung 1 (geeignet, sehr hohe Einstrahlung)", "ertkwha_k": 63818.94, "pvarea_solar": 464.83, "schatten_klasse": "sonnig", "gruendach_eignung": "sehr gut geeignet" }, "geometry": { "type": "Polygon", "coordinates": [ [ [ 10.002119832699623, 53.504336631445192 ], [ 10.002123855858393, 53.5043339639208 ], [ 10.002129457842234, 53.504331112367943 ], [ 10.00213312019285, 53.504330407484559 ], [ 10.002136450450033, 53.504330325630761 ], [ 10.002135767591875, 53.504319913027622 ], [ 10.002112604001107, 53.504320376890888 ], [ 10.002110420033395, 53.504287872757793 ], [ 10.002133752608767, 53.504287542314216 ], [ 10.002132804241715, 53.504251809736772 ], [ 10.001976362305099, 53.504254568412456 ], [ 10.001976463510445, 53.504256302453911 ], [ 10.001976849230008, 53.504263067987623 ], [ 10.001982277772331, 53.504357713307954 ], [ 10.001986810135621, 53.504436734152883 ], [ 10.001988814452245, 53.504436690384878 ], [ 10.002040356806644, 53.504435683028717 ], [ 10.002040899288565, 53.504435669492146 ], [ 10.002040984998295, 53.5044373856853 ], [ 10.002126062065161, 53.504435809523876 ], [ 10.002121117190894, 53.504360405746148 ], [ 10.002119967422528, 53.50434490025674 ], [ 10.002119749688683, 53.504342061537137 ], [ 10.002119418043163, 53.50434206431747 ], [ 10.002119832699623, 53.504336631445192 ] ], [ [ 10.002094742856553, 53.504421635643268 ], [ 10.002093281645715, 53.504399957276242 ], [ 10.002110626400819, 53.504399542198357 ], [ 10.002112037756714, 53.504420385000046 ], [ 10.002112087620446, 53.504421220565177 ], [ 10.002094742856553, 53.504421635643268 ] ], [ [ 10.002097766388541, 53.504331198268119 ], [ 10.002089131711935, 53.504331405490397 ], [ 10.002088738929267, 53.504325619824485 ], [ 10.002087689821931, 53.504309906742307 ], [ 10.002105516721429, 53.504309478634141 ], [ 10.00210694354567, 53.50433097750831 ], [ 10.002097766388541, 53.504331198268119 ] ], [ [ 10.002085425270963, 53.504264396105299 ], [ 10.002103159583063, 53.50426387888286 ], [ 10.002104990431105, 53.504285886746992 ], [ 10.002087256109876, 53.504286403969743 ], [ 10.002085425270963, 53.504264396105299 ] ], [ [ 10.002110126627544, 53.504376435498862 ], [ 10.002092270610268, 53.504376908797077 ], [ 10.002090637008502, 53.504354953213962 ], [ 10.002108493016605, 53.504354479916017 ], [ 10.002110126627544, 53.504376435498862 ] ], [ [ 10.002022621096813, 53.504257776277825 ], [ 10.002023661180598, 53.50428077956898 ], [ 10.002016290887262, 53.504280895285625 ], [ 10.001990698793666, 53.504281316558917 ], [ 10.001989927904473, 53.504264612346539 ], [ 10.001989643652923, 53.504258313393713 ], [ 10.002022621096813, 53.504257776277825 ] ] ] } },
{ "type": "Feature", "properties": { "gebaeude_id": "DEHHALKAJ0000xVZ", "dachneig": 2.284, "dachfl_2d": 1368.479, "dachfl_3d": 1369.255, "area_m2": 1368.5, "expo_klasse": "sonnig", "schatten": 1.06, "solar_eignung": "Eignung 2 (geeignet, hohe Einstrahlung)", "ertkwha_k": 12309.26, "pvarea_solar": 89.79, "schatten_klasse": "sonnig", "gruendach_eignung": "sehr gut geeignet" }, "geometry": { "type": "Polygon", "coordinates": [ [ [ 10.002161036496251, 53.504240588407789 ], [ 10.0021614736643, 53.504240584742675 ], [ 10.002161374076463, 53.504246590274015 ], [ 10.002161766020281, 53.504246586988046 ], [ 10.002195254510236, 53.504245982616496 ], [ 10.00241097100999, 53.504242115343267 ], [ 10.002411483339792, 53.504242102057866 ], [ 10.002386926833477, 53.503798158183109 ], [ 10.002164271035182, 53.503802416195477 ], [ 10.001950703055734, 53.503806507727901 ], [ 10.001976101979594, 53.504249923247237 ], [ 10.001976132129116, 53.504249922994511 ], [ 10.002132557701991, 53.504247110521931 ], [ 10.002133793620555, 53.504247091171479 ], [ 10.002133306568497, 53.504241144492696 ], [ 10.002133457316114, 53.504241143228896 ], [ 10.002161036496251, 53.504240588407789 ] ], [ [ 10.002118551720875, 53.504175567102756 ], [ 10.002119693422262, 53.504196484078257 ], [ 10.002102347054359, 53.504196827258745 ], [ 10.002101205361511, 53.504175910283024 ], [ 10.002118551720875, 53.504175567102756 ] ], [ [ 10.002264562924982, 53.503834834869771 ], [ 10.00224661562952, 53.503835264011926 ], [ 10.002245177283985, 53.503813918048188 ], [ 10.002263139645033, 53.503813488779862 ], [ 10.002264562924982, 53.503834834869771 ] ], [ [ 10.002098262225822, 53.503838251673493 ], [ 10.002080444239438, 53.503838410034632 ], [ 10.002079920865185, 53.503816858639439 ], [ 10.002097739054507, 53.503816709265656 ], [ 10.002098262225822, 53.503838251673493 ] ], [ [ 10.002100611261598, 53.503861774347278 ], [ 10.002101505577798, 53.50388307093872 ], [ 10.002083448922116, 53.50388333916991 ], [ 10.002082554614931, 53.503862042578312 ], [ 10.002100611261598, 53.503861774347278 ] ], [ [ 10.002261317748939, 53.504082681667114 ], [ 10.002279222256707, 53.504082351761653 ], [ 10.002280333650807, 53.504103898225061 ], [ 10.002262414059244, 53.504104228257127 ], [ 10.002261317748939, 53.504082681667114 ] ], [ [ 10.002095011628164, 53.504085909737569 ], [ 10.002112975377866, 53.504085534415033 ], [ 10.002114252509639, 53.504107079490169 ], [ 10.002096288750829, 53.50410745481296 ], [ 10.002095011628164, 53.504085909737569 ] ], [ [ 10.002098472654394, 53.504152103176665 ], [ 10.002096897002184, 53.504130686451049 ], [ 10.00211509963456, 53.504130210245911 ], [ 10.00211667529592, 53.504151626971236 ], [ 10.002098472654394, 53.504152103176665 ] ], [ [ 10.00212217755535, 53.504241714213371 ], [ 10.002104153228712, 53.504242081055807 ], [ 10.002102900735281, 53.504220302058741 ], [ 10.002120924840685, 53.504219926229261 ], [ 10.00212217755535, 53.504241714213371 ] ], [ [ 10.002266576382652, 53.503858189562102 ], [ 10.002267822162651, 53.50387968096517 ], [ 10.002249300740255, 53.503880060987171 ], [ 10.002248055181612, 53.503858578571169 ], [ 10.002266576382652, 53.503858189562102 ] ], [ [ 10.002274796351402, 53.503992525170247 ], [ 10.002275336386569, 53.504014139348158 ], [ 10.002256764805479, 53.504014313043093 ], [ 10.002256209705054, 53.503992698991503 ], [ 10.002274796351402, 53.503992525170247 ] ], [ [ 10.002106562118595, 53.503972802359151 ], [ 10.00208831326969, 53.5039732340054 ], [ 10.002086859524248, 53.50395123196774 ], [ 10.00210510836375, 53.503950800321789 ], [ 10.002106562118595, 53.503972802359151 ] ], [ [ 10.002103848485705, 53.503928068544525 ], [ 10.002085508148209, 53.503928456012034 ], [ 10.002084206212331, 53.503906497646881 ], [ 10.00210254654038, 53.50390611017967 ], [ 10.002103848485705, 53.503928068544525 ] ], [ [ 10.002268298019862, 53.504216874851188 ], [ 10.002286580512973, 53.504216586720851 ], [ 10.002287553464479, 53.504238655710402 ], [ 10.002269255887148, 53.504238943967316 ], [ 10.002268298019862, 53.504216874851188 ] ], [ [ 10.002259253333603, 53.504059084697971 ], [ 10.002258446201504, 53.504037652541044 ], [ 10.002277362814539, 53.504037404040297 ], [ 10.002278184818829, 53.504058827083405 ], [ 10.002259253333603, 53.504059084697971 ] ], [ [ 10.002285238369991, 53.504193567985773 ], [ 10.002266593032894, 53.504193814212897 ], [ 10.002265762550524, 53.50417203167865 ], [ 10.002284407666084, 53.504171776464403 ], [ 10.002285238369991, 53.504193567985773 ] ], [ [ 10.002271592094543, 53.503947453888152 ], [ 10.002272997107324, 53.503969303518367 ], [ 10.002254401332626, 53.503969729109812 ], [ 10.002252996329416, 53.503947879479277 ], [ 10.002271592094543, 53.503947453888152 ] ], [ [ 10.002270159522196, 53.503924435910122 ], [ 10.002251622793679, 53.503924807071698 ], [ 10.002250381706681, 53.50390287516506 ], [ 10.00226893350027, 53.50390250387732 ], [ 10.002270159522196, 53.503924435910122 ] ], [ [ 10.002109202292184, 53.504017617690891 ], [ 10.002090334938158, 53.504018036544338 ], [ 10.002088959106846, 53.503996141722503 ], [ 10.002107841525843, 53.503995722742907 ], [ 10.002109202292184, 53.504017617690891 ] ], [ [ 10.002092671060421, 53.504062746556137 ], [ 10.002091676756796, 53.504041046295505 ], [ 10.002110788071786, 53.504040742254517 ], [ 10.002111767310446, 53.504062442641342 ], [ 10.002092671060421, 53.504062746556137 ] ], [ [ 10.002264223177034, 53.504148960662526 ], [ 10.002263395029182, 53.504127276988257 ], [ 10.002282567740265, 53.504127017350498 ], [ 10.002283395685922, 53.50414869203729 ], [ 10.002264223177034, 53.504148960662526 ] ] ] } },
{ "type": "Feature", "properties": { "gebaeude_id": "DEHHALKAJ0000xVZ", "dachneig": 2.194, "dachfl_2d": 346.869, "dachfl_3d": 347.113, "area_m2": 346.9, "expo_klasse": "sonnig", "schatten": 1.09, "solar_eignung": "Eignung 1 (geeignet, sehr hohe Einstrahlung)", "ertkwha_k": 55157.2, "pvarea_solar": 404.34, "schatten_klasse": "sonnig", "gruendach_eignung": "sehr gut geeignet" }, "geometry": { "type": "Polygon", "coordinates": [ [ [ 10.002411219912924, 53.50424691341761 ], [ 10.002195577066674, 53.504250708161123 ], [ 10.002162811737723, 53.504251288491773 ], [ 10.002166805098692, 53.504331095900156 ], [ 10.002169221517249, 53.504331264411682 ], [ 10.00216942439258, 53.504339865247303 ], [ 10.002137118657757, 53.504340756334784 ], [ 10.00213739496566, 53.504355666879363 ], [ 10.002137462964825, 53.504359828246976 ], [ 10.002142685574485, 53.504435499367695 ], [ 10.002208395930067, 53.504434274279461 ], [ 10.002355400607319, 53.504431549492871 ], [ 10.002355378597375, 53.504429338367103 ], [ 10.002356117263874, 53.504429332173096 ], [ 10.002422316762456, 53.504429028739345 ], [ 10.002411392653414, 53.504249761503189 ], [ 10.002411219912924, 53.50424691341761 ] ], [ [ 10.002215506253439, 53.504377754339785 ], [ 10.002214900218455, 53.504355898011561 ], [ 10.002231828583804, 53.504355729111964 ], [ 10.002232434839522, 53.504377594427332 ], [ 10.002215506253439, 53.504377754339785 ] ], [ [ 10.002229265749262, 53.504311003027063 ], [ 10.002230474592892, 53.50433220708846 ], [ 10.00221248037864, 53.504332573694583 ], [ 10.002211271543947, 53.504311369633022 ], [ 10.002229265749262, 53.504311003027063 ] ], [ [ 10.002226919055504, 53.504266490867252 ], [ 10.002227969918019, 53.50428802884884 ], [ 10.0022099290141, 53.504288332922684 ], [ 10.002208878372732, 53.504266803928175 ], [ 10.002226919055504, 53.504266490867252 ] ], [ [ 10.002234300875742, 53.504397255847998 ], [ 10.002235740511345, 53.504418655733467 ], [ 10.002217220337757, 53.504419098662545 ], [ 10.002215780711404, 53.504397698776799 ], [ 10.002234300875742, 53.504397255847998 ] ] ] } },
{ "type": "Feature", "properties": { "gebaeude_id": "DEHHALKAJ0000we2", "dachneig": 0.0, "dachfl_2d": 988.705, "dachfl_3d": 988.705, "area_m2": 988.7, "expo_klasse": "sonnig", "schatten": 1.09, "solar_eignung": "Eignung 1 (geeignet, sehr hohe Einstrahlung)", "ertkwha_k": 55157.2, "pvarea_solar": 404.34, "schatten_klasse": "sonnig", "gruendach_eignung": "sehr gut geeignet" }, "geometry": { "type": "Polygon", "coordinates": [ [ [ 10.002468803861118, 53.505315446190004 ], [ 10.002087628708795, 53.505323748005722 ], [ 10.00210814991841, 53.505685556615205 ], [ 10.002264808802272, 53.505682822935874 ], [ 10.002264653472075, 53.50568007358455 ], [ 10.002487832484892, 53.505676485215673 ], [ 10.002468803861118, 53.505315446190004 ] ], [ [ 10.002329090637216, 53.505427318115096 ], [ 10.00233019190218, 53.505449071406922 ], [ 10.002307177390296, 53.505449489110127 ], [ 10.002306075925045, 53.505427726830732 ], [ 10.002329090637216, 53.505427318115096 ] ], [ [ 10.002251498064803, 53.505569195905835 ], [ 10.002250469456074, 53.505547325146829 ], [ 10.002273409281612, 53.505546935048201 ], [ 10.002274438114128, 53.505568814794266 ], [ 10.002251498064803, 53.505569195905835 ] ], [ [ 10.002245670810183, 53.505450652033318 ], [ 10.002244570034549, 53.505428278491308 ], [ 10.002267358832034, 53.505427880670787 ], [ 10.002268459619669, 53.505450254212583 ], [ 10.002245670810183, 53.505450652033318 ] ], [ [ 10.00245470692667, 53.505565352547002 ], [ 10.002431694261862, 53.505565851159986 ], [ 10.002430340710697, 53.505543632553582 ], [ 10.002453338288257, 53.50554313406731 ], [ 10.00245470692667, 53.505565352547002 ] ], [ [ 10.002184399682299, 53.50545220846972 ], [ 10.002182820349052, 53.505430000742585 ], [ 10.002205876049333, 53.505429411925761 ], [ 10.002207470469738, 53.505451619526163 ], [ 10.002184399682299, 53.50545220846972 ] ], [ [ 10.002152195273394, 53.505550117683001 ], [ 10.002153018525743, 53.50557159464546 ], [ 10.00212911217468, 53.505571920911187 ], [ 10.00212828893442, 53.505550443948522 ], [ 10.002152195273394, 53.505550117683001 ] ], [ [ 10.002390077670785, 53.505499357460856 ], [ 10.002391601055434, 53.505521745435871 ], [ 10.002368484371122, 53.505522307832507 ], [ 10.002366960786585, 53.505499910869844 ], [ 10.002390077670785, 53.505499357460856 ] ] ] } },
{ "type": "Feature", "properties": { "gebaeude_id": "DEHHALKAJ0000we2", "dachneig": 2.349, "dachfl_2d": 112.206, "dachfl_3d": 112.294, "area_m2": 112.2, "expo_klasse": "sonnig", "schatten": 1.09, "solar_eignung": "Eignung 1 (geeignet, sehr hohe Einstrahlung)", "ertkwha_k": 55157.2, "pvarea_solar": 404.34, "schatten_klasse": "sonnig", "gruendach_eignung": "sehr gut geeignet" }, "geometry": { "type": "Polygon", "coordinates": [ [ [ 10.002468803861118, 53.505315446190004 ], [ 10.002465684934378, 53.505274644012026 ], [ 10.002464780638887, 53.505274660584746 ], [ 10.002458977987839, 53.505274763181383 ], [ 10.002285070204181, 53.505278091202968 ], [ 10.002281815036685, 53.50527816344195 ], [ 10.002094809901816, 53.505281726850185 ], [ 10.002088058151427, 53.505281864352419 ], [ 10.002087033466518, 53.505281890920529 ], [ 10.002087628708795, 53.505323748005722 ], [ 10.002284945236442, 53.505319450939012 ], [ 10.002468803861118, 53.505315446190004 ] ], [ [ 10.00232652416887, 53.505306391765963 ], [ 10.002303527353703, 53.505306917189117 ], [ 10.002302095959571, 53.505284591364521 ], [ 10.002325092762693, 53.505284065941701 ], [ 10.00232652416887, 53.505306391765963 ] ] ] } },
{ "type": "Feature", "properties": { "gebaeude_id": "DEHHALKAJ00058yW", "dachneig": 28.338, "dachfl_2d": 62.468, "dachfl_3d": 71.245, "area_m2": 62.5, "expo_klasse": "sonnig", "schatten": 1.09, "solar_eignung": "Eignung 1 (geeignet, sehr hohe Einstrahlung)", "ertkwha_k": 55157.2, "pvarea_solar": 404.34, "schatten_klasse": "sonnig", "gruendach_eignung": "sehr gut geeignet" }, "geometry": { "type": "Polygon", "coordinates": [ [ [ 10.002733262110313, 53.505654803566792 ], [ 10.002722191257783, 53.505449586188554 ], [ 10.00268166617068, 53.505450438497867 ], [ 10.002691347146445, 53.505655550679634 ], [ 10.002733262110313, 53.505654803566792 ] ] ] } },
{ "type": "Feature", "properties": { "gebaeude_id": "DEHHALKAJ00058yW", "dachneig": 26.825, "dachfl_2d": 61.231, "dachfl_3d": 69.072, "area_m2": 61.2, "expo_klasse": "sonnig", "schatten": 1.09, "solar_eignung": "Eignung 1 (geeignet, sehr hohe Einstrahlung)", "ertkwha_k": 55157.2, "pvarea_solar": 404.34, "schatten_klasse": "sonnig", "gruendach_eignung": "sehr gut geeignet" }, "geometry": { "type": "Polygon", "coordinates": [ [ [ 10.002691347146445, 53.505655550679634 ], [ 10.00268166617068, 53.505450438497867 ], [ 10.00263995035402, 53.505451309769931 ], [ 10.00265220539246, 53.505656247549581 ], [ 10.002691347146445, 53.505655550679634 ] ] ] } },
{ "type": "Feature", "properties": { "gebaeude_id": "DEHHALKAJ00058yW", "dachneig": 28.548, "dachfl_2d": 58.069, "dachfl_3d": 66.271, "area_m2": 58.1, "expo_klasse": "sonnig", "schatten": 1.1, "solar_eignung": "Eignung 2 (geeignet, hohe Einstrahlung)", "ertkwha_k": 5609.63, "pvarea_solar": 38.46, "schatten_klasse": "sonnig", "gruendach_eignung": "sehr gut geeignet" }, "geometry": { "type": "Polygon", "coordinates": [ [ [ 10.00265220539246, 53.505656247549581 ], [ 10.00263995035402, 53.505451309769931 ], [ 10.002602002272077, 53.505452104480803 ], [ 10.002613425443313, 53.505656941372109 ], [ 10.00265220539246, 53.505656247549581 ] ] ] } },
{ "type": "Feature", "properties": { "gebaeude_id": "DEHHALKAJ00058yW", "dachneig": 28.024, "dachfl_2d": 59.769, "dachfl_3d": 67.755, "area_m2": 59.8, "expo_klasse": "sonnig", "schatten": 1.1, "solar_eignung": "Eignung 2 (geeignet, hohe Einstrahlung)", "ertkwha_k": 40080.21, "pvarea_solar": 296.5, "schatten_klasse": "sonnig", "gruendach_eignung": "sehr gut geeignet" }, "geometry": { "type": "Polygon", "coordinates": [ [ [ 10.002613425443313, 53.505656941372109 ], [ 10.002602002272077, 53.505452104480803 ], [ 10.002562622469815, 53.505452929165614 ], [ 10.002573786414912, 53.505657651376261 ], [ 10.002613425443313, 53.505656941372109 ] ] ] } },
{ "type": "Feature", "properties": { "gebaeude_id": "DEHHALKAJ00058yW", "dachneig": 28.66, "dachfl_2d": 62.021, "dachfl_3d": 70.803, "area_m2": 62.0, "expo_klasse": "sonnig", "schatten": 1.11, "solar_eignung": "Eignung 1 (geeignet, sehr hohe Einstrahlung)", "ertkwha_k": 48659.71, "pvarea_solar": 354.5, "schatten_klasse": "sonnig", "gruendach_eignung": "sehr gut geeignet" }, "geometry": { "type": "Polygon", "coordinates": [ [ [ 10.002534961237068, 53.505658345552632 ], [ 10.002523408492896, 53.505453752446748 ], [ 10.002482672344327, 53.505454606458649 ], [ 10.002493604049992, 53.505659087918154 ], [ 10.002534961237068, 53.505658345552632 ] ] ] } },
{ "type": "Feature", "properties": { "gebaeude_id": "DEHHALKAJ00058yW", "dachneig": 28.277, "dachfl_2d": 58.993, "dachfl_3d": 67.063, "area_m2": 59.0, "expo_klasse": "sonnig", "schatten": 1.13, "solar_eignung": "Eignung 1 (geeignet, sehr hohe Einstrahlung)", "ertkwha_k": 47563.69, "pvarea_solar": 347.01, "schatten_klasse": "sonnig", "gruendach_eignung": "sehr gut geeignet" }, "geometry": { "type": "Polygon", "coordinates": [ [ [ 10.002534961237068, 53.505658345552632 ], [ 10.002573786414912, 53.505657651376261 ], [ 10.002562622469815, 53.505452929165614 ], [ 10.002523408492896, 53.505453752446748 ], [ 10.002534961237068, 53.505658345552632 ] ] ] } },
{ "type": "Feature", "properties": { "gebaeude_id": "DEHHALKAJ0000xVV", "dachneig": 4.184, "dachfl_2d": 200.989, "dachfl_3d": 201.529, "area_m2": 201.0, "expo_klasse": "sonnig", "schatten": 1.13, "solar_eignung": "Eignung 1 (geeignet, sehr hohe Einstrahlung)", "ertkwha_k": 47563.69, "pvarea_solar": 347.01, "schatten_klasse": "sonnig", "gruendach_eignung": "sehr gut geeignet" }, "geometry": { "type": "Polygon", "coordinates": [ [ [ 10.001124472706502, 53.505517820041135 ], [ 10.001139941850214, 53.505653425347987 ], [ 10.001340296792558, 53.505644268283746 ], [ 10.001323941388547, 53.505508832227278 ], [ 10.001124472706502, 53.505517820041135 ] ] ] } },
{ "type": "Feature", "properties": { "gebaeude_id": "DEHHALKAJ0000xVV", "dachneig": 4.225, "dachfl_2d": 198.97, "dachfl_3d": 199.516, "area_m2": 199.0, "expo_klasse": "sonnig", "schatten": 1.13, "solar_eignung": "Eignung 1 (geeignet, sehr hohe Einstrahlung)", "ertkwha_k": 47563.69, "pvarea_solar": 347.01, "schatten_klasse": "sonnig", "gruendach_eignung": "sehr gut geeignet" }, "geometry": { "type": "Polygon", "coordinates": [ [ [ 10.001124472706502, 53.505517820041135 ], [ 10.000926043067437, 53.50552675387619 ], [ 10.000942930351062, 53.505662419243912 ], [ 10.001139941850214, 53.505653425347987 ], [ 10.001124472706502, 53.505517820041135 ] ] ] } },
{ "type": "Feature", "properties": { "gebaeude_id": "DEHHALKAJ0000xVV", "dachneig": 0.0, "dachfl_2d": 74.054, "dachfl_3d": 74.054, "area_m2": 74.1, "expo_klasse": "sonnig", "schatten": 1.17, "solar_eignung": "Eignung 1 (geeignet, sehr hohe Einstrahlung)", "ertkwha_k": 298305.25, "pvarea_solar": 2175.66, "schatten_klasse": "sonnig", "gruendach_eignung": "sehr gut geeignet" }, "geometry": { "type": "Polygon", "coordinates": [ [ [ 10.001337194042279, 53.505644411132629 ], [ 10.001017065820728, 53.505659038807771 ], [ 10.001019756192305, 53.50568299011065 ], [ 10.001085482139096, 53.50568810280663 ], [ 10.001340421967786, 53.505676448083413 ], [ 10.001337194042279, 53.505644411132629 ] ] ] } },
{ "type": "Feature", "properties": { "gebaeude_id": "DEHHALKAJ0000xVV", "dachneig": 0.0, "dachfl_2d": 11.331, "dachfl_3d": 11.331, "area_m2": 11.3, "expo_klasse": "sonnig", "schatten": 1.17, "solar_eignung": "Eignung 1 (geeignet, sehr hohe Einstrahlung)", "ertkwha_k": 298305.25, "pvarea_solar": 2175.66, "schatten_klasse": "sonnig", "gruendach_eignung": "sehr gut geeignet" }, "geometry": { "type": "Polygon", "coordinates": [ [ [ 10.001263105126384, 53.505511571104662 ], [ 10.001260255285393, 53.505493014580239 ], [ 10.001177331876198, 53.505497133962344 ], [ 10.001180022033914, 53.50551531428539 ], [ 10.001263105126384, 53.505511571104662 ] ] ] } },
{ "type": "Feature", "properties": { "gebaeude_id": "DEHHALKAJ0000xP0", "dachneig": 0.0, "dachfl_2d": 233.035, "dachfl_3d": 233.035, "area_m2": 233.0, "expo_klasse": "sonnig", "schatten": 1.19, "solar_eignung": "Eignung 1 (geeignet, sehr hohe Einstrahlung)", "ertkwha_k": 57604.82, "pvarea_solar": 421.21, "schatten_klasse": "sonnig", "gruendach_eignung": "sehr gut geeignet" }, "geometry": { "type": "Polygon", "coordinates": [ [ [ 10.002064044090204, 53.504890214332853 ], [ 10.002307608672808, 53.504885529518376 ], [ 10.002307504907868, 53.504883687630013 ], [ 10.00230741068402, 53.504882250169572 ], [ 10.002300155983679, 53.504749857115733 ], [ 10.002057537871604, 53.50475436319168 ], [ 10.002064044090204, 53.504890214332853 ] ], [ [ 10.002076647419209, 53.504775066618613 ], [ 10.002061000680611, 53.504775242729991 ], [ 10.002060559792362, 53.504761663947733 ], [ 10.002076206313987, 53.50476147884919 ], [ 10.002076647419209, 53.504775066618613 ] ], [ [ 10.002135982939347, 53.504777787277952 ], [ 10.002158274127913, 53.504777402637679 ], [ 10.002158922069148, 53.504790808891549 ], [ 10.002136630873556, 53.504791193531979 ], [ 10.002135982939347, 53.504777787277952 ] ], [ [ 10.002226221782887, 53.504819863622387 ], [ 10.002248726374109, 53.504819576055823 ], [ 10.00224922995536, 53.504833253191528 ], [ 10.002226725568908, 53.50483354974552 ], [ 10.002226221782887, 53.504819863622387 ] ], [ [ 10.002161376464612, 53.504821351137799 ], [ 10.00216191461954, 53.504835216754309 ], [ 10.002139184318649, 53.504835524174894 ], [ 10.00213864638309, 53.504821667545521 ], [ 10.002161376464612, 53.504821351137799 ] ], [ [ 10.002247199968675, 53.50478938559305 ], [ 10.002223856708103, 53.504789913906698 ], [ 10.002222991124917, 53.504776230816859 ], [ 10.002246319091006, 53.504775693642443 ], [ 10.002247199968675, 53.50478938559305 ] ] ] } },
{ "type": "Feature", "properties": { "gebaeude_id": "DEHHALKAJ0000wfc", "dachneig": 0.031, "dachfl_2d": 371.625, "dachfl_3d": 372.023, "area_m2": 371.6, "expo_klasse": "sonnig", "schatten": 1.24, "solar_eignung": "Eignung 2 (geeignet, hohe Einstrahlung)", "ertkwha_k": 8098.33, "pvarea_solar": 61.22, "schatten_klasse": "sonnig", "gruendach_eignung": "sehr gut geeignet" }, "geometry": { "type": "Polygon", "coordinates": [ [ [ 10.002089295445337, 53.505279984254571 ], [ 10.002094660495535, 53.505279867366241 ], [ 10.002094690645785, 53.505279867113479 ], [ 10.002094809901816, 53.505281726850185 ], [ 10.002281815036685, 53.50527816344195 ], [ 10.002285070204181, 53.505278091202968 ], [ 10.002263449364657, 53.505003305968948 ], [ 10.002263373989534, 53.505003306600941 ], [ 10.002073260129304, 53.505007345498711 ], [ 10.002073365431839, 53.505013088628715 ], [ 10.002089295445337, 53.505279984254571 ] ], [ [ 10.002238875434639, 53.505263583643853 ], [ 10.002237343002676, 53.505241447435964 ], [ 10.002260338935343, 53.505240886076578 ], [ 10.002261871379257, 53.505263022284083 ], [ 10.002238875434639, 53.505263583643853 ] ], [ [ 10.002172785140161, 53.505196980444325 ], [ 10.002196616116358, 53.505196663790059 ], [ 10.002197451019342, 53.50521927327803 ], [ 10.00217362003046, 53.505219589932523 ], [ 10.002172785140161, 53.505196980444325 ] ], [ [ 10.002187635745715, 53.505039682133543 ], [ 10.002163268303756, 53.505040263966819 ], [ 10.002161739760073, 53.505017651304264 ], [ 10.00218610697708, 53.505017060484072 ], [ 10.002187635745715, 53.505039682133543 ] ], [ [ 10.002252445016252, 53.505083311026446 ], [ 10.002228438503737, 53.505083853890454 ], [ 10.002226910581943, 53.50506062996709 ], [ 10.002250932368458, 53.505060095964367 ], [ 10.002252445016252, 53.505083311026446 ] ], [ [ 10.002233000342402, 53.505173688317008 ], [ 10.002231466455639, 53.505150850973834 ], [ 10.002256045011039, 53.505150267356818 ], [ 10.002257578910987, 53.505173104699573 ], [ 10.002233000342402, 53.505173688317008 ] ] ] } },
{ "type": "Feature", "properties": { "gebaeude_id": "DEHHALKAJ0000wfc", "dachneig": 2.859, "dachfl_2d": 342.897, "dachfl_3d": 343.34, "area_m2": 342.9, "expo_klasse": "sonnig", "schatten": 1.25, "solar_eignung": "Eignung 1 (geeignet, sehr hohe Einstrahlung)", "ertkwha_k": 209941.16, "pvarea_solar": 1564.01, "schatten_klasse": "sonnig", "gruendach_eignung": "sehr gut geeignet" }, "geometry": { "type": "Polygon", "coordinates": [ [ [ 10.002285070204181, 53.505278091202968 ], [ 10.002458977987839, 53.505274763181383 ], [ 10.00245881692128, 53.505271771173391 ], [ 10.002463247947647, 53.505271689068586 ], [ 10.002456357855436, 53.505140075021565 ], [ 10.002445973883349, 53.505140278960752 ], [ 10.002438266484347, 53.504999583818851 ], [ 10.002267216850166, 53.50500322044573 ], [ 10.002263449364657, 53.505003305968948 ], [ 10.002285070204181, 53.505278091202968 ] ], [ [ 10.00231671470681, 53.505126432032078 ], [ 10.002292917525754, 53.505126901241191 ], [ 10.002291728384233, 53.50510525655357 ], [ 10.002315525553156, 53.505104787344763 ], [ 10.00231671470681, 53.505126432032078 ] ], [ [ 10.002381707688059, 53.50517016718365 ], [ 10.002358230664907, 53.505170786535075 ], [ 10.002356571637089, 53.505148399695877 ], [ 10.002380033360749, 53.505147771483955 ], [ 10.002381707688059, 53.50517016718365 ] ], [ [ 10.002361165177801, 53.50523828778622 ], [ 10.002385157972659, 53.505237798945281 ], [ 10.002386460729888, 53.505260422487055 ], [ 10.002362482997386, 53.505260911201894 ], [ 10.002361165177801, 53.50523828778622 ] ], [ [ 10.002350373377892, 53.505058237410147 ], [ 10.002374770977218, 53.505057655285825 ], [ 10.002376274998898, 53.505080501867305 ], [ 10.002368257824893, 53.505080685952954 ], [ 10.00235189224952, 53.505081074878277 ], [ 10.002350982665007, 53.505067446093143 ], [ 10.002350373377892, 53.505058237410147 ] ] ] } },
{ "type": "Feature", "properties": { "gebaeude_id": "DEHHALKAJ0000wfc", "dachneig": 0.0, "dachfl_2d": 258.026, "dachfl_3d": 258.026, "area_m2": 258.0, "expo_klasse": "sonnig", "schatten": 1.3, "solar_eignung": "Eignung 1 (geeignet, sehr hohe Einstrahlung)", "ertkwha_k": 3452.5, "pvarea_solar": 25.05, "schatten_klasse": "sonnig", "gruendach_eignung": "sehr gut geeignet" }, "geometry": { "type": "Polygon", "coordinates": [ [ [ 10.00243666577926, 53.504887009194775 ], [ 10.002450383959617, 53.505137392443665 ], [ 10.002591299022601, 53.505134646531957 ], [ 10.002577564938079, 53.504884263429389 ], [ 10.00243666577926, 53.504887009194775 ] ], [ [ 10.002496436568023, 53.504903056810193 ], [ 10.002480186572932, 53.504903229046462 ], [ 10.0024798817666, 53.50489286720984 ], [ 10.002496131757761, 53.504892694973677 ], [ 10.002496436568023, 53.504903056810193 ] ], [ [ 10.002497962997536, 53.504916626487159 ], [ 10.002498099844406, 53.504927538065317 ], [ 10.002481169132153, 53.504927617130768 ], [ 10.002481017214619, 53.504916705679001 ], [ 10.002497962997536, 53.504916626487159 ] ] ] } },
{ "type": "Feature", "properties": { "gebaeude_id": "DEHHALKAJ0000wfc", "dachneig": 0.0, "dachfl_2d": 272.766, "dachfl_3d": 272.766, "area_m2": 272.8, "expo_klasse": "sonnig", "schatten": 1.3, "solar_eignung": "Eignung 1 (geeignet, sehr hohe Einstrahlung)", "ertkwha_k": 3452.5, "pvarea_solar": 25.05, "schatten_klasse": "sonnig", "gruendach_eignung": "sehr gut geeignet" }, "geometry": { "type": "Polygon", "coordinates": [ [ [ 10.002307654300601, 53.504886185337604 ], [ 10.002307752552934, 53.504887793556549 ], [ 10.002307662314994, 53.504887803302218 ], [ 10.00206721445204, 53.504891661962681 ], [ 10.002073004401485, 53.505004174502432 ], [ 10.002438086316563, 53.504996421178632 ], [ 10.00243193996368, 53.504884181313578 ], [ 10.002307654300601, 53.504886185337604 ] ], [ [ 10.00237731272192, 53.504896334179207 ], [ 10.002377349616754, 53.504897897967233 ], [ 10.002359591911622, 53.504898073840991 ], [ 10.00235955501744, 53.504896510052916 ], [ 10.00237731272192, 53.504896334179207 ] ], [ [ 10.00241497587122, 53.504969117429681 ], [ 10.002414647947298, 53.504958414202449 ], [ 10.002432676391408, 53.504958209083021 ], [ 10.002433004319855, 53.504968912310218 ], [ 10.00241497587122, 53.504969117429681 ] ], [ [ 10.002390397823078, 53.50495693660244 ], [ 10.002371938564998, 53.504957415000014 ], [ 10.002371178141631, 53.504946913158854 ], [ 10.002389637395172, 53.504946434761372 ], [ 10.002390397823078, 53.50495693660244 ] ], [ [ 10.002378122601467, 53.504914044836397 ], [ 10.002378319293523, 53.504924937934597 ], [ 10.002360348830816, 53.504925043679997 ], [ 10.002360152355401, 53.504914159569005 ], [ 10.002378122601467, 53.504914044836397 ] ], [ [ 10.002336827307312, 53.504953169941658 ], [ 10.002318787818238, 53.504953545931478 ], [ 10.002318136346656, 53.504942548777827 ], [ 10.002336176043114, 53.504942181775384 ], [ 10.002336827307312, 53.504953169941658 ] ], [ [ 10.002263709549828, 53.504975986017406 ], [ 10.002281839287129, 53.504975600290145 ], [ 10.002282493082154, 53.504986696304172 ], [ 10.002264363128111, 53.504987073044241 ], [ 10.002263709549828, 53.504975986017406 ] ], [ [ 10.002371009777379, 53.504980039277399 ], [ 10.002389831906026, 53.504979602782385 ], [ 10.00239052819785, 53.504990581581659 ], [ 10.002371720927352, 53.504991008963088 ], [ 10.002371009777379, 53.504980039277399 ] ], [ [ 10.00233547246269, 53.504914276626302 ], [ 10.002336117556473, 53.504925642385118 ], [ 10.002317007753859, 53.504926027349491 ], [ 10.002316362665152, 53.50491466159059 ], [ 10.00233547246269, 53.504914276626302 ] ], [ [ 10.002176331776869, 53.504964448536839 ], [ 10.002199366637605, 53.504963626179247 ], [ 10.002200767051612, 53.504977610413029 ], [ 10.002177732183327, 53.504978432770891 ], [ 10.002176331776869, 53.504964448536839 ] ], [ [ 10.002227253058642, 53.50493389026218 ], [ 10.002224959759507, 53.504897395905537 ], [ 10.002286144088256, 53.504896028943342 ], [ 10.002288437439844, 53.504932523298578 ], [ 10.002227253058642, 53.50493389026218 ] ] ] } },
{ "type": "Feature", "properties": { "gebaeude_id": "DEHHALKAJ0000xRu", "dachneig": 0.0, "dachfl_2d": 160.738, "dachfl_3d": 160.738, "area_m2": 160.7, "expo_klasse": "sonnig", "schatten": 1.3, "solar_eignung": "Eignung 1 (geeignet, sehr hohe Einstrahlung)", "ertkwha_k": 31498.35, "pvarea_solar": 217.08, "schatten_klasse": "sonnig", "gruendach_eignung": "sehr gut geeignet" }, "geometry": { "type": "Polygon", "coordinates": [ [ [ 10.003302382579347, 53.505475056016969 ], [ 10.003302526514858, 53.505477320053423 ], [ 10.00330261483124, 53.505478505868815 ], [ 10.003179267654341, 53.505481374855052 ], [ 10.003189212335029, 53.505641359684084 ], [ 10.003238808861182, 53.505640260277843 ], [ 10.003238882100916, 53.505641446219784 ], [ 10.00323971915528, 53.50565518347549 ], [ 10.003282834609065, 53.50565419237887 ], [ 10.003281988832624, 53.505640724868563 ], [ 10.003281948713509, 53.505639664495583 ], [ 10.003321190659818, 53.505638741851726 ], [ 10.003310339309852, 53.505474863387178 ], [ 10.003302382579347, 53.505475056016969 ] ] ] } },
{ "type": "Feature", "properties": { "gebaeude_id": "DEHHALKAJ0000xRu", "dachneig": 0.0, "dachfl_2d": 72.203, "dachfl_3d": 72.203, "area_m2": 72.2, "expo_klasse": "sonnig", "schatten": 1.31, "solar_eignung": "Eignung 1 (geeignet, sehr hohe Einstrahlung)", "ertkwha_k": 26807.13, "pvarea_solar": 195.29, "schatten_klasse": "sonnig", "gruendach_eignung": "sehr gut geeignet" }, "geometry": { "type": "Polygon", "coordinates": [ [ [ 10.003301463604465, 53.505477643591959 ], [ 10.003295305018478, 53.505396910549216 ], [ 10.003173680891072, 53.505399944850033 ], [ 10.003180247558094, 53.505480090184193 ], [ 10.003301463604465, 53.505477643591959 ] ] ] } },
{ "type": "Feature", "properties": { "gebaeude_id": "DEHHALKAJ0000xRu", "dachneig": 0.0, "dachfl_2d": 19.15, "dachfl_3d": 19.15, "area_m2": 19.1, "expo_klasse": "sonnig", "schatten": 1.31, "solar_eignung": "Eignung 1 (geeignet, sehr hohe Einstrahlung)", "ertkwha_k": 26807.13, "pvarea_solar": 195.29, "schatten_klasse": "sonnig", "gruendach_eignung": "sehr gut geeignet" }, "geometry": { "type": "Polygon", "coordinates": [ [ [ 10.003310720102583, 53.505398408187666 ], [ 10.00330863535414, 53.505367593190115 ], [ 10.003308409045195, 53.505364394982152 ], [ 10.003301597622579, 53.505364560020972 ], [ 10.003301823930984, 53.505367758228921 ], [ 10.003217615159965, 53.505369786375276 ], [ 10.003217701351508, 53.505370882317919 ], [ 10.00322315664811, 53.505370755632505 ], [ 10.003223716879411, 53.505379155707153 ], [ 10.003218261581718, 53.505379282392603 ], [ 10.003219551030648, 53.505398130630589 ], [ 10.003297236131596, 53.505396319040813 ], [ 10.003297398537471, 53.505398726747352 ], [ 10.003310720102583, 53.505398408187666 ] ] ] } },
{ "type": "Feature", "properties": { "gebaeude_id": "DEHHALKA4Et00081", "dachneig": 0.0, "dachfl_2d": 1939.315, "dachfl_3d": 1939.315, "area_m2": 1939.3, "expo_klasse": "sonnig", "schatten": 1.31, "solar_eignung": "Eignung 1 (geeignet, sehr hohe Einstrahlung)", "ertkwha_k": 26807.13, "pvarea_solar": 195.29, "schatten_klasse": "sonnig", "gruendach_eignung": "sehr gut geeignet" }, "geometry": { "type": "Polygon", "coordinates": [ [ [ 10.000985923747658, 53.4989241861511 ], [ 10.000930934961263, 53.498851556482762 ], [ 10.000798204353098, 53.498887275824416 ], [ 10.00086400772191, 53.498974215493512 ], [ 10.000866107970417, 53.498976975530859 ], [ 10.000394958470467, 53.499218473958834 ], [ 10.000256254555829, 53.499122184221328 ], [ 10.000146075588484, 53.499179018212054 ], [ 10.00029101607308, 53.499280226842174 ], [ 10.000294844775174, 53.49927828012892 ], [ 10.000352248208102, 53.499318376400105 ], [ 10.000348211021546, 53.499320432728894 ], [ 10.000434385047889, 53.499380612466965 ], [ 10.00104882281445, 53.499068931804061 ], [ 10.001035043432084, 53.499058691792548 ], [ 10.001077496918441, 53.499037562495985 ], [ 10.001088121877572, 53.499050211026272 ], [ 10.001275645090988, 53.499000054378605 ], [ 10.001684912666654, 53.498889520489612 ], [ 10.001632154900625, 53.498818850038909 ], [ 10.001628281718471, 53.498820824135514 ], [ 10.001589471600187, 53.498770082421395 ], [ 10.001593732436415, 53.498767925296164 ], [ 10.001470619320665, 53.498606542272505 ], [ 10.001338354439611, 53.498642141459989 ], [ 10.001456067589462, 53.498797664038939 ], [ 10.000985923747658, 53.4989241861511 ] ], [ [ 10.000882786254335, 53.498924034059179 ], [ 10.000890996024827, 53.498921834903435 ], [ 10.000894808479272, 53.498926881805708 ], [ 10.000886598707991, 53.498929080961673 ], [ 10.000882786254335, 53.498924034059179 ] ], [ [ 10.001139507590901, 53.498982038989062 ], [ 10.001148618556996, 53.49897969743138 ], [ 10.001152467333302, 53.498985004704373 ], [ 10.00114337165094, 53.49898735512339 ], [ 10.001139507590901, 53.498982038989062 ] ], [ [ 10.00080118981543, 53.499074214559286 ], [ 10.000794485097545, 53.4990775876648 ], [ 10.000787402026331, 53.499072577132651 ], [ 10.000794106744001, 53.49906920402757 ], [ 10.00080118981543, 53.499074214559286 ] ], [ [ 10.001110751938988, 53.498944669551598 ], [ 10.001106812945977, 53.49893937202188 ], [ 10.001116221974835, 53.498936884145053 ], [ 10.001120175829925, 53.498942172560874 ], [ 10.001110751938988, 53.498944669551598 ] ], [ [ 10.001406067385584, 53.498847190259411 ], [ 10.001400771245443, 53.498840600693654 ], [ 10.001408887782295, 53.498838285425322 ], [ 10.001414183711582, 53.498844866003402 ], [ 10.001406067385584, 53.498847190259411 ] ], [ [ 10.000913025512416, 53.498916230023291 ], [ 10.000923401963718, 53.498913850918584 ], [ 10.000927047941387, 53.49891951047082 ], [ 10.000916656416063, 53.498921889702103 ], [ 10.000913025512416, 53.498916230023291 ] ], [ [ 10.000253423605734, 53.499195981228866 ], [ 10.000260053811077, 53.499200968614865 ], [ 10.000251510284384, 53.499205004290538 ], [ 10.000244880290948, 53.499200025891369 ], [ 10.000253423605734, 53.499195981228866 ] ], [ [ 10.001422221664082, 53.498854569784221 ], [ 10.001412629891297, 53.498856978314684 ], [ 10.001407201977283, 53.498849275208045 ], [ 10.001416778675827, 53.498846866804307 ], [ 10.001422221664082, 53.498854569784221 ] ], [ [ 10.000570982530206, 53.499191462647559 ], [ 10.000560903822048, 53.499196886524508 ], [ 10.000552741265963, 53.499191489495601 ], [ 10.000562820185554, 53.499186074606655 ], [ 10.000570982530206, 53.499191462647559 ] ], [ [ 10.001354666529044, 53.498878866902672 ], [ 10.00134211425047, 53.498882315994422 ], [ 10.001336997931229, 53.498875679974091 ], [ 10.001349550208277, 53.498872230882924 ], [ 10.001354666529044, 53.498878866902672 ] ], [ [ 10.000849999944178, 53.499105339536406 ], [ 10.000858614453627, 53.499111361995901 ], [ 10.000848216094345, 53.499116653737779 ], [ 10.000839586512328, 53.499110631403767 ], [ 10.000849999944178, 53.499105339536406 ] ], [ [ 10.001457508394138, 53.498728939485972 ], [ 10.00145201532616, 53.498721030178451 ], [ 10.0014646955436, 53.498717894620533 ], [ 10.001470188613515, 53.498725803927471 ], [ 10.001457508394138, 53.498728939485972 ] ], [ [ 10.001478188956757, 53.498891279681473 ], [ 10.001483884777004, 53.498899474939272 ], [ 10.001470934677972, 53.498902675683659 ], [ 10.001465238859749, 53.498894480425221 ], [ 10.001478188956757, 53.498891279681473 ] ], [ [ 10.000535639443306, 53.499273846707432 ], [ 10.000526533983276, 53.499266821558294 ], [ 10.000538122340179, 53.499261483927469 ], [ 10.000547227800988, 53.499268509075726 ], [ 10.000535639443306, 53.499273846707432 ] ], [ [ 10.000891433622206, 53.498933373209269 ], [ 10.000892178375857, 53.4989329894319 ], [ 10.000896632883027, 53.498930731830264 ], [ 10.000930233400755, 53.498954262520492 ], [ 10.000925034139193, 53.498956903900947 ], [ 10.000891433622206, 53.498933373209269 ] ], [ [ 10.001586543526717, 53.498772498050791 ], [ 10.001597379033008, 53.498787679691311 ], [ 10.00157235208335, 53.498794028941063 ], [ 10.00156483766632, 53.498783511766689 ], [ 10.00156151637252, 53.49877883831099 ], [ 10.001586543526717, 53.498772498050791 ] ], [ [ 10.000392052963745, 53.499250670166504 ], [ 10.000373602577179, 53.499237331986706 ], [ 10.000394690724175, 53.49922695289505 ], [ 10.000413156397332, 53.499240299932723 ], [ 10.000392052963745, 53.499250670166504 ] ], [ [ 10.001019288459375, 53.49901898416428 ], [ 10.000998195446023, 53.499029785894649 ], [ 10.000979450918377, 53.499016764888381 ], [ 10.001000559214756, 53.499005972022353 ], [ 10.001019288459375, 53.49901898416428 ] ], [ [ 10.001414732619406, 53.498842569190842 ], [ 10.001411708522635, 53.498838351683887 ], [ 10.001507990060668, 53.498813714963205 ], [ 10.001511029449842, 53.498817941328674 ], [ 10.001414732619406, 53.498842569190842 ] ], [ [ 10.001518937871831, 53.498828545095812 ], [ 10.001424119432434, 53.49885321451255 ], [ 10.001419570330002, 53.49884697825177 ], [ 10.001514253949892, 53.498822345924538 ], [ 10.001514373685405, 53.498822308965003 ], [ 10.001518937871831, 53.498828545095812 ] ], [ [ 10.000410454401761, 53.499268332496968 ], [ 10.000382716829909, 53.499282515686026 ], [ 10.000342406901567, 53.499254474545872 ], [ 10.000370129607413, 53.499240300479599 ], [ 10.000410454401761, 53.499268332496968 ] ], [ [ 10.001581385573308, 53.498814628116179 ], [ 10.001548928017129, 53.498822972275818 ], [ 10.001523495237038, 53.498787795394058 ], [ 10.001554334438161, 53.498779869310042 ], [ 10.001555937698711, 53.498779451367696 ], [ 10.001581385573308, 53.498814628116179 ] ], [ [ 10.000936302992908, 53.498952728496711 ], [ 10.000977272799792, 53.498981258311311 ], [ 10.000949460663815, 53.498995460236571 ], [ 10.00090849064998, 53.498966921425158 ], [ 10.000936302992908, 53.498952728496711 ] ] ] } },
{ "type": "Feature", "properties": { "gebaeude_id": "DEHHALKAJ00059WZ", "dachneig": 6.696, "dachfl_2d": 248.303, "dachfl_3d": 250.009, "area_m2": 248.3, "expo_klasse": "sonnig", "schatten": 1.31, "solar_eignung": "Eignung 1 (geeignet, sehr hohe Einstrahlung)", "ertkwha_k": 26807.13, "pvarea_solar": 195.29, "schatten_klasse": "sonnig", "gruendach_eignung": "sehr gut geeignet" }, "geometry": { "type": "Polygon", "coordinates": [ [ [ 10.000288842284087, 53.505707509236423 ], [ 10.000233222151028, 53.505272157905047 ], [ 10.000156390742131, 53.505275641315812 ], [ 10.000212028554021, 53.505711136356773 ], [ 10.000288842284087, 53.505707509236423 ] ] ] } },
{ "type": "Feature", "properties": { "gebaeude_id": "DEHHALKAJ0000xTU", "dachneig": 10.287, "dachfl_2d": 366.417, "dachfl_3d": 372.479, "area_m2": 366.4, "expo_klasse": "sonnig", "schatten": 1.36, "solar_eignung": "Eignung 3 (geeignet, mittlere Einstrahlung)", "ertkwha_k": 7655.87, "pvarea_solar": 58.49, "schatten_klasse": "sonnig", "gruendach_eignung": "sehr gut geeignet" }, "geometry": { "type": "Polygon", "coordinates": [ [ [ 10.002200724750214, 53.504434419497244 ], [ 10.002142685574485, 53.504435499367695 ], [ 10.002143598870225, 53.50444417514889 ], [ 10.002191179327404, 53.504442679576876 ], [ 10.00219178046744, 53.504452823192679 ], [ 10.002140572074936, 53.504453926693984 ], [ 10.002132469988343, 53.504451145084303 ], [ 10.00212744404098, 53.504447735417962 ], [ 10.002126062065161, 53.504435809523876 ], [ 10.002040984998295, 53.5044373856853 ], [ 10.002045596953144, 53.504525529762169 ], [ 10.002046315963716, 53.504539393863652 ], [ 10.00204689643436, 53.504550580384787 ], [ 10.002046950960308, 53.504551613670294 ], [ 10.002050912444608, 53.504627520090509 ], [ 10.002052092917934, 53.504650081739079 ], [ 10.002057537871604, 53.50475436319168 ], [ 10.002215455169702, 53.50475143024407 ], [ 10.002201577202475, 53.504452660154598 ], [ 10.002200724750214, 53.504434419497244 ] ] ] } },
{ "type": "Feature", "properties": { "gebaeude_id": "DEHHALKAJ0000xTU", "dachneig": 10.553, "dachfl_2d": 359.361, "dachfl_3d": 365.568, "area_m2": 359.4, "expo_klasse": "sonnig", "schatten": 1.4, "solar_eignung": "Eignung 1 (geeignet, sehr hohe Einstrahlung)", "ertkwha_k": 54708.84, "pvarea_solar": 402.88, "schatten_klasse": "sonnig", "gruendach_eignung": "sehr gut geeignet" }, "geometry": { "type": "Polygon", "coordinates": [ [ [ 10.002201577202475, 53.504452660154598 ], [ 10.002215455169702, 53.50475143024407 ], [ 10.002371126913408, 53.504748542885082 ], [ 10.002368276301063, 53.504694182939836 ], [ 10.002363287986707, 53.50469428769258 ], [ 10.002357028001818, 53.504597671768821 ], [ 10.002364065641236, 53.504597513875545 ], [ 10.002355400607319, 53.504431549492871 ], [ 10.002200724750214, 53.504434419497244 ], [ 10.002201577202475, 53.504452660154598 ] ] ] } },
{ "type": "Feature", "properties": { "gebaeude_id": "DEHHALKAJ0000xTU", "dachneig": 11.249, "dachfl_2d": 63.542, "dachfl_3d": 64.786, "area_m2": 63.5, "expo_klasse": "sonnig", "schatten": 1.4, "solar_eignung": "Eignung 1 (geeignet, sehr hohe Einstrahlung)", "ertkwha_k": 54708.84, "pvarea_solar": 402.88, "schatten_klasse": "sonnig", "gruendach_eignung": "sehr gut geeignet" }, "geometry": { "type": "Polygon", "coordinates": [ [ [ 10.002446030165579, 53.504595648970245 ], [ 10.002357028001818, 53.504597671768821 ], [ 10.002363287986707, 53.50469428769258 ], [ 10.002368276301063, 53.504694182939836 ], [ 10.002386962416812, 53.504693738596309 ], [ 10.002452289716288, 53.504692237926612 ], [ 10.002446030165579, 53.504595648970245 ] ] ] } },
{ "type": "Feature", "properties": { "gebaeude_id": "DEHHALKAJ0000xTU", "dachneig": 0.0, "dachfl_2d": 39.328, "dachfl_3d": 39.328, "area_m2": 39.3, "expo_klasse": "sonnig", "schatten": 1.4, "solar_eignung": "Eignung 1 (geeignet, sehr hohe Einstrahlung)", "ertkwha_k": 54708.84, "pvarea_solar": 402.88, "schatten_klasse": "sonnig", "gruendach_eignung": "sehr gut geeignet" }, "geometry": { "type": "Polygon", "coordinates": [ [ [ 10.002018705378296, 53.504539903975456 ], [ 10.002017971301843, 53.50452604000013 ], [ 10.002045596953144, 53.504525529762169 ], [ 10.002040984998295, 53.5044373856853 ], [ 10.001988960459196, 53.504438406072637 ], [ 10.001989101936752, 53.504441847698999 ], [ 10.00199451931203, 53.504551361024795 ], [ 10.00204689643436, 53.504550580384787 ], [ 10.002046315963716, 53.504539393863652 ], [ 10.002018705378296, 53.504539903975456 ] ], [ [ 10.002020053692789, 53.504501176765977 ], [ 10.002019935437671, 53.504490408856206 ], [ 10.002038268362327, 53.504490336079179 ], [ 10.002038371547235, 53.504501104115313 ], [ 10.002020053692789, 53.504501176765977 ] ] ] } },
{ "type": "Feature", "properties": { "gebaeude_id": "DEHHALKAJ0000xTU", "dachneig": 0.0, "dachfl_2d": 18.743, "dachfl_3d": 18.743, "area_m2": 18.7, "expo_klasse": "sonnig", "schatten": 1.4, "solar_eignung": "Eignung 1 (geeignet, sehr hohe Einstrahlung)", "ertkwha_k": 54708.84, "pvarea_solar": 402.88, "schatten_klasse": "sonnig", "gruendach_eignung": "sehr gut geeignet" }, "geometry": { "type": "Polygon", "coordinates": [ [ [ 10.002046950960308, 53.504551613670294 ], [ 10.002013520406743, 53.504552127623015 ], [ 10.002017529599625, 53.504628141513017 ], [ 10.002021282401481, 53.504628074098655 ], [ 10.002050912444608, 53.504627520090509 ], [ 10.002046950960308, 53.504551613670294 ] ] ] } },
{ "type": "Feature", "properties": { "gebaeude_id": "DEHHALKAJ0000wnt", "dachneig": 2.145, "dachfl_2d": 233.556, "dachfl_3d": 233.714, "area_m2": 233.6, "expo_klasse": "sonnig", "schatten": 1.4, "solar_eignung": "Eignung 1 (geeignet, sehr hohe Einstrahlung)", "ertkwha_k": 54708.84, "pvarea_solar": 402.88, "schatten_klasse": "sonnig", "gruendach_eignung": "sehr gut geeignet" }, "geometry": { "type": "Polygon", "coordinates": [ [ [ 10.002359049491362, 53.504882752032401 ], [ 10.002359396216066, 53.504882749124981 ], [ 10.002431091388889, 53.5048814467646 ], [ 10.002434422324738, 53.504881391864203 ], [ 10.002558732177887, 53.504879135811528 ], [ 10.002552001066514, 53.504749156437306 ], [ 10.002390860505079, 53.504752871940461 ], [ 10.002368871891047, 53.504753299032281 ], [ 10.002368594959668, 53.504748591083924 ], [ 10.002300155983679, 53.504749857115733 ], [ 10.00230741068402, 53.504882250169572 ], [ 10.002307504907868, 53.504883687630013 ], [ 10.002325816777343, 53.504883354303132 ], [ 10.002359049491362, 53.504882752032401 ] ], [ [ 10.002431685060522, 53.504769213298999 ], [ 10.00243229381981, 53.504782233350454 ], [ 10.002409067772819, 53.504782616892328 ], [ 10.002408474095605, 53.504769596714311 ], [ 10.002431685060522, 53.504769213298999 ] ], [ [ 10.002393378620082, 53.504855766639274 ], [ 10.002394164008177, 53.504869243651868 ], [ 10.002371678707719, 53.5048697108653 ], [ 10.002370893326743, 53.504856233852514 ], [ 10.002393378620082, 53.504855766639274 ] ], [ [ 10.002316130890295, 53.504828782000409 ], [ 10.002315210913308, 53.504815351061104 ], [ 10.002338372438773, 53.504814788297296 ], [ 10.002339292211035, 53.50482821024908 ], [ 10.002316130890295, 53.504828782000409 ] ], [ [ 10.002329157830419, 53.504788500633424 ], [ 10.002328629607957, 53.504774419196508 ], [ 10.00235199281013, 53.50477409744358 ], [ 10.002352536327331, 53.504788187741291 ], [ 10.002329157830419, 53.504788500633424 ] ] ] } },
{ "type": "Feature", "properties": { "gebaeude_id": "DEHHALKAJ00059aE", "dachneig": 3.264, "dachfl_2d": 68.71, "dachfl_3d": 68.822, "area_m2": 68.7, "expo_klasse": "sonnig", "schatten": 1.41, "solar_eignung": "Eignung 1 (geeignet, sehr hohe Einstrahlung)", "ertkwha_k": 30535.95, "pvarea_solar": 222.75, "schatten_klasse": "sonnig", "gruendach_eignung": "sehr gut geeignet" }, "geometry": { "type": "Polygon", "coordinates": [ [ [ 10.002552001066514, 53.504749156437306 ], [ 10.002548326050563, 53.504692457263516 ], [ 10.002452452707205, 53.504694672596649 ], [ 10.002452289716288, 53.504692237926612 ], [ 10.002386962416812, 53.504693738596309 ], [ 10.002390860505079, 53.504752871940461 ], [ 10.002552001066514, 53.504749156437306 ] ] ] } },
{ "type": "Feature", "properties": { "gebaeude_id": "DEHHALKAJ0000wez", "dachneig": 21.608, "dachfl_2d": 14.096, "dachfl_3d": 15.125, "area_m2": 14.1, "expo_klasse": "sonnig", "schatten": 1.41, "solar_eignung": "Eignung 1 (geeignet, sehr hohe Einstrahlung)", "ertkwha_k": 30535.95, "pvarea_solar": 222.75, "schatten_klasse": "sonnig", "gruendach_eignung": "sehr gut geeignet" }, "geometry": { "type": "Polygon", "coordinates": [ [ [ 10.006924408965103, 53.503518980064122 ], [ 10.00691634144539, 53.503483307474376 ], [ 10.006877980758849, 53.503466614292812 ], [ 10.006893688615049, 53.503541567692537 ], [ 10.006924408965103, 53.503518980064122 ] ], [ [ 10.006901775794768, 53.503493452983939 ], [ 10.006902018785214, 53.503494799297819 ], [ 10.006894431260632, 53.503495285697596 ], [ 10.006893597999309, 53.503490663344778 ], [ 10.006898987418932, 53.503490312318725 ], [ 10.00690117044859, 53.503490177072031 ], [ 10.006901775794768, 53.503493452983939 ] ] ] } },
{ "type": "Feature", "properties": { "gebaeude_id": "DEHHALKAJ0000wez", "dachneig": 21.527, "dachfl_2d": 14.129, "dachfl_3d": 15.167, "area_m2": 14.1, "expo_klasse": "sonnig", "schatten": 1.44, "solar_eignung": "Eignung 1 (geeignet, sehr hohe Einstrahlung)", "ertkwha_k": 70820.5, "pvarea_solar": 514.21, "schatten_klasse": "sonnig", "gruendach_eignung": "sehr gut geeignet" }, "geometry": { "type": "Polygon", "coordinates": [ [ [ 10.006962465032492, 53.503535540960918 ], [ 10.006947346974718, 53.503461939951045 ], [ 10.00691634144539, 53.503483307474376 ], [ 10.006924408965103, 53.503518980064122 ], [ 10.006962465032492, 53.503535540960918 ] ] ] } },
{ "type": "Feature", "properties": { "gebaeude_id": "DEHHALKAJ0000wez", "dachneig": 0.0, "dachfl_2d": 233.707, "dachfl_3d": 233.707, "area_m2": 233.7, "expo_klasse": "sonnig", "schatten": 1.46, "solar_eignung": "Eignung 1 (geeignet, sehr hohe Einstrahlung)", "ertkwha_k": 25027.47, "pvarea_solar": 185.42, "schatten_klasse": "sonnig", "gruendach_eignung": "sehr gut geeignet" }, "geometry": { "type": "Polygon", "coordinates": [ [ [ 10.006889706301919, 53.503460052381847 ], [ 10.00693380333442, 53.503456678575894 ], [ 10.0069207702994, 53.503397253742165 ], [ 10.00693152956713, 53.503396363081627 ], [ 10.00680748998386, 53.502786276856682 ], [ 10.006760174308029, 53.50278931816483 ], [ 10.006885456496112, 53.503401605280679 ], [ 10.006877043727332, 53.503402260434072 ], [ 10.006889706301919, 53.503460052381847 ] ] ] } },
{ "type": "Feature", "properties": { "gebaeude_id": "20211007143812_3", "dachneig": 0.0, "dachfl_2d": 13.992, "dachfl_3d": 13.992, "area_m2": 14.0, "expo_klasse": "sonnig", "schatten": 1.46, "solar_eignung": "Eignung 1 (geeignet, sehr hohe Einstrahlung)", "ertkwha_k": 7295.08, "pvarea_solar": 47.99, "schatten_klasse": "sonnig", "gruendach_eignung": "sehr gut geeignet" }, "geometry": { "type": "Polygon", "coordinates": [ [ [ 10.003118194883386, 53.499154211274998 ], [ 10.003189945872844, 53.499129500402361 ], [ 10.003170738780186, 53.499109687878963 ], [ 10.003099002885664, 53.499134398613556 ], [ 10.003118194883386, 53.499154211274998 ] ] ] } },
{ "type": "Feature", "properties": { "gebaeude_id": "20211007143813_86", "dachneig": 0.0, "dachfl_2d": 17.402, "dachfl_3d": 17.402, "area_m2": 17.4, "expo_klasse": "sonnig", "schatten": 1.46, "solar_eignung": "Eignung 1 (geeignet, sehr hohe Einstrahlung)", "ertkwha_k": 25027.47, "pvarea_solar": 185.42, "schatten_klasse": "sonnig", "gruendach_eignung": "sehr gut geeignet" }, "geometry": { "type": "Polygon", "coordinates": [ [ [ 10.003065869283576, 53.499102603650684 ], [ 10.003088527985099, 53.49912494012213 ], [ 10.003165812453714, 53.499097063617612 ], [ 10.003143168799753, 53.499074727034348 ], [ 10.003065869283576, 53.499102603650684 ] ] ] } },
{ "type": "Feature", "properties": { "gebaeude_id": "DEHHALKAJ0000wHD", "dachneig": 0.0, "dachfl_2d": 75.507, "dachfl_3d": 75.507, "area_m2": 75.5, "expo_klasse": "sonnig", "schatten": 1.46, "solar_eignung": "Eignung 1 (geeignet, sehr hohe Einstrahlung)", "ertkwha_k": 7295.08, "pvarea_solar": 47.99, "schatten_klasse": "sonnig", "gruendach_eignung": "sehr gut geeignet" }, "geometry": { "type": "Polygon", "coordinates": [ [ [ 10.0039442244786, 53.500245570291867 ], [ 10.003213450565978, 53.500254114947964 ], [ 10.003214046946441, 53.500267881202639 ], [ 10.00394462089792, 53.5002597966661 ], [ 10.0039442244786, 53.500245570291867 ] ] ] } },
{ "type": "Feature", "properties": { "gebaeude_id": "DEHHALKAJ0000wHD", "dachneig": 0.0, "dachfl_2d": 137.737, "dachfl_3d": 137.737, "area_m2": 137.7, "expo_klasse": "sonnig", "schatten": 1.48, "solar_eignung": "Eignung 1 (geeignet, sehr hohe Einstrahlung)", "ertkwha_k": 117988.28, "pvarea_solar": 863.7, "schatten_klasse": "sonnig", "gruendach_eignung": "sehr gut geeignet" }, "geometry": { "type": "Polygon", "coordinates": [ [ [ 10.00321481174775, 53.500292612712968 ], [ 10.003214476186052, 53.500317991682707 ], [ 10.003947196723999, 53.500310113844343 ], [ 10.003946471405257, 53.500284519054453 ], [ 10.00321481174775, 53.500292612712968 ] ] ] } },
{ "type": "Feature", "properties": { "gebaeude_id": "DEHHALKAJ0000wHD", "dachneig": 0.0, "dachfl_2d": 246.717, "dachfl_3d": 246.717, "area_m2": 246.7, "expo_klasse": "sonnig", "schatten": 1.48, "solar_eignung": "Eignung 1 (geeignet, sehr hohe Einstrahlung)", "ertkwha_k": 117988.28, "pvarea_solar": 863.7, "schatten_klasse": "sonnig", "gruendach_eignung": "sehr gut geeignet" }, "geometry": { "type": "Polygon", "coordinates": [ [ [ 10.003216184281904, 53.500228140549623 ], [ 10.00394124665535, 53.500219715759314 ], [ 10.003939960159432, 53.500174196905604 ], [ 10.003214856542066, 53.500181480424985 ], [ 10.003216184281904, 53.500228140549623 ] ] ] } },
{ "type": "Feature", "properties": { "gebaeude_id": "DEHHALKAJ0000thy", "dachneig": 0.0, "dachfl_2d": 2017.573, "dachfl_3d": 2017.573, "area_m2": 2017.6, "expo_klasse": "sonnig", "schatten": 1.5, "solar_eignung": "Eignung 1 (geeignet, sehr hohe Einstrahlung)", "ertkwha_k": 25909.63, "pvarea_solar": 182.72, "schatten_klasse": "sonnig", "gruendach_eignung": "sehr gut geeignet" }, "geometry": { "type": "Polygon", "coordinates": [ [ [ 10.003127918419093, 53.499628707854015 ], [ 10.003201448933055, 53.49967295521045 ], [ 10.003204680738429, 53.499781111591112 ], [ 10.003198094185917, 53.49978118484951 ], [ 10.003204855434166, 53.499999886200811 ], [ 10.003932626041241, 53.499992031996605 ], [ 10.003926345838474, 53.499807889622957 ], [ 10.003897442061493, 53.499808411042338 ], [ 10.003854839735078, 53.499809173347913 ], [ 10.003854616815055, 53.499804842486185 ], [ 10.003822153433369, 53.499805294902359 ], [ 10.003820096648434, 53.499752690134088 ], [ 10.00374508729171, 53.499753733542008 ], [ 10.003744956944459, 53.499750130017745 ], [ 10.003737557531336, 53.499560693474621 ], [ 10.003737556045333, 53.499560630563572 ], [ 10.003737549252193, 53.499560342970234 ], [ 10.003737402984095, 53.499556703623291 ], [ 10.003813421678103, 53.4995556427533 ], [ 10.003812174417606, 53.499523903815955 ], [ 10.003844697027613, 53.49952341494798 ], [ 10.003844645009746, 53.499519298388606 ], [ 10.003884924094827, 53.499519121909323 ], [ 10.003888165231107, 53.499519112666334 ], [ 10.003916490091402, 53.499518982640886 ], [ 10.003909606238581, 53.499317577309363 ], [ 10.003909601142899, 53.499317361614395 ], [ 10.00311783568805, 53.499326759576235 ], [ 10.003124858833969, 53.499531031284512 ], [ 10.003124869017451, 53.499531462674589 ], [ 10.00312594466698, 53.499562340106245 ], [ 10.003127918419093, 53.499628707854015 ] ], [ [ 10.003735900081468, 53.499596474920686 ], [ 10.003734321650221, 53.49959730618113 ], [ 10.003732532833141, 53.499597527951195 ], [ 10.003730776922906, 53.499597228078585 ], [ 10.003729308251732, 53.499596323525886 ], [ 10.003728887055782, 53.499595086570515 ], [ 10.0037294655673, 53.499594047968991 ], [ 10.003730774593185, 53.499593299872522 ], [ 10.003732832815389, 53.499592994938546 ], [ 10.003734832230286, 53.499593391646179 ], [ 10.003736042323563, 53.499594199490339 ], [ 10.003736489632484, 53.499595265433996 ], [ 10.003735900081468, 53.499596474920686 ] ], [ [ 10.003728186021553, 53.499614553803703 ], [ 10.003730318336654, 53.49961419431316 ], [ 10.003732495870183, 53.499614472667083 ], [ 10.003734144994795, 53.499615357726285 ], [ 10.003734404421998, 53.49961549038386 ], [ 10.003735087592935, 53.499616967844339 ], [ 10.003734544959215, 53.499618248849607 ], [ 10.003733060574671, 53.499619232134577 ], [ 10.003730944606167, 53.499619645422364 ], [ 10.003730614271371, 53.499619702130758 ], [ 10.003728132940189, 53.499619327448038 ], [ 10.003726543258834, 53.499618405933298 ], [ 10.00372585010985, 53.499617144294376 ], [ 10.003726387649035, 53.499615647594155 ], [ 10.003726625422278, 53.499615501772311 ], [ 10.003728186021553, 53.499614553803703 ] ], [ [ 10.003705545223067, 53.499682359741648 ], [ 10.003707405373717, 53.499683243029125 ], [ 10.003708371113383, 53.499684556313639 ], [ 10.003708102978704, 53.499685969849857 ], [ 10.003708062854001, 53.499686185924595 ], [ 10.003706344513805, 53.499687476802308 ], [ 10.003704110503902, 53.499687998949696 ], [ 10.00370173977562, 53.49968783907547 ], [ 10.003699820181449, 53.499686992243298 ], [ 10.003699515534505, 53.499686859965323 ], [ 10.003698499480929, 53.499685331365448 ], [ 10.003698858054776, 53.499683917069824 ], [ 10.003700278328798, 53.499682772520295 ], [ 10.003702465845397, 53.499682196828942 ], [ 10.00370281061703, 53.499682113032186 ], [ 10.003705545223067, 53.499682359741648 ] ], [ [ 10.003538765351239, 53.499623937806334 ], [ 10.003539911340107, 53.49962266971454 ], [ 10.003541973601529, 53.499621897318008 ], [ 10.003544398462928, 53.499621796057809 ], [ 10.003546918428725, 53.499622529982958 ], [ 10.003547118836412, 53.499622717070928 ], [ 10.003548399194989, 53.499623946813514 ], [ 10.003548478585984, 53.499625393387959 ], [ 10.003547423672773, 53.499626687682458 ], [ 10.003545407691764, 53.499627504635825 ], [ 10.003545093915504, 53.499627624128188 ], [ 10.003542291164607, 53.499627683615756 ], [ 10.003540164373064, 53.499627000323962 ], [ 10.003538794424918, 53.499625807289718 ], [ 10.003538624595567, 53.499624361474567 ], [ 10.003538589143227, 53.499624137045366 ], [ 10.003538765351239, 53.499623937806334 ] ], [ [ 10.003548476662813, 53.499664891396748 ], [ 10.003550323858784, 53.499665864686229 ], [ 10.003551185567042, 53.499667241768918 ], [ 10.003550767332626, 53.499668683532228 ], [ 10.003550712346279, 53.499668908720736 ], [ 10.003548827560765, 53.499670174026392 ], [ 10.003546486552114, 53.49967063414568 ], [ 10.003544068483505, 53.499670384775001 ], [ 10.003542177129301, 53.49966945680157 ], [ 10.003541872270722, 53.499669315535911 ], [ 10.003540989971247, 53.499667704910117 ], [ 10.003541483783886, 53.499666271501383 ], [ 10.003543055217369, 53.499665143662781 ], [ 10.003545709577795, 53.499664546076602 ], [ 10.003546072606412, 53.499664596963157 ], [ 10.003548476662813, 53.499664891396748 ] ], [ [ 10.003244081276767, 53.499656228289822 ], [ 10.003243097508367, 53.499654789305929 ], [ 10.003243438053451, 53.499653249315962 ], [ 10.003244960880156, 53.499651978064115 ], [ 10.003247342866832, 53.499651337825334 ], [ 10.003247717360981, 53.499651235802261 ], [ 10.003248110111016, 53.499651268462074 ], [ 10.003250708205702, 53.499651480371398 ], [ 10.003252765993723, 53.499652433919735 ], [ 10.003253839776825, 53.499653854169885 ], [ 10.003253550392632, 53.499655645424525 ], [ 10.003253298605323, 53.499655836308413 ], [ 10.003251699352194, 53.4996570632565 ], [ 10.003249285945902, 53.499657649824606 ], [ 10.003246689336153, 53.499657500826345 ], [ 10.003244557243244, 53.499656592846954 ], [ 10.003244237312636, 53.499656451707033 ], [ 10.003244081276767, 53.499656228289822 ] ], [ [ 10.003480371499373, 53.499677391676727 ], [ 10.003480333878512, 53.499683459617678 ], [ 10.003468784883784, 53.499683430726662 ], [ 10.00346883757949, 53.499677362659178 ], [ 10.003480371499373, 53.499677391676727 ] ], [ [ 10.003212154883586, 53.499486566793806 ], [ 10.003200704876415, 53.499486258384927 ], [ 10.003201242512466, 53.499479017667802 ], [ 10.003212692305501, 53.499479317089339 ], [ 10.003212154883586, 53.499486566793806 ] ], [ [ 10.003454064776198, 53.499740005688892 ], [ 10.003441933855221, 53.499740233374546 ], [ 10.003441536922367, 53.499732362277797 ], [ 10.003453652767917, 53.499732134718755 ], [ 10.003454064776198, 53.499740005688892 ] ], [ [ 10.003270514608648, 53.499643026201994 ], [ 10.003270453136729, 53.499635314092359 ], [ 10.003283221980357, 53.499635287818258 ], [ 10.003283283454611, 53.499642999927893 ], [ 10.003270514608648, 53.499643026201994 ] ], [ [ 10.003217867619762, 53.499609129819014 ], [ 10.003217007113635, 53.499598224305245 ], [ 10.003236261634822, 53.499597685158633 ], [ 10.003237122145874, 53.499608590672189 ], [ 10.003217867619762, 53.499609129819014 ] ], [ [ 10.003235851678298, 53.499582236380924 ], [ 10.003217055094574, 53.499582376164796 ], [ 10.003216804948046, 53.499571141921571 ], [ 10.003235616387737, 53.499570993023994 ], [ 10.003235851678298, 53.499582236380924 ] ], [ [ 10.003558135843098, 53.499653205404798 ], [ 10.003532966476858, 53.49965417180362 ], [ 10.003531288571518, 53.499638661759398 ], [ 10.003556457928635, 53.499637695360981 ], [ 10.003558135843098, 53.499653205404798 ] ], [ [ 10.003535501218307, 53.499740436646505 ], [ 10.003533823095987, 53.499724917615282 ], [ 10.003558992716354, 53.49972396020334 ], [ 10.003560670635558, 53.499739470246915 ], [ 10.003535501218307, 53.499740436646505 ] ], [ [ 10.003529455648042, 53.499595520601922 ], [ 10.003554640052748, 53.499594554077476 ], [ 10.003556303103775, 53.499610073235282 ], [ 10.003531133550764, 53.499611030646335 ], [ 10.003529455648042, 53.499595520601922 ] ], [ [ 10.003559547599972, 53.499696386053891 ], [ 10.003534378208199, 53.499697352453069 ], [ 10.00353270008822, 53.499681833421704 ], [ 10.003557869470836, 53.49968086702291 ], [ 10.003559547599972, 53.499696386053891 ] ], [ [ 10.003472055594944, 53.499676373812491 ], [ 10.003468978562724, 53.499675033305337 ], [ 10.003467821973386, 53.499673937358949 ], [ 10.003467188274749, 53.49967263926316 ], [ 10.003467201447494, 53.499671281802364 ], [ 10.00346782030458, 53.499670036114729 ], [ 10.003470190408777, 53.499668254358845 ], [ 10.003473666364643, 53.499667335259225 ], [ 10.003467243300319, 53.499667308280181 ], [ 10.003466037237555, 53.499667309416161 ], [ 10.003465491316387, 53.499653129240045 ], [ 10.003465133666943, 53.499643729670872 ], [ 10.003480898244137, 53.499643516422779 ], [ 10.003481255897038, 53.499652915991874 ], [ 10.003481801823451, 53.499667096167933 ], [ 10.003475851119832, 53.499667280961511 ], [ 10.003478044788757, 53.499667604130003 ], [ 10.003480005776902, 53.499668288814874 ], [ 10.003481505652747, 53.499669238053976 ], [ 10.003482912321578, 53.499671347666172 ], [ 10.003482513397946, 53.499673607272861 ], [ 10.003481500305204, 53.499674757390466 ], [ 10.003479925261805, 53.499675732444281 ], [ 10.003477950888644, 53.499676396232942 ], [ 10.003475832367986, 53.499676701668747 ], [ 10.003472055594944, 53.499676373812491 ] ], [ [ 10.003168269569029, 53.499614975488157 ], [ 10.003167332549333, 53.499596357990725 ], [ 10.003198813270462, 53.499595797141232 ], [ 10.003199750303933, 53.499614414638408 ], [ 10.003168269569029, 53.499614975488157 ] ], [ [ 10.003417435853232, 53.499823264358675 ], [ 10.003417887278816, 53.499838550983895 ], [ 10.003358471509998, 53.499839166604616 ], [ 10.003358020105759, 53.499823879979076 ], [ 10.003417435853232, 53.499823264358675 ] ], [ [ 10.003709858164649, 53.499511351327456 ], [ 10.003709737609764, 53.499496034956486 ], [ 10.003769344170662, 53.499495858021788 ], [ 10.003769479820122, 53.499511174265962 ], [ 10.003709858164649, 53.499511351327456 ] ], [ [ 10.003719497815711, 53.49983457143253 ], [ 10.003719466208031, 53.499819191391964 ], [ 10.00377900125293, 53.499819158879831 ], [ 10.003779032882143, 53.499834538920268 ], [ 10.003719497815711, 53.49983457143253 ] ], [ [ 10.003408538643166, 53.499515427300281 ], [ 10.003348650543129, 53.499515813166958 ], [ 10.003348373658175, 53.49950025540344 ], [ 10.003408261736279, 53.499499869536983 ], [ 10.003408538643166, 53.499515427300281 ] ], [ [ 10.003354929097322, 53.499839187351256 ], [ 10.003277451608191, 53.499839783751078 ], [ 10.003277112755397, 53.499824154595849 ], [ 10.003354590428218, 53.499823567183611 ], [ 10.003354929097322, 53.499839187351256 ] ], [ [ 10.003896246845883, 53.499817805674226 ], [ 10.003896653224066, 53.499833092676667 ], [ 10.003783155718095, 53.499834198669262 ], [ 10.003782734307523, 53.499818911792808 ], [ 10.003896246845883, 53.499817805674226 ] ], [ [ 10.003773195651736, 53.499510837433 ], [ 10.003772919460616, 53.499495315620365 ], [ 10.003886350463144, 53.499494623689998 ], [ 10.003886626695717, 53.499510145502214 ], [ 10.003773195651736, 53.499510837433 ] ], [ [ 10.003231214264634, 53.49951735620953 ], [ 10.003230689039412, 53.499501494901693 ], [ 10.003343969137759, 53.499500157539416 ], [ 10.003344494405223, 53.49951601884657 ], [ 10.003231214264634, 53.49951735620953 ] ], [ [ 10.003465841657661, 53.499563262522848 ], [ 10.003492549271892, 53.4995629574044 ], [ 10.003495129823911, 53.499642866588928 ], [ 10.003468422159477, 53.499643171708222 ], [ 10.003465841657661, 53.499563262522848 ] ], [ [ 10.003671780527249, 53.499690265998154 ], [ 10.003674857566253, 53.499770755299394 ], [ 10.003648271682206, 53.499771113370358 ], [ 10.003645209978941, 53.49969063292896 ], [ 10.003645481083186, 53.499690621663554 ], [ 10.003671780527249, 53.499690265998154 ] ], [ [ 10.003484632196207, 53.499693742989443 ], [ 10.003496281612021, 53.499693555298137 ], [ 10.003500235547135, 53.499772248414956 ], [ 10.003473923736282, 53.499772721004156 ], [ 10.003469969637571, 53.499694018898971 ], [ 10.003466307288654, 53.499694067623025 ], [ 10.003465786810127, 53.499684157043639 ], [ 10.003484111288918, 53.499683814435578 ], [ 10.003484632196207, 53.499693742989443 ] ], [ [ 10.00367200048259, 53.499684897673809 ], [ 10.003671623654139, 53.499684900837984 ], [ 10.003645262010457, 53.499685176123968 ], [ 10.003641665907985, 53.499561642501583 ], [ 10.003668404302433, 53.49956136405266 ], [ 10.00367200048259, 53.499684897673809 ] ], [ [ 10.003421736678513, 53.499838123150028 ], [ 10.003421250224077, 53.499822630070206 ], [ 10.003715911059276, 53.499819311136022 ], [ 10.003716397621048, 53.499834804214181 ], [ 10.003421736678513, 53.499838123150028 ] ], [ [ 10.003618415541505, 53.499513000081244 ], [ 10.003411924568169, 53.499515165160638 ], [ 10.00341126170221, 53.49949986233139 ], [ 10.003578268586498, 53.499497705163954 ], [ 10.003705336060996, 53.499496062927925 ], [ 10.003705910291224, 53.499512076637124 ], [ 10.003618415541505, 53.499513000081244 ] ], [ [ 10.003382635725897, 53.499443183814215 ], [ 10.003545929749409, 53.499440860098822 ], [ 10.003547159831921, 53.499471241832573 ], [ 10.00338385061873, 53.499473565676709 ], [ 10.003382635725897, 53.499443183814215 ] ], [ [ 10.003399894150867, 53.499953168895949 ], [ 10.003563190132549, 53.499950845148142 ], [ 10.003564405173668, 53.499981227005527 ], [ 10.003401109287561, 53.499983559742837 ], [ 10.003399894150867, 53.499953168895949 ] ], [ [ 10.00374194938334, 53.499885764447598 ], [ 10.003578653664649, 53.499888088438439 ], [ 10.003577438616869, 53.499857706580762 ], [ 10.003740734006628, 53.499855373604795 ], [ 10.00374194938334, 53.499885764447598 ] ], [ [ 10.003924912948577, 53.499976968166827 ], [ 10.003761617105006, 53.499979301396436 ], [ 10.003760401710689, 53.49994891055438 ], [ 10.003923697649908, 53.499946586314231 ], [ 10.003924912948577, 53.499976968166827 ] ], [ [ 10.003724388426098, 53.499361866846733 ], [ 10.003561094719004, 53.499364190804599 ], [ 10.003559879703607, 53.499333808943923 ], [ 10.003723173081786, 53.499331476001011 ], [ 10.003724388426098, 53.499361866846733 ] ], [ [ 10.003398738332031, 53.499936782527897 ], [ 10.003397523411021, 53.49990640066806 ], [ 10.003560819000944, 53.499904067936974 ], [ 10.003562034250852, 53.499934458781993 ], [ 10.003398738332031, 53.499936782527897 ] ], [ [ 10.003581241558322, 53.499981705893639 ], [ 10.003580026292893, 53.499951315049138 ], [ 10.003743322254412, 53.499948991055312 ], [ 10.003744537424229, 53.499979372910325 ], [ 10.003581241558322, 53.499981705893639 ] ], [ [ 10.003577974227293, 53.499904643028287 ], [ 10.003741269797349, 53.499902310050771 ], [ 10.003742485176222, 53.499932700893346 ], [ 10.003579189277232, 53.499935024885744 ], [ 10.003577974227293, 53.499904643028287 ] ], [ [ 10.003362940490774, 53.499365674549949 ], [ 10.003199646955055, 53.499368007001415 ], [ 10.003198431985719, 53.499337616148601 ], [ 10.003361725616971, 53.499335292686617 ], [ 10.003362940490774, 53.499365674549949 ] ], [ [ 10.003565110571872, 53.499471675410021 ], [ 10.003563895549537, 53.499441293549964 ], [ 10.003727189340381, 53.499438960599697 ], [ 10.003728419764716, 53.499469351318261 ], [ 10.003565110571872, 53.499471675410021 ] ], [ [ 10.003379996177163, 53.499890070827156 ], [ 10.003216685554676, 53.499892403437514 ], [ 10.003215470553307, 53.499862012587649 ], [ 10.003378766198116, 53.499859689093327 ], [ 10.003379996177163, 53.499890070827156 ] ], [ [ 10.003759162986645, 53.499886258120981 ], [ 10.003757947809898, 53.499855876265684 ], [ 10.003921243179516, 53.499853543043187 ], [ 10.003922473758415, 53.499883933756998 ], [ 10.003759162986645, 53.499886258120981 ] ], [ [ 10.003559532084282, 53.499857236677116 ], [ 10.003560747119243, 53.499887618535098 ], [ 10.003397451592528, 53.499889951265786 ], [ 10.003396221388805, 53.499859560544863 ], [ 10.003559532084282, 53.499857236677116 ] ], [ [ 10.003759925321912, 53.499932572418196 ], [ 10.003758695069637, 53.499902190689738 ], [ 10.003922005690375, 53.499899857338796 ], [ 10.003923221198393, 53.49993024817897 ], [ 10.003759925321912, 53.499932572418196 ] ], [ [ 10.003745134335738, 53.499439789717542 ], [ 10.003908428107646, 53.49943745651975 ], [ 10.003909658661518, 53.499467847235884 ], [ 10.003746349487573, 53.499470171575169 ], [ 10.003745134335738, 53.499439789717542 ] ], [ [ 10.003382676498331, 53.499420009637873 ], [ 10.003381461396154, 53.499389618787781 ], [ 10.003544755213952, 53.499387295074911 ], [ 10.003545985293577, 53.49941767680896 ], [ 10.003382676498331, 53.499420009637873 ] ], [ [ 10.003904998253237, 53.499359280374094 ], [ 10.003741689708397, 53.499361613692415 ], [ 10.003740474351721, 53.499331222846919 ], [ 10.003903782992195, 53.499328898518073 ], [ 10.003904998253237, 53.499359280374094 ] ], [ [ 10.003203372951171, 53.499476024403556 ], [ 10.003202158187257, 53.499445642538696 ], [ 10.003365467094143, 53.499443309955929 ], [ 10.003366682186915, 53.499473700805893 ], [ 10.003203372951171, 53.499476024403556 ] ], [ [ 10.003544296578333, 53.4993640441892 ], [ 10.00338098798904, 53.499366377014837 ], [ 10.00337977289006, 53.499335986164525 ], [ 10.003543081574952, 53.499333662328304 ], [ 10.003544296578333, 53.4993640441892 ] ], [ [ 10.003379373565938, 53.499905842889149 ], [ 10.003380588686165, 53.499936233736541 ], [ 10.003217277674189, 53.499938557361197 ], [ 10.003216062882828, 53.499908175498867 ], [ 10.003379373565938, 53.499905842889149 ] ], [ [ 10.003383356194767, 53.499983205382549 ], [ 10.003220045214652, 53.499985537999081 ], [ 10.003218830207356, 53.49995514714977 ], [ 10.003382141282994, 53.499952823522683 ], [ 10.003383356194767, 53.499983205382549 ] ], [ [ 10.00336507967673, 53.49941987869078 ], [ 10.003201770647676, 53.499422202285317 ], [ 10.003200555886945, 53.499391820420115 ], [ 10.00336386458714, 53.499389487840453 ], [ 10.00336507967673, 53.49941987869078 ] ], [ [ 10.003561528523894, 53.499387666625609 ], [ 10.003724837394206, 53.499385342540222 ], [ 10.003726052529467, 53.499415724398396 ], [ 10.003562743754756, 53.499418057473271 ], [ 10.003561528523894, 53.499387666625609 ] ], [ [ 10.003907144499671, 53.499413754120887 ], [ 10.003743835533392, 53.499416078455788 ], [ 10.003742620173117, 53.499385687610548 ], [ 10.003905929022711, 53.499383363277822 ], [ 10.003907144499671, 53.499413754120887 ] ], [ [ 10.003407881807986, 53.49977364397143 ], [ 10.003382228545771, 53.499773913252554 ], [ 10.003376143358167, 53.499564725654537 ], [ 10.003401796494138, 53.499564456375282 ], [ 10.003407881807986, 53.49977364397143 ] ], [ [ 10.003312285007915, 53.499566169584902 ], [ 10.003318625283686, 53.499774680863219 ], [ 10.00329166086636, 53.499774970119645 ], [ 10.003285320722833, 53.499566458839261 ], [ 10.003312285007915, 53.499566169584902 ] ], [ [ 10.003276498114246, 53.499809615433321 ], [ 10.003276012561976, 53.499794158301704 ], [ 10.003750547141255, 53.49978893385348 ], [ 10.003751032866028, 53.499804390982383 ], [ 10.003276498114246, 53.499809615433321 ] ], [ [ 10.003656325980039, 53.49952743283518 ], [ 10.003742990677384, 53.499526471388414 ], [ 10.003743475545997, 53.499541892568836 ], [ 10.00342180608642, 53.499545456290505 ], [ 10.003196296731661, 53.499547951442302 ], [ 10.003195895886901, 53.499534803790958 ], [ 10.003195827134554, 53.499532530132242 ], [ 10.003656325980039, 53.49952743283518 ] ], [ [ 10.003635431677985, 53.499771320062308 ], [ 10.00357031622743, 53.499771893755394 ], [ 10.003565106267562, 53.499562141492348 ], [ 10.003630221396804, 53.49956156780361 ], [ 10.003635431677985, 53.499771320062308 ] ] ] } },
{ "type": "Feature", "properties": { "gebaeude_id": "DEHHALKAJ0000thy", "dachneig": 0.0, "dachfl_2d": 742.824, "dachfl_3d": 742.824, "area_m2": 742.8, "expo_klasse": "sonnig", "schatten": 1.5, "solar_eignung": "Eignung 1 (geeignet, sehr hohe Einstrahlung)", "ertkwha_k": 25909.63, "pvarea_solar": 182.72, "schatten_klasse": "sonnig", "gruendach_eignung": "sehr gut geeignet" }, "geometry": { "type": "Polygon", "coordinates": [ [ [ 10.003938389313076, 53.499987740747812 ], [ 10.004226676104745, 53.499984510050659 ], [ 10.004205575294462, 53.499314264144886 ], [ 10.003917202396595, 53.499317486542836 ], [ 10.003938389313076, 53.499987740747812 ] ], [ [ 10.004023086164063, 53.499501466503958 ], [ 10.004023811206604, 53.499510458477779 ], [ 10.004018583398125, 53.499510610259094 ], [ 10.004017858356688, 53.499501618285279 ], [ 10.004023086164063, 53.499501466503958 ] ], [ [ 10.004015813666607, 53.499530571292269 ], [ 10.004012956576211, 53.499530882941407 ], [ 10.004009789739523, 53.499530208394049 ], [ 10.004007702003532, 53.499528625875001 ], [ 10.004007299479843, 53.499526903353704 ], [ 10.004008286015239, 53.499525268044586 ], [ 10.004010848432127, 53.49952397007246 ], [ 10.004014173636889, 53.499523690447624 ], [ 10.00401688743143, 53.499524332844018 ], [ 10.004018773271843, 53.499525665364679 ], [ 10.004019377691671, 53.499527637884157 ], [ 10.00401811007675, 53.499529500281255 ], [ 10.004015813666607, 53.499530571292269 ] ], [ [ 10.004019677906578, 53.499532687222526 ], [ 10.004021621697106, 53.499532643927914 ], [ 10.004022121701899, 53.499541044512981 ], [ 10.004010925797481, 53.499541282380846 ], [ 10.004010425794867, 53.499532881795659 ], [ 10.004019677906578, 53.499532687222526 ] ], [ [ 10.004019345083199, 53.499622607733592 ], [ 10.004019614893272, 53.499658274115767 ], [ 10.003993881456795, 53.499658337453148 ], [ 10.003993611880661, 53.499622680058167 ], [ 10.004019345083199, 53.499622607733592 ] ], [ [ 10.003987532976952, 53.499442599046844 ], [ 10.003985329607781, 53.499408045571549 ], [ 10.004012014826536, 53.499407434896163 ], [ 10.004014218429704, 53.499441997358225 ], [ 10.003987532976952, 53.499442599046844 ] ], [ [ 10.004026952892724, 53.499873770485848 ], [ 10.004000013894231, 53.499873861928684 ], [ 10.003999710347047, 53.49983931946548 ], [ 10.004026634250438, 53.499839228149398 ], [ 10.004026952892724, 53.499873770485848 ] ], [ [ 10.003975710574375, 53.499919784495575 ], [ 10.003977547380908, 53.499966260559574 ], [ 10.00395069048445, 53.49996663895184 ], [ 10.003948853494931, 53.499920153900028 ], [ 10.003975710574375, 53.499919784495575 ] ], [ [ 10.003985182263245, 53.499405637737027 ], [ 10.003983972389653, 53.499358895719844 ], [ 10.004010771582436, 53.499358643650353 ], [ 10.004011996770846, 53.499405394527805 ], [ 10.003985182263245, 53.499405637737027 ] ], [ [ 10.003930762859211, 53.499337571100568 ], [ 10.003958106578413, 53.499337395370979 ], [ 10.003958938959904, 53.499384113591908 ], [ 10.003931610283683, 53.499384289195191 ], [ 10.003930762859211, 53.499337571100568 ] ], [ [ 10.004028725771994, 53.499943699581451 ], [ 10.004002936966094, 53.499943979123017 ], [ 10.004000869469779, 53.499876254825082 ], [ 10.004026673307836, 53.499875975157543 ], [ 10.004028725771994, 53.499943699581451 ] ], [ [ 10.004018605425195, 53.499620016103925 ], [ 10.003992442960518, 53.499620424629718 ], [ 10.003989009962691, 53.499542760891785 ], [ 10.00401517237955, 53.499542352366987 ], [ 10.004018605425195, 53.499620016103925 ] ], [ [ 10.004022635480476, 53.49973889872124 ], [ 10.003996151947295, 53.49973912117386 ], [ 10.003994361054836, 53.499662045912601 ], [ 10.004020844540001, 53.499661823460606 ], [ 10.004022635480476, 53.49973889872124 ] ], [ [ 10.004026680685556, 53.499753139392823 ], [ 10.004026715514279, 53.499755251532804 ], [ 10.004024700393037, 53.499757380891936 ], [ 10.004021094729199, 53.499758552791128 ], [ 10.004022557038271, 53.499758549497173 ], [ 10.004024744562768, 53.499835819185016 ], [ 10.003999181283087, 53.499836069864436 ], [ 10.00399697894424, 53.499758809289823 ], [ 10.004017551474449, 53.499758537608166 ], [ 10.004014465079381, 53.499757439898723 ], [ 10.00401238008909, 53.499755335990372 ], [ 10.00401250342142, 53.499752898915212 ], [ 10.004014360382749, 53.499751094491458 ], [ 10.004017410675058, 53.499750026137235 ], [ 10.004021510786608, 53.49975000068644 ], [ 10.004024993330402, 53.499751274849672 ], [ 10.004026680685556, 53.499753139392823 ] ], [ [ 10.003988807765966, 53.499523355177523 ], [ 10.003986144572171, 53.499445729917788 ], [ 10.004013379239378, 53.499445402277509 ], [ 10.004016057555983, 53.499523027409822 ], [ 10.003988807765966, 53.499523355177523 ] ], [ [ 10.003964210969478, 53.499556210095697 ], [ 10.00393795470762, 53.499556475572327 ], [ 10.003933638199008, 53.499403122252929 ], [ 10.003959879293097, 53.499402856904325 ], [ 10.003964210969478, 53.499556210095697 ] ], [ [ 10.00394767580277, 53.499901574386023 ], [ 10.003943875939546, 53.499747758293204 ], [ 10.003970901899935, 53.499747522307068 ], [ 10.003974701860942, 53.499901338398594 ], [ 10.00394767580277, 53.499901574386023 ] ], [ [ 10.004041170452135, 53.499537540570273 ], [ 10.004095192169679, 53.499537077789661 ], [ 10.004097556799596, 53.499634598377213 ], [ 10.004043534958129, 53.499635061159445 ], [ 10.004041170452135, 53.499537540570273 ] ], [ [ 10.004124097671381, 53.499645099386441 ], [ 10.004179711116029, 53.499644362513479 ], [ 10.004183367992757, 53.499741692460624 ], [ 10.004127754633206, 53.499742438323175 ], [ 10.004124097671381, 53.499645099386441 ] ], [ [ 10.004035874510249, 53.49942952738553 ], [ 10.004091051406013, 53.499428830176008 ], [ 10.004094501920516, 53.499527006834988 ], [ 10.004039324685051, 53.49952769505942 ], [ 10.004035874510249, 53.49942952738553 ] ], [ [ 10.004032202240216, 53.499321959002955 ], [ 10.004087905914592, 53.499321230402245 ], [ 10.004091493124541, 53.499418812635732 ], [ 10.004035789322383, 53.499419541238737 ], [ 10.004032202240216, 53.499321959002955 ] ], [ [ 10.0041699994522, 53.499320792453446 ], [ 10.004172627267348, 53.499417960258597 ], [ 10.004116542182489, 53.499418503331853 ], [ 10.004113899422496, 53.499321335651452 ], [ 10.0041699994522, 53.499320792453446 ] ], [ [ 10.00418315387757, 53.499751771012157 ], [ 10.004185959248426, 53.499849431717863 ], [ 10.004130025175826, 53.499850009482813 ], [ 10.004127204647959, 53.4997523399146 ], [ 10.00418315387757, 53.499751771012157 ] ], [ [ 10.004117270225967, 53.499428897575768 ], [ 10.004173262550136, 53.4994282564017 ], [ 10.004176385039004, 53.499525941415719 ], [ 10.004120392586248, 53.499526582591827 ], [ 10.004117270225967, 53.499428897575768 ] ], [ [ 10.004098339189177, 53.499644740470288 ], [ 10.004101481061012, 53.499742614089946 ], [ 10.004045382809085, 53.499743256118535 ], [ 10.004042241066371, 53.49964538249678 ], [ 10.004098339189177, 53.499644740470288 ] ], [ [ 10.004101701924418, 53.499752599096482 ], [ 10.004104920030597, 53.499850508030299 ], [ 10.004048761768287, 53.499851168542193 ], [ 10.00404554357902, 53.499753250619008 ], [ 10.004101701924418, 53.499752599096482 ] ], [ [ 10.0041767122793, 53.499535961485194 ], [ 10.00417924057016, 53.499634020041455 ], [ 10.004122069298717, 53.499634545274034 ], [ 10.004119541139781, 53.499536486716018 ], [ 10.0041767122793, 53.499535961485194 ] ], [ [ 10.004103668384856, 53.499859426717514 ], [ 10.00410806472423, 53.49997976248136 ], [ 10.004054334357029, 53.49998045653421 ], [ 10.00404993816969, 53.499860120767671 ], [ 10.004103668384856, 53.499859426717514 ] ], [ [ 10.004129970911707, 53.499860473221425 ], [ 10.004186592418417, 53.499859637987207 ], [ 10.004191519935896, 53.499978198438761 ], [ 10.004134898271362, 53.49997903367602 ], [ 10.004129970911707, 53.499860473221425 ] ] ] } },
{ "type": "Feature", "properties": { "gebaeude_id": "20211007143813_61", "dachneig": 0.0, "dachfl_2d": 14.081, "dachfl_3d": 14.081, "area_m2": 14.1, "expo_klasse": "sonnig", "schatten": 1.5, "solar_eignung": "Eignung 1 (geeignet, sehr hohe Einstrahlung)", "ertkwha_k": 25909.63, "pvarea_solar": 182.72, "schatten_klasse": "sonnig", "gruendach_eignung": "sehr gut geeignet" }, "geometry": { "type": "Polygon", "coordinates": [ [ [ 10.004313579432642, 53.500047188835637 ], [ 10.004223988204245, 53.500048121344783 ], [ 10.004224611948146, 53.500069411221411 ], [ 10.004314203221446, 53.50006847871159 ], [ 10.004313579432642, 53.500047188835637 ] ] ] } },
{ "type": "Feature", "properties": { "gebaeude_id": "20211007143813_44", "dachneig": 0.0, "dachfl_2d": 14.847, "dachfl_3d": 14.847, "area_m2": 14.8, "expo_klasse": "sonnig", "schatten": 1.5, "solar_eignung": "Eignung 1 (geeignet, sehr hohe Einstrahlung)", "ertkwha_k": 25909.63, "pvarea_solar": 182.72, "schatten_klasse": "sonnig", "gruendach_eignung": "sehr gut geeignet" }, "geometry": { "type": "Polygon", "coordinates": [ [ [ 10.00408510931636, 53.50005082517643 ], [ 10.004085397980953, 53.500071974043081 ], [ 10.004180503326545, 53.50007151668003 ], [ 10.004180229687867, 53.500050367687244 ], [ 10.00408510931636, 53.50005082517643 ] ] ] } },
{ "type": "Feature", "properties": { "gebaeude_id": "20211007143813_71", "dachneig": 0.0, "dachfl_2d": 13.458, "dachfl_3d": 13.458, "area_m2": 13.5, "expo_klasse": "sonnig", "schatten": 1.51, "solar_eignung": "Eignung 1 (geeignet, sehr hohe Einstrahlung)", "ertkwha_k": 17429.99, "pvarea_solar": 139.34, "schatten_klasse": "sonnig", "gruendach_eignung": "sehr gut geeignet" }, "geometry": { "type": "Polygon", "coordinates": [ [ [ 10.004082402737092, 53.500145556797165 ], [ 10.004115683518686, 53.500145232280865 ], [ 10.004114178098657, 53.500090456520475 ], [ 10.004080897359971, 53.500090781036178 ], [ 10.004082402737092, 53.500145556797165 ] ] ] } },
{ "type": "Feature", "properties": { "gebaeude_id": "20211007143813_74", "dachneig": 0.0, "dachfl_2d": 13.908, "dachfl_3d": 13.908, "area_m2": 13.9, "expo_klasse": "sonnig", "schatten": 1.52, "solar_eignung": "Eignung 1 (geeignet, sehr hohe Einstrahlung)", "ertkwha_k": 16805.69, "pvarea_solar": 123.05, "schatten_klasse": "sonnig", "gruendach_eignung": "sehr gut geeignet" }, "geometry": { "type": "Polygon", "coordinates": [ [ [ 10.004487730383, 53.500493210563647 ], [ 10.004484106774553, 53.500439414440457 ], [ 10.004449134369183, 53.500440256661797 ], [ 10.004452757933427, 53.500494052786223 ], [ 10.004487730383, 53.500493210563647 ] ] ] } },
{ "type": "Feature", "properties": { "gebaeude_id": "DEHHALKA4Zu000Qj", "dachneig": 18.798, "dachfl_2d": 44.855, "dachfl_3d": 47.383, "area_m2": 44.9, "expo_klasse": "sonnig", "schatten": 1.53, "solar_eignung": "Eignung 1 (geeignet, sehr hohe Einstrahlung)", "ertkwha_k": 32910.96, "pvarea_solar": 219.97, "schatten_klasse": "sonnig", "gruendach_eignung": "sehr gut geeignet" }, "geometry": { "type": "Polygon", "coordinates": [ [ [ 10.004747342118272, 53.500737877568262 ], [ 10.004853451145536, 53.500671599072909 ], [ 10.004805604699239, 53.500644449779621 ], [ 10.004805024044058, 53.500644122065005 ], [ 10.0048037098738, 53.500643378030013 ], [ 10.004698255997184, 53.500709309389961 ], [ 10.004747342118272, 53.500737877568262 ] ], [ [ 10.004756825964737, 53.500694551415371 ], [ 10.004740520702859, 53.500704432629405 ], [ 10.004730858251696, 53.50069876084136 ], [ 10.004746704721294, 53.50068860482385 ], [ 10.004756825964737, 53.500694551415371 ] ] ] } },
{ "type": "Feature", "properties": { "gebaeude_id": "DEHHALKA4Zu000Qj", "dachneig": 7.557, "dachfl_2d": 117.324, "dachfl_3d": 118.356, "area_m2": 117.3, "expo_klasse": "sonnig", "schatten": 1.53, "solar_eignung": "Eignung 1 (geeignet, sehr hohe Einstrahlung)", "ertkwha_k": 32910.96, "pvarea_solar": 219.97, "schatten_klasse": "sonnig", "gruendach_eignung": "sehr gut geeignet" }, "geometry": { "type": "Polygon", "coordinates": [ [ [ 10.0048037098738, 53.500643378030013 ], [ 10.004676674619764, 53.500571283777212 ], [ 10.004572201111184, 53.500635957305199 ], [ 10.004698255997184, 53.500709309389961 ], [ 10.0048037098738, 53.500643378030013 ] ] ] } },
{ "type": "Feature", "properties": { "gebaeude_id": "DEHHALKA4Zu000Qj", "dachneig": 0.0, "dachfl_2d": 10.923, "dachfl_3d": 10.923, "area_m2": 10.9, "expo_klasse": "sonnig", "schatten": 1.54, "solar_eignung": "Eignung 1 (geeignet, sehr hohe Einstrahlung)", "ertkwha_k": 139516.03, "pvarea_solar": 1021.04, "schatten_klasse": "sonnig", "gruendach_eignung": "sehr gut geeignet" }, "geometry": { "type": "Polygon", "coordinates": [ [ [ 10.00483869358499, 53.500646832387858 ], [ 10.00483276608864, 53.500595087173245 ], [ 10.004805933882196, 53.500596526259343 ], [ 10.004812438824013, 53.500640176454482 ], [ 10.004805024044058, 53.500644122065005 ], [ 10.004805604699239, 53.500644449779621 ], [ 10.004823774435554, 53.500654760321105 ], [ 10.00483869358499, 53.500646832387858 ] ] ] } },
{ "type": "Feature", "properties": { "gebaeude_id": "DEHHALKA10007roI", "dachneig": 10.284, "dachfl_2d": 39.958, "dachfl_3d": 40.611, "area_m2": 40.0, "expo_klasse": "sonnig", "schatten": 1.56, "solar_eignung": "Eignung 1 (geeignet, sehr hohe Einstrahlung)", "ertkwha_k": 3563.73, "pvarea_solar": 26.02, "schatten_klasse": "sonnig", "gruendach_eignung": "sehr gut geeignet" }, "geometry": { "type": "Polygon", "coordinates": [ [ [ 10.003684535469151, 53.500750483051839 ], [ 10.003576420022227, 53.500687847076357 ], [ 10.003534437225463, 53.500713602674111 ], [ 10.003642552677018, 53.500776238687251 ], [ 10.003684535469151, 53.500750483051839 ] ] ] } },
{ "type": "Feature", "properties": { "gebaeude_id": "DEHHALKA10007roI", "dachneig": 10.566, "dachfl_2d": 57.507, "dachfl_3d": 58.497, "area_m2": 57.5, "expo_klasse": "sonnig", "schatten": 1.56, "solar_eignung": "Eignung 1 (geeignet, sehr hohe Einstrahlung)", "ertkwha_k": 149986.41, "pvarea_solar": 1099.15, "schatten_klasse": "sonnig", "gruendach_eignung": "sehr gut geeignet" }, "geometry": { "type": "Polygon", "coordinates": [ [ [ 10.003692413697349, 53.500706154704474 ], [ 10.003720427075214, 53.500688975072691 ], [ 10.003645420234422, 53.500645513490461 ], [ 10.003576420022227, 53.500687847076357 ], [ 10.003684535469151, 53.500750483051839 ], [ 10.003725507435579, 53.500725338157338 ], [ 10.003692413697349, 53.500706154704474 ] ] ] } },
{ "type": "Feature", "properties": { "gebaeude_id": "20211007143813_59", "dachneig": 0.945, "dachfl_2d": 16.992, "dachfl_3d": 16.994, "area_m2": 17.0, "expo_klasse": "sonnig", "schatten": 1.56, "solar_eignung": "Eignung 1 (geeignet, sehr hohe Einstrahlung)", "ertkwha_k": 9840.17, "pvarea_solar": 72.11, "schatten_klasse": "sonnig", "gruendach_eignung": "sehr gut geeignet" }, "geometry": { "type": "Polygon", "coordinates": [ [ [ 10.003599229394716, 53.501313357930037 ], [ 10.003581200696956, 53.501338382061078 ], [ 10.003658878303293, 53.501358269889444 ], [ 10.003676906963454, 53.501333245746935 ], [ 10.003599229394716, 53.501313357930037 ] ] ] } },
{ "type": "Feature", "properties": { "gebaeude_id": "20211007143813_43", "dachneig": 4.852, "dachfl_2d": 24.171, "dachfl_3d": 24.258, "area_m2": 24.2, "expo_klasse": "sonnig", "schatten": 1.57, "solar_eignung": "Eignung 1 (geeignet, sehr hohe Einstrahlung)", "ertkwha_k": 9661.75, "pvarea_solar": 68.99, "schatten_klasse": "sonnig", "gruendach_eignung": "sehr gut geeignet" }, "geometry": { "type": "Polygon", "coordinates": [ [ [ 10.003700431641448, 53.501130488462664 ], [ 10.003653447973576, 53.501189644537796 ], [ 10.003698389782912, 53.501202337284241 ], [ 10.003745916265256, 53.501143823846391 ], [ 10.003700431641448, 53.501130488462664 ] ] ] } },
{ "type": "Feature", "properties": { "gebaeude_id": "20211007143813_57", "dachneig": 2.857, "dachfl_2d": 29.427, "dachfl_3d": 29.464, "area_m2": 29.4, "expo_klasse": "sonnig", "schatten": 1.58, "solar_eignung": "Eignung 1 (geeignet, sehr hohe Einstrahlung)", "ertkwha_k": 88005.73, "pvarea_solar": 644.19, "schatten_klasse": "sonnig", "gruendach_eignung": "sehr gut geeignet" }, "geometry": { "type": "Polygon", "coordinates": [ [ [ 10.003588419302032, 53.501141640557819 ], [ 10.003668115776874, 53.501164675582459 ], [ 10.003701051157648, 53.501124163942826 ], [ 10.003621354741503, 53.50110112893973 ], [ 10.003588419302032, 53.501141640557819 ] ] ] } },
{ "type": "Feature", "properties": { "gebaeude_id": "DEHHALKA45b000OF", "dachneig": 0.0, "dachfl_2d": 283.049, "dachfl_3d": 283.049, "area_m2": 283.0, "expo_klasse": "sonnig", "schatten": 1.58, "solar_eignung": "Eignung 1 (geeignet, sehr hohe Einstrahlung)", "ertkwha_k": 5186.54, "pvarea_solar": 38.09, "schatten_klasse": "sonnig", "gruendach_eignung": "sehr gut geeignet" }, "geometry": { "type": "Polygon", "coordinates": [ [ [ 10.002240728800155, 53.500185202687959 ], [ 10.002240909680026, 53.500185201171313 ], [ 10.002242204501801, 53.500185127390949 ], [ 10.002241868191394, 53.500168311656182 ], [ 10.002243646842587, 53.500168296742487 ], [ 10.002243629553194, 53.500165006886917 ], [ 10.002241156469816, 53.500164982677923 ], [ 10.002241320812123, 53.500158527145857 ], [ 10.002241330374115, 53.500158293349799 ], [ 10.002232318017475, 53.500158431840028 ], [ 10.002231805524858, 53.500158436137148 ], [ 10.002223392285105, 53.500158407799908 ], [ 10.00222345667504, 53.500150910373549 ], [ 10.002228786360794, 53.500148043116951 ], [ 10.002267904562913, 53.500147840962342 ], [ 10.002267668050148, 53.500106493211511 ], [ 10.002269838392364, 53.500106466023986 ], [ 10.002269548063193, 53.50010374476939 ], [ 10.00227842453649, 53.500103598426655 ], [ 10.00227870956672, 53.50010609499887 ], [ 10.002278745648779, 53.500106346390325 ], [ 10.002291812710023, 53.500106173896945 ], [ 10.002291808849483, 53.50010728857432 ], [ 10.002311910263211, 53.500106850345041 ], [ 10.002312301956866, 53.500106838071403 ], [ 10.002312252934182, 53.500112429685714 ], [ 10.002291981259903, 53.500112680572208 ], [ 10.002291740087179, 53.500112682594491 ], [ 10.002291316589835, 53.500147779485125 ], [ 10.002291280774715, 53.500152013638662 ], [ 10.00229229271347, 53.500178936414734 ], [ 10.002280476927295, 53.500179107405053 ], [ 10.002274610438455, 53.500179030749266 ], [ 10.002249618451478, 53.500179222328896 ], [ 10.002250007440866, 53.500183569778336 ], [ 10.002250148354099, 53.500185069771895 ], [ 10.002250519067628, 53.500189920762672 ], [ 10.002250522883198, 53.50019008253399 ], [ 10.002277955059007, 53.500189798580344 ], [ 10.002280542392098, 53.500279038374757 ], [ 10.002280546843744, 53.500279227107931 ], [ 10.002301211564728, 53.500279017873247 ], [ 10.002428226025026, 53.50027758419742 ], [ 10.002422093145587, 53.500083435704319 ], [ 10.00208596647928, 53.500087215936425 ], [ 10.002065814765675, 53.500087438811669 ], [ 10.002066115632354, 53.500097000662528 ], [ 10.00208094669078, 53.500096831382074 ], [ 10.002081540377576, 53.500115613566457 ], [ 10.002070974843823, 53.500115738098302 ], [ 10.002066709312572, 53.500115782847018 ], [ 10.002067632472407, 53.500145340167066 ], [ 10.002068236115328, 53.500164544754213 ], [ 10.002001616513152, 53.500165292003402 ], [ 10.002002487496016, 53.500192638449157 ], [ 10.002240032274287, 53.500190188474384 ], [ 10.002241102480234, 53.500190179500898 ], [ 10.00224073176779, 53.500185328510099 ], [ 10.002239853745975, 53.500183897620545 ], [ 10.002240728800155, 53.500185202687959 ] ], [ [ 10.002029441645911, 53.500185508886688 ], [ 10.002029072517944, 53.500168576568797 ], [ 10.002239484534195, 53.500166965303677 ], [ 10.002239853745975, 53.500183897620545 ], [ 10.002029441645911, 53.500185508886688 ] ], [ [ 10.002085394961755, 53.500119239803972 ], [ 10.002086091883712, 53.500136645794676 ], [ 10.002086842241029, 53.500155678359476 ], [ 10.00207255464905, 53.500155879040712 ], [ 10.002071789224848, 53.500136846602217 ], [ 10.002071092520641, 53.500119449598721 ], [ 10.002085394961755, 53.500119239803972 ] ], [ [ 10.002217991917027, 53.500143576165087 ], [ 10.00221849404724, 53.500153999279043 ], [ 10.002091753571879, 53.500156167540311 ], [ 10.002090803681803, 53.500136345610017 ], [ 10.002217529236795, 53.500134186463654 ], [ 10.002217606463985, 53.50013554316611 ], [ 10.002231094315244, 53.500135313216767 ], [ 10.002235494660058, 53.50013523137558 ], [ 10.002235880328451, 53.500143273361758 ], [ 10.002231479770833, 53.500143346215722 ], [ 10.002217991917027, 53.500143576165087 ] ], [ [ 10.002099616674203, 53.500098985052652 ], [ 10.002248380750986, 53.500096704031506 ], [ 10.002249038334909, 53.500111800159758 ], [ 10.00225351425571, 53.500111726673261 ], [ 10.002253860006748, 53.500119993720986 ], [ 10.002249383873142, 53.500120058220197 ], [ 10.002249520901387, 53.500123311115509 ], [ 10.002100756731553, 53.500125592138488 ], [ 10.002099616674203, 53.500098985052652 ] ] ] } },
{ "type": "Feature", "properties": { "gebaeude_id": "DEHHALKA45b000OF", "dachneig": 0.0, "dachfl_2d": 402.666, "dachfl_3d": 402.666, "area_m2": 402.7, "expo_klasse": "sonnig", "schatten": 1.58, "solar_eignung": "Eignung 1 (geeignet, sehr hohe Einstrahlung)", "ertkwha_k": 88005.73, "pvarea_solar": 644.19, "schatten_klasse": "sonnig", "gruendach_eignung": "sehr gut geeignet" }, "geometry": { "type": "Polygon", "coordinates": [ [ [ 10.002059667377056, 53.50014066071094 ], [ 10.002057992365264, 53.500087531356691 ], [ 10.002057958641734, 53.500086740601027 ], [ 10.001841400047081, 53.500089167136785 ], [ 10.001847519863174, 53.500283513518582 ], [ 10.001847730175864, 53.500289876018847 ], [ 10.001847550009881, 53.500283513265913 ], [ 10.002270187421537, 53.500279143180379 ], [ 10.002267724141101, 53.500194522728933 ], [ 10.002002626571461, 53.500197257666471 ], [ 10.001993266671311, 53.500197363095715 ], [ 10.001991653011464, 53.500146192844817 ], [ 10.001991510546732, 53.500141429830713 ], [ 10.002059667377056, 53.50014066071094 ] ], [ [ 10.002040197553745, 53.500114818544297 ], [ 10.002041338521792, 53.500128679118177 ], [ 10.00202476594256, 53.500129159632259 ], [ 10.002023640053215, 53.500115298931881 ], [ 10.002040197553745, 53.500114818544297 ] ], [ [ 10.002172875130887, 53.500262754025314 ], [ 10.002219461765302, 53.500262147684815 ], [ 10.002219800469375, 53.500271394600389 ], [ 10.002173213824831, 53.500272000941045 ], [ 10.002172875130887, 53.500262754025314 ] ], [ [ 10.002226832342355, 53.50023522653666 ], [ 10.002226457410266, 53.500212298556612 ], [ 10.002250124023627, 53.500212163040388 ], [ 10.002250483895169, 53.500235091146749 ], [ 10.002226832342355, 53.50023522653666 ] ] ] } },
{ "type": "Feature", "properties": { "gebaeude_id": "DEHHALKAJ0000wZz", "dachneig": 20.712, "dachfl_2d": 663.174, "dachfl_3d": 708.931, "area_m2": 663.2, "expo_klasse": "sonnig", "schatten": 1.58, "solar_eignung": "Eignung 1 (geeignet, sehr hohe Einstrahlung)", "ertkwha_k": 88005.73, "pvarea_solar": 644.19, "schatten_klasse": "sonnig", "gruendach_eignung": "sehr gut geeignet" }, "geometry": { "type": "Polygon", "coordinates": [ [ [ 9.999659807511071, 53.50082373524188 ], [ 10.000137938002096, 53.500519842244742 ], [ 10.000099198632181, 53.500497720669635 ], [ 10.000124968131706, 53.500481873063428 ], [ 10.00001176509033, 53.500418692161773 ], [ 9.999508442333612, 53.500739263293426 ], [ 9.999659807511071, 53.50082373524188 ] ], [ [ 9.999844872454004, 53.500653965918367 ], [ 9.999855566827, 53.500646496435948 ], [ 9.99986815556959, 53.500652899219403 ], [ 9.999857446123709, 53.500660368828996 ], [ 9.999844872454004, 53.500653965918367 ] ] ] } },
{ "type": "Feature", "properties": { "gebaeude_id": "DEHHALKAJ0000wZz", "dachneig": 21.194, "dachfl_2d": 25.162, "dachfl_3d": 26.98, "area_m2": 25.2, "expo_klasse": "sonnig", "schatten": 1.6, "solar_eignung": "Eignung 1 (geeignet, sehr hohe Einstrahlung)", "ertkwha_k": 3371.18, "pvarea_solar": 24.86, "schatten_klasse": "sonnig", "gruendach_eignung": "sehr gut geeignet" }, "geometry": { "type": "Polygon", "coordinates": [ [ [ 10.000138126553317, 53.500519526049651 ], [ 10.000211597832262, 53.500560683488587 ], [ 10.000237086908438, 53.50054445167487 ], [ 10.000124968131706, 53.500481873063428 ], [ 10.000099198632181, 53.500497720669635 ], [ 10.000138126553317, 53.500519526049651 ] ] ] } },
{ "type": "Feature", "properties": { "gebaeude_id": "DEHHALKAJ0000wZz", "dachneig": 22.435, "dachfl_2d": 610.321, "dachfl_3d": 654.204, "area_m2": 610.3, "expo_klasse": "sonnig", "schatten": 1.63, "solar_eignung": "Eignung 1 (geeignet, sehr hohe Einstrahlung)", "ertkwha_k": 9147.93, "pvarea_solar": 67.12, "schatten_klasse": "sonnig", "gruendach_eignung": "sehr gut geeignet" }, "geometry": { "type": "Polygon", "coordinates": [ [ [ 10.000211597832262, 53.500560683488587 ], [ 10.000137938002096, 53.500519842244742 ], [ 9.999659807511071, 53.50082373524188 ], [ 9.999810501382063, 53.500907844062937 ], [ 9.999928292891479, 53.500832815780882 ], [ 9.999907321088326, 53.500772575679086 ], [ 10.00000942057423, 53.50078096231266 ], [ 10.000288167039548, 53.500603424001447 ], [ 10.000211597832262, 53.500560683488587 ] ], [ [ 10.000065445425227, 53.500606743856054 ], [ 10.000075395537257, 53.50061249451376 ], [ 10.00006326901897, 53.500619967009143 ], [ 10.000053303621788, 53.500614207489214 ], [ 10.000065445425227, 53.500606743856054 ] ] ] } },
{ "type": "Feature", "properties": { "gebaeude_id": "DEHHALKAJ0000wZz", "dachneig": 29.057, "dachfl_2d": 31.738, "dachfl_3d": 36.299, "area_m2": 31.7, "expo_klasse": "sonnig", "schatten": 1.7, "solar_eignung": "Eignung 1 (geeignet, sehr hohe Einstrahlung)", "ertkwha_k": 15220.08, "pvarea_solar": 112.32, "schatten_klasse": "sonnig", "gruendach_eignung": "sehr gut geeignet" }, "geometry": { "type": "Polygon", "coordinates": [ [ [ 9.999907321088326, 53.500772575679086 ], [ 10.000025924786238, 53.500839064419104 ], [ 10.000066832222963, 53.500813004442435 ], [ 10.00000942057423, 53.50078096231266 ], [ 9.999907321088326, 53.500772575679086 ] ] ] } },
{ "type": "Feature", "properties": { "gebaeude_id": "DEHHALKAJ0000wZz", "dachneig": 29.241, "dachfl_2d": 31.414, "dachfl_3d": 36.01, "area_m2": 31.4, "expo_klasse": "sonnig", "schatten": 1.7, "solar_eignung": "Eignung 1 (geeignet, sehr hohe Einstrahlung)", "ertkwha_k": 15220.08, "pvarea_solar": 112.32, "schatten_klasse": "sonnig", "gruendach_eignung": "sehr gut geeignet" }, "geometry": { "type": "Polygon", "coordinates": [ [ [ 9.999907321088326, 53.500772575679086 ], [ 9.999928292891479, 53.500832815780882 ], [ 9.999985551910859, 53.50086477832469 ], [ 10.000025924786238, 53.500839064419104 ], [ 9.999907321088326, 53.500772575679086 ] ] ] } },
{ "type": "Feature", "properties": { "gebaeude_id": "DEHHALKAJ0000wJt", "dachneig": 28.986, "dachfl_2d": 60.793, "dachfl_3d": 68.918, "area_m2": 60.8, "expo_klasse": "sonnig", "schatten": 1.7, "solar_eignung": "Eignung 1 (geeignet, sehr hohe Einstrahlung)", "ertkwha_k": 15220.08, "pvarea_solar": 112.32, "schatten_klasse": "sonnig", "gruendach_eignung": "sehr gut geeignet" }, "geometry": { "type": "Polygon", "coordinates": [ [ [ 9.999824596356893, 53.499700601880569 ], [ 9.99982429081639, 53.499701071868003 ], [ 9.999823879129401, 53.49970151577611 ], [ 9.999823376157574, 53.499701924491468 ], [ 9.999860369510756, 53.49967871089617 ], [ 9.999859742993815, 53.49967899479816 ], [ 9.999859069988617, 53.499679225154566 ], [ 9.999858350706614, 53.499679410952758 ], [ 9.999857584936342, 53.499679543205374 ], [ 9.999856817685775, 53.499679612546856 ], [ 9.999856033881832, 53.499679619103311 ], [ 9.999855248809094, 53.499679571735925 ], [ 9.999854477540707, 53.499679470318647 ], [ 9.999853750011505, 53.499679305611984 ], [ 9.999853051571309, 53.499679095716672 ], [ 9.999852397081806, 53.49967883151924 ], [ 9.999851816689258, 53.499678512767609 ], [ 9.999851295743509, 53.499678157562393 ], [ 9.99985086460223, 53.499677774638798 ], [ 9.999850507980904, 53.499677355135489 ], [ 9.999850241164076, 53.499676907913837 ], [ 9.999850079647885, 53.499676450822257 ], [ 9.999850008359129, 53.499675983986862 ], [ 9.999850042582411, 53.499675516268894 ], [ 9.99985016745608, 53.499675056781676 ], [ 9.999850398053287, 53.499674605399193 ], [ 9.999850704650608, 53.499674180348208 ], [ 9.999851117182954, 53.499673772389201 ], [ 9.999851591065173, 53.499673408862385 ], [ 9.99985215623218, 53.499673080528304 ], [ 9.999852782749082, 53.499672796626307 ], [ 9.999853455542777, 53.499672557282629 ], [ 9.999854189897825, 53.499672371358422 ], [ 9.999854940806307, 53.49967224821922 ], [ 9.999855723129853, 53.499672178751631 ], [ 9.999856506722223, 53.499672163207912 ], [ 9.999857276721698, 53.499672210701327 ], [ 9.999858048201384, 53.499672321105891 ], [ 9.999858790592198, 53.499672476699125 ], [ 9.999859489243768, 53.499672695581765 ], [ 9.999860128660091, 53.499672959905212 ], [ 9.999860723914283, 53.499673269543436 ], [ 9.999861229786926, 53.499673624874703 ], [ 9.999861676212847, 53.499674016659498 ], [ 9.999862017761114, 53.499674436288814 ], [ 9.999862284366568, 53.499674874523151 ], [ 9.999862445882915, 53.499675331614732 ], [ 9.999862517171804, 53.499675798450106 ], [ 9.999862498021786, 53.499676266041995 ], [ 9.999862358286546, 53.499676734642577 ], [ 9.999862142551157, 53.49967717691171 ], [ 9.999861821092226, 53.499677611076102 ], [ 9.999861423421649, 53.499678009921737 ], [ 9.999860934677763, 53.499678382562017 ], [ 9.999788580913913, 53.499733982913604 ], [ 9.999964920817483, 53.499624827730003 ], [ 9.999880212756292, 53.499575044738371 ], [ 9.999812118827519, 53.499697631987623 ], [ 9.999812530726052, 53.499697197066844 ], [ 9.999813018624796, 53.499696788477593 ], [ 9.999813598019713, 53.499696424068354 ], [ 9.999814253837716, 53.499696103965249 ], [ 9.999814971005653, 53.499695828294328 ], [ 9.999815734873209, 53.499695615156234 ], [ 9.999816545440488, 53.499695464551074 ], [ 9.999817372349639, 53.499695367743556 ], [ 9.999818216023625, 53.499695342708449 ], [ 9.999819060966315, 53.499695371597134 ], [ 9.999819892316097, 53.49969546352304 ], [ 9.999820695211255, 53.4996956275995 ], [ 9.999821453944184, 53.499695836990668 ], [ 9.999822168937877, 53.499696109671227 ], [ 9.999822824907671, 53.499696436779935 ], [ 9.999823406357546, 53.499696800468222 ], [ 9.999823898425785, 53.49969720984955 ], [ 9.99982430090088, 53.499697655936515 ], [ 9.999824613359948, 53.499698120754651 ], [ 9.999824820941289, 53.499698613417209 ], [ 9.999824923221956, 53.499699115949674 ], [ 9.999824919990504, 53.499699619364705 ], [ 9.999824811035491, 53.499700114674972 ], [ 9.999824596356893, 53.499700601880569 ] ] ] } },
{ "type": "Feature", "properties": { "gebaeude_id": "DEHHALKAJ0000wJt", "dachneig": 28.867, "dachfl_2d": 247.985, "dachfl_3d": 283.206, "area_m2": 248.0, "expo_klasse": "sonnig", "schatten": 1.72, "solar_eignung": "Eignung 1 (geeignet, sehr hohe Einstrahlung)", "ertkwha_k": 88898.84, "pvarea_solar": 653.12, "schatten_klasse": "sonnig", "gruendach_eignung": "sehr gut geeignet" }, "geometry": { "type": "Polygon", "coordinates": [ [ [ 9.999663877832392, 53.499811172328293 ], [ 9.999757198058136, 53.499864946499869 ], [ 10.000059578289225, 53.499678410698465 ], [ 9.999964920817483, 53.499624827730003 ], [ 9.999788580913913, 53.499733982913604 ], [ 9.999663877832392, 53.499811172328293 ] ], [ [ 9.999790150551974, 53.499741745331193 ], [ 9.999790181815625, 53.499741151791 ], [ 9.99979034894934, 53.499740566103377 ], [ 9.999790637091344, 53.499739997381802 ], [ 9.999791031379921, 53.499739454739533 ], [ 9.999791546888218, 53.499738938050569 ], [ 9.999792169177457, 53.499738474402918 ], [ 9.999792882962979, 53.49973805493525 ], [ 9.999793673594564, 53.499737697748337 ], [ 9.999794540860666, 53.499737393854808 ], [ 9.999795455037942, 53.499737161481505 ], [ 9.999796416126349, 53.499737000628386 ], [ 9.999797409052716, 53.499736911421493 ], [ 9.999798403882167, 53.499736903100313 ], [ 9.999799400191797, 53.499736957690246 ], [ 9.999800368258182, 53.499737093418098 ], [ 9.999801307869856, 53.499737301296456 ], [ 9.999802188669047, 53.499737572590298 ], [ 9.999803010867154, 53.499737916286776 ], [ 9.999803758968167, 53.499738314537531 ], [ 9.999804417687395, 53.499738758481264 ], [ 9.999804972163176, 53.499739257231361 ], [ 9.999805406687962, 53.499739783951988 ], [ 9.99980573654631, 53.499740347504392 ], [ 9.999805946242189, 53.499740930040019 ], [ 9.99980603556415, 53.499741522571568 ], [ 9.999806004300693, 53.499742116111776 ], [ 9.999805837167216, 53.499742701799384 ], [ 9.999805549236868, 53.499743279508344 ], [ 9.99980515494844, 53.49974382215062 ], [ 9.999804639228781, 53.499744329852334 ], [ 9.999804016939608, 53.499744793500078 ], [ 9.999803303154046, 53.499745212967809 ], [ 9.999802512733925, 53.499745579142093 ], [ 9.999801645256232, 53.499745874048358 ], [ 9.999800731078819, 53.499746106421718 ], [ 9.999799769990195, 53.499746267274872 ], [ 9.999798777063614, 53.499746356481801 ], [ 9.999797782445395, 53.499746373790238 ], [ 9.999796785924094, 53.499746310213013 ], [ 9.999795817857525, 53.499746174485153 ], [ 9.999794878457118, 53.499745975594024 ], [ 9.999793997446359, 53.499745695312861 ], [ 9.999793175459624, 53.499745360603569 ], [ 9.999792427358585, 53.499744962352764 ], [ 9.999791768427889, 53.499744509421681 ], [ 9.999791214163675, 53.49974401965882 ], [ 9.999790779427585, 53.499743483950859 ], [ 9.999790449569405, 53.499742920398404 ], [ 9.999790239873716, 53.499742337862756 ], [ 9.999788580913913, 53.499733982913604 ], [ 9.999790150551974, 53.499741745331193 ] ] ] } },
{ "type": "Feature", "properties": { "gebaeude_id": "DEHHALKAJ0000wJt", "dachneig": 27.779, "dachfl_2d": 166.272, "dachfl_3d": 188.22, "area_m2": 166.3, "expo_klasse": "sonnig", "schatten": 1.72, "solar_eignung": "Eignung 1 (geeignet, sehr hohe Einstrahlung)", "ertkwha_k": 88898.84, "pvarea_solar": 653.12, "schatten_klasse": "sonnig", "gruendach_eignung": "sehr gut geeignet" }, "geometry": { "type": "Polygon", "coordinates": [ [ [ 9.999860369510756, 53.49967871089617 ], [ 9.999823376157574, 53.499701924491468 ], [ 9.999822796762651, 53.499702288900735 ], [ 9.99982214094462, 53.499702609003897 ], [ 9.999821423565185, 53.499702875687611 ], [ 9.9998206596975, 53.499703088825676 ], [ 9.999819864414741, 53.499703248292136 ], [ 9.999819022220807, 53.499703336238412 ], [ 9.999818178758121, 53.499703370260832 ], [ 9.999817333603799, 53.499703332384833 ], [ 9.999816517327032, 53.499703240332835 ], [ 9.999815699570082, 53.499703085369774 ], [ 9.999814940625564, 53.499702866991214 ], [ 9.999814225631832, 53.499702594310612 ], [ 9.999813584946599, 53.499702276063083 ], [ 9.999813003285276, 53.499701903387432 ], [ 9.999812511217103, 53.499701494006118 ], [ 9.999812108953547, 53.499701056906318 ], [ 9.999811796283128, 53.499700583100953 ], [ 9.999811588913396, 53.499700099425631 ], [ 9.999811486632883, 53.499699596893137 ], [ 9.999811489864454, 53.499699093478135 ], [ 9.999811583535012, 53.499698589306647 ], [ 9.999811798213752, 53.4996981021011 ], [ 9.999880212756292, 53.499575044738371 ], [ 9.999577572623634, 53.499761429448171 ], [ 9.999663877832392, 53.499811172328293 ], [ 9.999788580913913, 53.499733982913604 ], [ 9.999860369510756, 53.49967871089617 ] ], [ [ 9.999721192643692, 53.499744964886403 ], [ 9.999721394303801, 53.499745205904688 ], [ 9.99972155116725, 53.499745465275794 ], [ 9.999721647949476, 53.499745734138465 ], [ 9.999721699512122, 53.499746003379336 ], [ 9.999721675920336, 53.499746282237837 ], [ 9.999721606686151, 53.499746543499981 ], [ 9.999721477370681, 53.499746814253662 ], [ 9.999721302201385, 53.499747058423679 ], [ 9.999721066527927, 53.499747294110648 ], [ 9.999720785212039, 53.499747512201203 ], [ 9.99972045804232, 53.499747703708046 ], [ 9.999720100091928, 53.49974786850516 ], [ 9.99971969628772, 53.499748006718555 ], [ 9.999719276775961, 53.4997481180961 ], [ 9.999718841345297, 53.499748193650504 ], [ 9.999718389995721, 53.499748233381794 ], [ 9.999717922938647, 53.499748246277186 ], [ 9.999717470108967, 53.499748223097335 ], [ 9.999717016222155, 53.499748154980956 ], [ 9.999716592058807, 53.499748068637828 ], [ 9.999716181911456, 53.499747937232108 ], [ 9.999715801487609, 53.499747787599667 ], [ 9.999715465648926, 53.499747610627132 ], [ 9.999715159110901, 53.499747397453206 ], [ 9.99971489758097, 53.499747174913793 ], [ 9.999714695920888, 53.499746933895501 ], [ 9.999714539057432, 53.499746674524388 ], [ 9.999714442275293, 53.499746405661732 ], [ 9.999714405785857, 53.499746136294789 ], [ 9.999714414304524, 53.499745857562331 ], [ 9.999714483538726, 53.499745596300222 ], [ 9.999714612854236, 53.499745325546535 ], [ 9.999714803096744, 53.499745081250474 ], [ 9.999715023697073, 53.499744845689605 ], [ 9.999715320086111, 53.499744627472964 ], [ 9.999715632182662, 53.499744436092193 ], [ 9.999716005206224, 53.499744271169043 ], [ 9.999716393937257, 53.499744133081698 ], [ 9.999716813448956, 53.499744021704181 ], [ 9.99971724887958, 53.499743946149785 ], [ 9.999717715302294, 53.499743906292423 ], [ 9.999718167286169, 53.499743893523103 ], [ 9.999718620115761, 53.499743916702947 ], [ 9.999719074002543, 53.499743984819375 ], [ 9.999719498165884, 53.499744071162439 ], [ 9.999719908313208, 53.499744202568152 ], [ 9.999720288737036, 53.499744352200587 ], [ 9.999720624575671, 53.499744529173107 ], [ 9.999721192643692, 53.499744964886403 ] ] ] } },
{ "type": "Feature", "properties": { "gebaeude_id": "DEHHALKAJ0000wJt", "dachneig": 3.896, "dachfl_2d": 114.946, "dachfl_3d": 115.213, "area_m2": 114.9, "expo_klasse": "sonnig", "schatten": 1.76, "solar_eignung": "Eignung 2 (geeignet, hohe Einstrahlung)", "ertkwha_k": 68800.9, "pvarea_solar": 510.45, "schatten_klasse": "sonnig", "gruendach_eignung": "sehr gut geeignet" }, "geometry": { "type": "Polygon", "coordinates": [ [ [ 9.999738857944301, 53.499854375934696 ], [ 9.999584602901844, 53.499765478662212 ], [ 9.999499987035239, 53.499817675641445 ], [ 9.99965425737761, 53.499906581883586 ], [ 9.999738857944301, 53.499854375934696 ] ] ] } },
{ "type": "Feature", "properties": { "gebaeude_id": "20211007143813_63", "dachneig": 0.0, "dachfl_2d": 14.894, "dachfl_3d": 14.894, "area_m2": 14.9, "expo_klasse": "sonnig", "schatten": 1.87, "solar_eignung": "Eignung 2 (geeignet, hohe Einstrahlung)", "ertkwha_k": 31920.34, "pvarea_solar": 219.03, "schatten_klasse": "sonnig", "gruendach_eignung": "sehr gut geeignet" }, "geometry": { "type": "Polygon", "coordinates": [ [ [ 9.999422723012184, 53.500023497229137 ], [ 9.999448819019355, 53.500007431299665 ], [ 9.999384000455267, 53.499970003426874 ], [ 9.999357904446194, 53.499986069342292 ], [ 9.999422723012184, 53.500023497229137 ] ] ] } },
{ "type": "Feature", "properties": { "gebaeude_id": "20211007143813_64", "dachneig": 1.147, "dachfl_2d": 14.661, "dachfl_3d": 14.664, "area_m2": 14.7, "expo_klasse": "sonnig", "schatten": 1.89, "solar_eignung": "Eignung 6 (geringe Einstrahlung / weniger geeignet / vor Ort zu prüfen)", "ertkwha_k": 2526.69, "pvarea_solar": 20.4, "schatten_klasse": "sonnig", "gruendach_eignung": "sehr gut geeignet" }, "geometry": { "type": "Polygon", "coordinates": [ [ [ 9.999395101479088, 53.500038802847691 ], [ 9.999422723012184, 53.500023497229137 ], [ 9.999357904446194, 53.499986069342292 ], [ 9.999332025005367, 53.500001728933121 ], [ 9.999395101479088, 53.500038802847691 ] ] ] } },
{ "type": "Feature", "properties": { "gebaeude_id": "DEHHALKAJ0000vzZ", "dachneig": 13.88, "dachfl_2d": 48.027, "dachfl_3d": 49.488, "area_m2": 48.0, "expo_klasse": "sonnig", "schatten": 1.93, "solar_eignung": "Eignung 1 (geeignet, sehr hohe Einstrahlung)", "ertkwha_k": 21269.25, "pvarea_solar": 157.18, "schatten_klasse": "sonnig", "gruendach_eignung": "sehr gut geeignet" }, "geometry": { "type": "Polygon", "coordinates": [ [ [ 9.998686381308303, 53.500391578609282 ], [ 9.998727717109832, 53.500415800365765 ], [ 9.998859980947501, 53.500334935161241 ], [ 9.998819119396602, 53.500311006126637 ], [ 9.998686381308303, 53.500391578609282 ] ] ] } },
{ "type": "Feature", "properties": { "gebaeude_id": "DEHHALKAJ0000vzZ", "dachneig": 13.741, "dachfl_2d": 48.539, "dachfl_3d": 49.986, "area_m2": 48.5, "expo_klasse": "sonnig", "schatten": 1.93, "solar_eignung": "Eignung 1 (geeignet, sehr hohe Einstrahlung)", "ertkwha_k": 21269.25, "pvarea_solar": 157.18, "schatten_klasse": "sonnig", "gruendach_eignung": "sehr gut geeignet" }, "geometry": { "type": "Polygon", "coordinates": [ [ [ 9.998859980947501, 53.500334935161241 ], [ 9.998727717109832, 53.500415800365765 ], [ 9.998769021966563, 53.500439986410278 ], [ 9.998901759835739, 53.500359404849227 ], [ 9.998859980947501, 53.500334935161241 ] ] ] } },
{ "type": "Feature", "properties": { "gebaeude_id": "DEHHALKA1gl000Wh", "dachneig": 0.947, "dachfl_2d": 166.711, "dachfl_3d": 166.734, "area_m2": 166.7, "expo_klasse": "sonnig", "schatten": 1.93, "solar_eignung": "Eignung 1 (geeignet, sehr hohe Einstrahlung)", "ertkwha_k": 21269.25, "pvarea_solar": 157.18, "schatten_klasse": "sonnig", "gruendach_eignung": "sehr gut geeignet" }, "geometry": { "type": "Polygon", "coordinates": [ [ [ 9.999202284932847, 53.500388597473616 ], [ 9.999137214836221, 53.500428971969015 ], [ 9.999432380776259, 53.50059757535054 ], [ 9.999497005195805, 53.500557483083313 ], [ 9.999202284932847, 53.500388597473616 ] ], [ [ 9.999426000694811, 53.500564126433389 ], [ 9.999438524062576, 53.500571599507701 ], [ 9.999423760088465, 53.500580397405542 ], [ 9.999411236720649, 53.500572924329674 ], [ 9.999426000694811, 53.500564126433389 ] ] ] } },
{ "type": "Feature", "properties": { "gebaeude_id": "DEHHALKA1gl000Wh", "dachneig": 1.616, "dachfl_2d": 1107.115, "dachfl_3d": 1107.556, "area_m2": 1107.1, "expo_klasse": "sonnig", "schatten": 1.95, "solar_eignung": "Eignung 1 (geeignet, sehr hohe Einstrahlung)", "ertkwha_k": 29294.88, "pvarea_solar": 214.96, "schatten_klasse": "sonnig", "gruendach_eignung": "sehr gut geeignet" }, "geometry": { "type": "Polygon", "coordinates": [ [ [ 9.999067716652652, 53.500846582764161 ], [ 9.999450856587639, 53.500608135838732 ], [ 9.999122834855633, 53.500420759300333 ], [ 9.998739679668859, 53.500659205308388 ], [ 9.999067716652652, 53.500846582764161 ] ] ] } },
{ "type": "Feature", "properties": { "gebaeude_id": "DEHHALKA1gl000Wh", "dachneig": 1.262, "dachfl_2d": 30.283, "dachfl_3d": 30.291, "area_m2": 30.3, "expo_klasse": "sonnig", "schatten": 1.98, "solar_eignung": "Eignung 1 (geeignet, sehr hohe Einstrahlung)", "ertkwha_k": 21987.59, "pvarea_solar": 161.45, "schatten_klasse": "sonnig", "gruendach_eignung": "sehr gut geeignet" }, "geometry": { "type": "Polygon", "coordinates": [ [ [ 9.998823707737747, 53.500606905927341 ], [ 9.998893470846742, 53.500563481049404 ], [ 9.99884369390125, 53.500535491554913 ], [ 9.998774302131142, 53.500578679585402 ], [ 9.998823707737747, 53.500606905927341 ] ] ] } },
{ "type": "Feature", "properties": { "gebaeude_id": "DEHHALKAJ0000xSj", "dachneig": 3.621, "dachfl_2d": 167.173, "dachfl_3d": 167.691, "area_m2": 167.2, "expo_klasse": "sonnig", "schatten": 1.99, "solar_eignung": "Eignung 1 (geeignet, sehr hohe Einstrahlung)", "ertkwha_k": 213004.45, "pvarea_solar": 1567.45, "schatten_klasse": "sonnig", "gruendach_eignung": "sehr gut geeignet" }, "geometry": { "type": "Polygon", "coordinates": [ [ [ 10.00446828486251, 53.50315286280405 ], [ 10.00449517135233, 53.503043320788052 ], [ 10.00424167315111, 53.503022133124524 ], [ 10.00424078274877, 53.50302592500352 ], [ 10.004245269593053, 53.503026300805317 ], [ 10.004230822508619, 53.503087413018413 ], [ 10.004230548848438, 53.503088592885632 ], [ 10.004226046710945, 53.503088208222657 ], [ 10.004225566902633, 53.503090234794314 ], [ 10.00446828486251, 53.50315286280405 ] ] ] } },
{ "type": "Feature", "properties": { "gebaeude_id": "DEHHALKAJ0000xSj", "dachneig": 0.0, "dachfl_2d": 121.591, "dachfl_3d": 121.709, "area_m2": 121.6, "expo_klasse": "sonnig", "schatten": 1.99, "solar_eignung": "Eignung 1 (geeignet, sehr hohe Einstrahlung)", "ertkwha_k": 213004.45, "pvarea_solar": 1567.45, "schatten_klasse": "sonnig", "gruendach_eignung": "sehr gut geeignet" }, "geometry": { "type": "Polygon", "coordinates": [ [ [ 10.004307230594954, 53.502963503956963 ], [ 10.004256545230231, 53.502959228513838 ], [ 10.004256216797327, 53.502960642557149 ], [ 10.004260703634811, 53.502961018358413 ], [ 10.004248161807563, 53.503014069349867 ], [ 10.004243632715438, 53.503013819750052 ], [ 10.00424167315111, 53.503022133124524 ], [ 10.00449517135233, 53.503043320788052 ], [ 10.004511096529672, 53.502978420710342 ], [ 10.004307765384421, 53.502961252196236 ], [ 10.004307230594954, 53.502963503956963 ] ] ] } },
{ "type": "Feature", "properties": { "gebaeude_id": "DEHHALKAJ00058wW", "dachneig": 0.0, "dachfl_2d": 82.112, "dachfl_3d": 82.112, "area_m2": 82.1, "expo_klasse": "sonnig", "schatten": 1.99, "solar_eignung": "Eignung 1 (geeignet, sehr hohe Einstrahlung)", "ertkwha_k": 213004.45, "pvarea_solar": 1567.45, "schatten_klasse": "sonnig", "gruendach_eignung": "sehr gut geeignet" }, "geometry": { "type": "Polygon", "coordinates": [ [ [ 10.004496374397537, 53.503383106508437 ], [ 10.004798288842283, 53.503409405954471 ], [ 10.004807130486428, 53.503373330407122 ], [ 10.004504944740878, 53.503347024275072 ], [ 10.004496374397537, 53.503383106508437 ] ] ] } },
{ "type": "Feature", "properties": { "gebaeude_id": "DEHHALKAJ0000wb4", "dachneig": 0.0, "dachfl_2d": 142.492, "dachfl_3d": 142.492, "area_m2": 142.5, "expo_klasse": "sonnig", "schatten": 2.04, "solar_eignung": "Eignung 1 (geeignet, sehr hohe Einstrahlung)", "ertkwha_k": 47547.72, "pvarea_solar": 350.21, "schatten_klasse": "sonnig", "gruendach_eignung": "sehr gut geeignet" }, "geometry": { "type": "Polygon", "coordinates": [ [ [ 10.004445657606396, 53.503435561425789 ], [ 10.004476800017017, 53.50343842792909 ], [ 10.004490325535368, 53.503432732058073 ], [ 10.00450173459426, 53.503386621136009 ], [ 10.004495661493248, 53.503386114848517 ], [ 10.004519522721662, 53.503285722159795 ], [ 10.004387210607074, 53.503274545927084 ], [ 10.004354572668085, 53.503411876506526 ], [ 10.004439432217428, 53.503419046882335 ], [ 10.004437306440233, 53.503427981901993 ], [ 10.004445657606396, 53.503435561425789 ] ], [ [ 10.004433359669601, 53.503348407866227 ], [ 10.004448804409092, 53.503349914095637 ], [ 10.004446832324255, 53.503357058999285 ], [ 10.00443138736977, 53.503355543782341 ], [ 10.004433359669601, 53.503348407866227 ] ], [ [ 10.004477438408291, 53.503399104374296 ], [ 10.004463869468383, 53.503397861047141 ], [ 10.004466023486099, 53.503389483111917 ], [ 10.004479607497855, 53.50339072631219 ], [ 10.004477438408291, 53.503399104374296 ] ] ] } },
{ "type": "Feature", "properties": { "gebaeude_id": "20211007143813_56", "dachneig": 9.656, "dachfl_2d": 86.619, "dachfl_3d": 87.863, "area_m2": 86.6, "expo_klasse": "sonnig", "schatten": 2.06, "solar_eignung": "Eignung 1 (geeignet, sehr hohe Einstrahlung)", "ertkwha_k": 31783.82, "pvarea_solar": 234.32, "schatten_klasse": "sonnig", "gruendach_eignung": "sehr gut geeignet" }, "geometry": { "type": "Polygon", "coordinates": [ [ [ 10.004804261401789, 53.503574610806865 ], [ 10.004816070774545, 53.503527588593677 ], [ 10.004571947974071, 53.50350577447692 ], [ 10.004560123262053, 53.503552796794068 ], [ 10.004804261401789, 53.503574610806865 ] ] ] } },
{ "type": "Feature", "properties": { "gebaeude_id": "DEHHALKAJ0000xVE", "dachneig": 0.0, "dachfl_2d": 17.619, "dachfl_3d": 17.619, "area_m2": 17.6, "expo_klasse": "sonnig", "schatten": 2.08, "solar_eignung": "Eignung 3 (geeignet, mittlere Einstrahlung)", "ertkwha_k": 8598.7, "pvarea_solar": 66.31, "schatten_klasse": "sonnig", "gruendach_eignung": "sehr gut geeignet" }, "geometry": { "type": "Polygon", "coordinates": [ [ [ 10.004327205186744, 53.50478380233772 ], [ 10.004289974539063, 53.504816197120078 ], [ 10.004335329829228, 53.504834729054672 ], [ 10.004337457283146, 53.504832877410202 ], [ 10.004342512096784, 53.504834947370703 ], [ 10.00437762715792, 53.504804269281486 ], [ 10.004327205186744, 53.50478380233772 ] ] ] } },
{ "type": "Feature", "properties": { "gebaeude_id": "DEHHALKAJ0000xVE", "dachneig": 4.176, "dachfl_2d": 1599.793, "dachfl_3d": 1603.858, "area_m2": 1599.8, "expo_klasse": "sonnig", "schatten": 2.08, "solar_eignung": "Eignung 3 (geeignet, mittlere Einstrahlung)", "ertkwha_k": 8598.7, "pvarea_solar": 66.31, "schatten_klasse": "sonnig", "gruendach_eignung": "sehr gut geeignet" }, "geometry": { "type": "Polygon", "coordinates": [ [ [ 10.004690816106274, 53.504412986026594 ], [ 10.004397059620725, 53.504670204852637 ], [ 10.004400500330679, 53.504671605203932 ], [ 10.00439327679053, 53.504677931279531 ], [ 10.004393143878408, 53.504678049254203 ], [ 10.004385934986059, 53.504684357228136 ], [ 10.004385314375233, 53.504684892797741 ], [ 10.004293978268038, 53.504764871863955 ], [ 10.004327379639987, 53.504778425409668 ], [ 10.004328932580476, 53.504779059574922 ], [ 10.004329176116512, 53.504779156408539 ], [ 10.004376096638678, 53.504798205531749 ], [ 10.004377893116855, 53.504798936529838 ], [ 10.004582123632613, 53.504881825456529 ], [ 10.004577869166225, 53.504885546728616 ], [ 10.004579437401789, 53.50488618975114 ], [ 10.004697355706451, 53.504770507197762 ], [ 10.005209703891294, 53.504321861189652 ], [ 10.005207420348533, 53.504320936540353 ], [ 10.005204229475444, 53.504323723017357 ], [ 10.004926514451826, 53.504210997988139 ], [ 10.004695098429403, 53.504413633203043 ], [ 10.004694241517507, 53.504414377508972 ], [ 10.004690816106274, 53.504412986026594 ] ], [ [ 10.00468425497464, 53.5044894033067 ], [ 10.004702926805527, 53.50447305705903 ], [ 10.004733572538708, 53.504485492041049 ], [ 10.004714900714271, 53.504501838293393 ], [ 10.00468425497464, 53.5044894033067 ] ], [ [ 10.005000596612854, 53.504431128709726 ], [ 10.004981924915342, 53.504447475003381 ], [ 10.004951279137865, 53.50443504008517 ], [ 10.004969950841827, 53.504418693796232 ], [ 10.005000596612854, 53.504431128709726 ] ], [ [ 10.004651497209792, 53.504697541834808 ], [ 10.004682143303391, 53.504709985816113 ], [ 10.004663471361507, 53.504726332060365 ], [ 10.004632825261474, 53.504713888074328 ], [ 10.004637035543883, 53.504710212116827 ], [ 10.004651497209792, 53.504697541834808 ] ], [ [ 10.00484277965832, 53.50453004977016 ], [ 10.004873425685858, 53.504542493703092 ], [ 10.004854753890774, 53.504558839977022 ], [ 10.004824107856789, 53.504546396039359 ], [ 10.00484277965832, 53.50453004977016 ] ], [ [ 10.004493164227702, 53.504656731702923 ], [ 10.004511835992686, 53.50464037649764 ], [ 10.004542482004391, 53.504652820515254 ], [ 10.004523810033371, 53.504669166737962 ], [ 10.004493164227702, 53.504656731702923 ] ], [ [ 10.004842264297638, 53.504390319035402 ], [ 10.00481161838947, 53.504377875093624 ], [ 10.004830290122609, 53.50436152882623 ], [ 10.004860935811774, 53.504373963776018 ], [ 10.004842264297638, 53.504390319035402 ] ], [ [ 10.004964425263276, 53.504421580796787 ], [ 10.004962741173127, 53.504423051184389 ], [ 10.004960983409457, 53.504424594103924 ], [ 10.004959195921151, 53.504426155251444 ], [ 10.004957408645337, 53.504427725386236 ], [ 10.004955650668686, 53.504429259318393 ], [ 10.004953966790513, 53.504430738693152 ], [ 10.00495237123531, 53.504432127434661 ], [ 10.004949579279138, 53.504434568966353 ], [ 10.004843376890625, 53.504391460283479 ], [ 10.004846168850088, 53.504389018754225 ], [ 10.004847764407193, 53.504387630014115 ], [ 10.004852978469318, 53.504383046703715 ], [ 10.004854781034529, 53.504381485431033 ], [ 10.004856523725554, 53.504379942639773 ], [ 10.004859803374012, 53.504377083513397 ], [ 10.004861265595236, 53.504375794773722 ], [ 10.004862595119073, 53.50437463299648 ], [ 10.004968797484581, 53.504417741662522 ], [ 10.004967467962357, 53.504418903440914 ], [ 10.004964425263276, 53.504421580796787 ] ], [ [ 10.004840104837188, 53.50453043181794 ], [ 10.004837062122185, 53.504533109170652 ], [ 10.004833620037754, 53.504536113486836 ], [ 10.004830045467489, 53.504539253752625 ], [ 10.004825007818553, 53.504543646808443 ], [ 10.004823545590529, 53.504544935547706 ], [ 10.004822216060363, 53.504546097324464 ], [ 10.004716013519326, 53.504502988529921 ], [ 10.004717343051079, 53.5045018267543 ], [ 10.004718805280877, 53.504500538016345 ], [ 10.004722084947899, 53.504497678893706 ], [ 10.004725615148335, 53.504494574960319 ], [ 10.004727417510367, 53.504493004702255 ], [ 10.004729160423082, 53.504491470900128 ], [ 10.004735231848375, 53.504486161263259 ], [ 10.004841434366375, 53.504529270040941 ], [ 10.004840104837188, 53.50453043181794 ] ], [ [ 10.004524922837735, 53.504670316976238 ], [ 10.004526252379915, 53.50466915520272 ], [ 10.004527714621233, 53.504667866467102 ], [ 10.004530994313951, 53.504665007349629 ], [ 10.004532737028251, 53.504663464563087 ], [ 10.004536326918318, 53.504660333166669 ], [ 10.004539753746423, 53.504657319998337 ], [ 10.00454134932356, 53.504655931262313 ], [ 10.004544141317695, 53.504653489740065 ], [ 10.00465034406448, 53.504696598685314 ], [ 10.004647552073708, 53.504699040209999 ], [ 10.004644287673722, 53.504701908191223 ], [ 10.00464252967449, 53.504703442118782 ], [ 10.004640742375379, 53.504705012248863 ], [ 10.004638954863621, 53.504706573391644 ], [ 10.004637197076493, 53.504708116306404 ], [ 10.004635512963729, 53.504709586689451 ], [ 10.004633932462584, 53.504710975300021 ], [ 10.004631125607524, 53.504713425938341 ], [ 10.004524922837735, 53.504670316976238 ] ] ] } },
{ "type": "Feature", "properties": { "gebaeude_id": "DEHHALKAJ0000wV0", "dachneig": 8.327, "dachfl_2d": 285.693, "dachfl_3d": 288.746, "area_m2": 285.7, "expo_klasse": "sonnig", "schatten": 2.16, "solar_eignung": "Eignung 1 (geeignet, sehr hohe Einstrahlung)", "ertkwha_k": 19396.38, "pvarea_solar": 143.67, "schatten_klasse": "sonnig", "gruendach_eignung": "sehr gut geeignet" }, "geometry": { "type": "Polygon", "coordinates": [ [ [ 10.004346274312443, 53.504650307281246 ], [ 10.004648974626173, 53.504385543495204 ], [ 10.004551950305881, 53.504346060912503 ], [ 10.004240805264418, 53.504617807992005 ], [ 10.004338134607444, 53.504657423100021 ], [ 10.004346274312443, 53.504650307281246 ] ] ] } },
{ "type": "Feature", "properties": { "gebaeude_id": "DEHHALKAJ0000wV0", "dachneig": 3.817, "dachfl_2d": 65.574, "dachfl_3d": 65.722, "area_m2": 65.6, "expo_klasse": "sonnig", "schatten": 2.22, "solar_eignung": "Eignung 2 (geeignet, hohe Einstrahlung)", "ertkwha_k": 15754.34, "pvarea_solar": 130.33, "schatten_klasse": "sonnig", "gruendach_eignung": "sehr gut geeignet" }, "geometry": { "type": "Polygon", "coordinates": [ [ [ 10.004645403858369, 53.504446869962209 ], [ 10.004684640307937, 53.504412606458338 ], [ 10.0046428343018, 53.504395590945869 ], [ 10.004652628493515, 53.504387031938428 ], [ 10.004648974626173, 53.504385543495204 ], [ 10.004346274312443, 53.504650307281246 ], [ 10.004338134607444, 53.504657423100021 ], [ 10.004350537136768, 53.504652042311079 ], [ 10.004391429650827, 53.504668679071258 ], [ 10.004447271361967, 53.504619920581504 ], [ 10.004414980529683, 53.504606780224037 ], [ 10.004613128172494, 53.504433729530881 ], [ 10.004645403858369, 53.504446869962209 ] ] ] } },
{ "type": "Feature", "properties": { "gebaeude_id": "DEHHALKAJ0000wW5", "dachneig": 3.662, "dachfl_2d": 58.224, "dachfl_3d": 58.343, "area_m2": 58.2, "expo_klasse": "sonnig", "schatten": 2.24, "solar_eignung": "Eignung 1 (geeignet, sehr hohe Einstrahlung)", "ertkwha_k": 31570.49, "pvarea_solar": 232.38, "schatten_klasse": "sonnig", "gruendach_eignung": "sehr gut geeignet" }, "geometry": { "type": "Polygon", "coordinates": [ [ [ 10.000164873912803, 53.504323619463257 ], [ 10.00000283560202, 53.504331411310218 ], [ 10.000011470276961, 53.50437988901254 ], [ 10.000171241571065, 53.50437250265287 ], [ 10.000164873912803, 53.504323619463257 ] ] ] } },
{ "type": "Feature", "properties": { "gebaeude_id": "DEHHALKAJ0000xSJ", "dachneig": 2.488, "dachfl_2d": 1227.302, "dachfl_3d": 1228.451, "area_m2": 1227.3, "expo_klasse": "sonnig", "schatten": 2.24, "solar_eignung": "Eignung 1 (geeignet, sehr hohe Einstrahlung)", "ertkwha_k": 31570.49, "pvarea_solar": 232.38, "schatten_klasse": "sonnig", "gruendach_eignung": "sehr gut geeignet" }, "geometry": { "type": "Polygon", "coordinates": [ [ [ 10.000742716096816, 53.504890847302967 ], [ 10.001051469553206, 53.504876207728337 ], [ 10.001054722574832, 53.504876045650093 ], [ 10.001045462495195, 53.504808759147004 ], [ 10.000980274644728, 53.50433428688433 ], [ 10.000668477612166, 53.504349491113715 ], [ 10.000693427227809, 53.504531122047084 ], [ 10.000694707533391, 53.504531066383699 ], [ 10.000742716096816, 53.504890847302967 ] ], [ [ 10.000790389184129, 53.504374143265224 ], [ 10.000791503935002, 53.504382421850281 ], [ 10.000754996449254, 53.50438416574719 ], [ 10.00075389678023, 53.504375887035557 ], [ 10.000790389184129, 53.504374143265224 ] ], [ [ 10.000835931065376, 53.504710474362341 ], [ 10.000837401026832, 53.504719109535102 ], [ 10.00079926278811, 53.504721406442009 ], [ 10.000797792834328, 53.504712771268743 ], [ 10.000835931065376, 53.504710474362341 ] ], [ [ 10.000808627229654, 53.504508943403927 ], [ 10.000809585647326, 53.504518266029088 ], [ 10.000771953826098, 53.504519650792474 ], [ 10.000770995204931, 53.504510319179666 ], [ 10.000808627229654, 53.504508943403927 ] ], [ [ 10.000790819214641, 53.504643317216264 ], [ 10.000789529873256, 53.504632747881736 ], [ 10.000822757381208, 53.504631292119825 ], [ 10.000824046942515, 53.50464187044129 ], [ 10.000790819214641, 53.504643317216264 ] ], [ [ 10.000845085688642, 53.504777779742469 ], [ 10.000846124788843, 53.504787326418075 ], [ 10.000808946038099, 53.504788752344027 ], [ 10.000807922232891, 53.504779214529137 ], [ 10.000845085688642, 53.504777779742469 ] ], [ [ 10.00076188005913, 53.504442761767237 ], [ 10.000799616278, 53.504441331187401 ], [ 10.000800607170421, 53.504450752420524 ], [ 10.000762870731517, 53.504452174013451 ], [ 10.00076188005913, 53.504442761767237 ] ], [ [ 10.000781740295112, 53.504576020186221 ], [ 10.000780292799993, 53.504565137558274 ], [ 10.00081374320307, 53.504563545096595 ], [ 10.000815190706694, 53.504574427724059 ], [ 10.000781740295112, 53.504576020186221 ] ], [ [ 10.000783610564865, 53.504601650329988 ], [ 10.000781856666602, 53.504588001635405 ], [ 10.000818275782242, 53.504586339372473 ], [ 10.000820014617197, 53.504599988192673 ], [ 10.000783610564865, 53.504601650329988 ] ], [ [ 10.000827965168366, 53.504653945905972 ], [ 10.000829416907417, 53.504668208386065 ], [ 10.000790955833653, 53.504669600097898 ], [ 10.000789504319128, 53.504655346604565 ], [ 10.000827965168366, 53.504653945905972 ] ] ] } },
{ "type": "Feature", "properties": { "gebaeude_id": "DEHHALKAJ00058ul", "dachneig": 4.101, "dachfl_2d": 229.117, "dachfl_3d": 229.724, "area_m2": 229.1, "expo_klasse": "sonnig", "schatten": 2.32, "solar_eignung": "Eignung 1 (geeignet, sehr hohe Einstrahlung)", "ertkwha_k": 29178.43, "pvarea_solar": 215.44, "schatten_klasse": "sonnig", "gruendach_eignung": "sehr gut geeignet" }, "geometry": { "type": "Polygon", "coordinates": [ [ [ 10.000697082184805, 53.504578113247931 ], [ 10.000689044462522, 53.50453132952947 ], [ 10.000686228213631, 53.504531469963332 ], [ 10.000021305714187, 53.504563938726953 ], [ 10.000027546156216, 53.504609344218188 ], [ 10.000697082184805, 53.504578113247931 ] ] ] } },
{ "type": "Feature", "properties": { "gebaeude_id": "DEHHALKAJ0000wm6", "dachneig": 4.457, "dachfl_2d": 241.037, "dachfl_3d": 241.776, "area_m2": 241.0, "expo_klasse": "sonnig", "schatten": 2.32, "solar_eignung": "Eignung 1 (geeignet, sehr hohe Einstrahlung)", "ertkwha_k": 29178.43, "pvarea_solar": 215.44, "schatten_klasse": "sonnig", "gruendach_eignung": "sehr gut geeignet" }, "geometry": { "type": "Polygon", "coordinates": [ [ [ 10.001255607547799, 53.504978465535061 ], [ 10.001064312216647, 53.504987393786259 ], [ 10.001088821709487, 53.50515793580653 ], [ 10.001278024271636, 53.505149105950466 ], [ 10.001255607547799, 53.504978465535061 ] ] ] } },
{ "type": "Feature", "properties": { "gebaeude_id": "DEHHALKAJ0000wm6", "dachneig": 4.405, "dachfl_2d": 243.881, "dachfl_3d": 244.612, "area_m2": 243.9, "expo_klasse": "sonnig", "schatten": 2.38, "solar_eignung": "Eignung 1 (geeignet, sehr hohe Einstrahlung)", "ertkwha_k": 26460.22, "pvarea_solar": 200.13, "schatten_klasse": "sonnig", "gruendach_eignung": "sehr gut geeignet" }, "geometry": { "type": "Polygon", "coordinates": [ [ [ 10.001088821709487, 53.50515793580653 ], [ 10.001064312216647, 53.504987393786259 ], [ 10.000872866262529, 53.504996331981268 ], [ 10.000895281460394, 53.505166972474946 ], [ 10.001088821709487, 53.50515793580653 ] ] ] } },
{ "type": "Feature", "properties": { "gebaeude_id": "DEHHALKAJ0000wk1", "dachneig": 3.536, "dachfl_2d": 12.715, "dachfl_3d": 12.739, "area_m2": 12.7, "expo_klasse": "sonnig", "schatten": 2.45, "solar_eignung": "Eignung 1 (geeignet, sehr hohe Einstrahlung)", "ertkwha_k": 280296.78, "pvarea_solar": 2061.43, "schatten_klasse": "sonnig", "gruendach_eignung": "sehr gut geeignet" }, "geometry": { "type": "Polygon", "coordinates": [ [ [ 10.001486378807543, 53.504944027880846 ], [ 10.001418852812762, 53.504946939745572 ], [ 10.001421939055085, 53.504972325976844 ], [ 10.001489450014905, 53.50496941423647 ], [ 10.001486378807543, 53.504944027880846 ] ] ] } },
{ "type": "Feature", "properties": { "gebaeude_id": "DEHHALKAJ0000wmG", "dachneig": 1.858, "dachfl_2d": 1269.072, "dachfl_3d": 1269.625, "area_m2": 1269.1, "expo_klasse": "sonnig", "schatten": 2.45, "solar_eignung": "Eignung 1 (geeignet, sehr hohe Einstrahlung)", "ertkwha_k": 21050.95, "pvarea_solar": 155.97, "schatten_klasse": "sonnig", "gruendach_eignung": "sehr gut geeignet" }, "geometry": { "type": "Polygon", "coordinates": [ [ [ 10.001604980721096, 53.504964428140909 ], [ 10.00175592352079, 53.504957904682804 ], [ 10.001902588782723, 53.50495157868955 ], [ 10.001833041297109, 53.50437704116819 ], [ 10.001687760893512, 53.504382546463361 ], [ 10.001544408755223, 53.50438798149127 ], [ 10.001535053862401, 53.504388338532941 ], [ 10.001536081911414, 53.50439677065215 ], [ 10.001604980721096, 53.504964428140909 ] ], [ [ 10.001544755947513, 53.504391196667832 ], [ 10.001555581572521, 53.504391186865163 ], [ 10.001555598504789, 53.504396382403343 ], [ 10.001544772878454, 53.504396392205969 ], [ 10.001544755947513, 53.504391196667832 ] ], [ [ 10.001627542528306, 53.504426135659244 ], [ 10.001643008698016, 53.504425340871613 ], [ 10.001644321041088, 53.50443431894071 ], [ 10.001628854868125, 53.50443511372854 ], [ 10.001627542528306, 53.504426135659244 ] ] ] } },
{ "type": "Feature", "properties": { "gebaeude_id": "DEHHALKAJ00058kN", "dachneig": 0.0, "dachfl_2d": 148.052, "dachfl_3d": 148.052, "area_m2": 148.1, "expo_klasse": "sonnig", "schatten": 2.45, "solar_eignung": "Eignung 1 (geeignet, sehr hohe Einstrahlung)", "ertkwha_k": 21050.95, "pvarea_solar": 155.97, "schatten_klasse": "sonnig", "gruendach_eignung": "sehr gut geeignet" }, "geometry": { "type": "Polygon", "coordinates": [ [ [ 10.00274819340866, 53.5044852458077 ], [ 10.002749015441527, 53.504516242202563 ], [ 10.002753702236724, 53.504516139962981 ], [ 10.002753797747392, 53.504517631346793 ], [ 10.002913212680937, 53.504514307369625 ], [ 10.002905984013664, 53.504391397584854 ], [ 10.002743239279672, 53.504394803421135 ], [ 10.002743859655645, 53.504405117665613 ], [ 10.00274819340866, 53.5044852458077 ] ] ] } },
{ "type": "Feature", "properties": { "gebaeude_id": "DEHHALKAJ0000wj2", "dachneig": 6.592, "dachfl_2d": 125.477, "dachfl_3d": 125.887, "area_m2": 125.5, "expo_klasse": "sonnig", "schatten": 2.45, "solar_eignung": "Eignung 1 (geeignet, sehr hohe Einstrahlung)", "ertkwha_k": 46657.6, "pvarea_solar": 346.6, "schatten_klasse": "sonnig", "gruendach_eignung": "sehr gut geeignet" }, "geometry": { "type": "Polygon", "coordinates": [ [ [ 10.002737409913088, 53.504526011792642 ], [ 10.002744959871992, 53.504525840590162 ], [ 10.002744344145379, 53.504516362290097 ], [ 10.002744328434192, 53.504516335454646 ], [ 10.00265286607055, 53.504518244275921 ], [ 10.002656319914761, 53.504577066723442 ], [ 10.002659170817834, 53.504625673659319 ], [ 10.002665113961239, 53.504726723836725 ], [ 10.002670780438271, 53.504726604393888 ], [ 10.00270324038422, 53.504725846705682 ], [ 10.002703662270164, 53.504725834177719 ], [ 10.002757927789322, 53.504724560965983 ], [ 10.002756167391198, 53.504697887195704 ], [ 10.002755907174658, 53.504693889244066 ], [ 10.002755345137555, 53.50468540828026 ], [ 10.002751799942805, 53.504631665424945 ], [ 10.002739714118213, 53.504631946589903 ], [ 10.002739313607615, 53.504625837384495 ], [ 10.00266437266915, 53.504627589642972 ], [ 10.002664234497729, 53.504625568262014 ], [ 10.002751502028996, 53.50462351484083 ], [ 10.002750662794494, 53.504610955166072 ], [ 10.002750398761027, 53.504606795443237 ], [ 10.00274852290929, 53.504578423707287 ], [ 10.00266668030574, 53.504580341731909 ], [ 10.002661390932261, 53.504580467000565 ], [ 10.002661272290092, 53.504578634226178 ], [ 10.00266115746569, 53.504576963222981 ], [ 10.002748199198422, 53.50457492967594 ], [ 10.002745830510477, 53.504539092159817 ], [ 10.00274559427973, 53.504535471547655 ], [ 10.002738044531217, 53.50453565173747 ], [ 10.002737832921106, 53.504532435426754 ], [ 10.002737409913088, 53.504526011792642 ] ], [ [ 10.002719392078445, 53.504543269128895 ], [ 10.002721453926094, 53.504543746231882 ], [ 10.002722850555672, 53.504544786237091 ], [ 10.002723273258109, 53.504546086105904 ], [ 10.002722533923173, 53.50454734178804 ], [ 10.002722433065514, 53.504547540393538 ], [ 10.002720420017864, 53.504548492142824 ], [ 10.002718223329467, 53.504548690350894 ], [ 10.002716117317535, 53.504548258563688 ], [ 10.002714661236988, 53.504547255013321 ], [ 10.002714431296052, 53.504547095138975 ], [ 10.002714048727936, 53.504545579195842 ], [ 10.002714864073717, 53.504544349843393 ], [ 10.00271654738324, 53.5045434817618 ], [ 10.002718727723844, 53.504543229756486 ], [ 10.002719073597317, 53.504543190898858 ], [ 10.002719392078445, 53.504543269128895 ] ], [ [ 10.002734311646387, 53.504574255135338 ], [ 10.002732360229675, 53.504572707407313 ], [ 10.002732103577374, 53.504570776910946 ], [ 10.002733304082289, 53.504569256677314 ], [ 10.00273557213078, 53.504568248854355 ], [ 10.002738793487293, 53.504568024072313 ], [ 10.002741738163643, 53.504568853331875 ], [ 10.002743323965468, 53.504570242323567 ], [ 10.002743664704099, 53.504571902442542 ], [ 10.002742379901548, 53.504573684066386 ], [ 10.002739706952386, 53.504574785176686 ], [ 10.002736890707995, 53.504574925658851 ], [ 10.002734311646387, 53.504574255135338 ] ], [ [ 10.002682907153366, 53.504609860550254 ], [ 10.002711584909729, 53.504609206497392 ], [ 10.002712104272739, 53.504617157464516 ], [ 10.002712417754172, 53.504622134777705 ], [ 10.00268373998909, 53.504622788830851 ], [ 10.002683669736358, 53.504621728710312 ], [ 10.002682907153366, 53.504609860550254 ] ], [ [ 10.002732989314273, 53.504655581322403 ], [ 10.002734029307646, 53.504672175403904 ], [ 10.002735522446512, 53.504695831090196 ], [ 10.00270756759196, 53.504696452117457 ], [ 10.002705019411231, 53.504656202475424 ], [ 10.002708199155665, 53.504656130857406 ], [ 10.002732989314273, 53.504655581322403 ] ] ] } },
{ "type": "Feature", "properties": { "gebaeude_id": "DEHHALKAJ0000wj2", "dachneig": 5.63, "dachfl_2d": 71.255, "dachfl_3d": 71.63, "area_m2": 71.3, "expo_klasse": "sonnig", "schatten": 2.45, "solar_eignung": "Eignung 1 (geeignet, sehr hohe Einstrahlung)", "ertkwha_k": 46657.6, "pvarea_solar": 346.6, "schatten_klasse": "sonnig", "gruendach_eignung": "sehr gut geeignet" }, "geometry": { "type": "Polygon", "coordinates": [ [ [ 10.002745316763983, 53.50450838082908 ], [ 10.002745316339754, 53.504508362854487 ], [ 10.002744697529604, 53.504485338056888 ], [ 10.002657527093596, 53.504487660331797 ], [ 10.002656155918928, 53.504487698800247 ], [ 10.002656068243175, 53.50448717816986 ], [ 10.002655738341646, 53.504485338178384 ], [ 10.002655720297499, 53.504485212482798 ], [ 10.002743934286581, 53.504483025280301 ], [ 10.002739964990928, 53.504407478504831 ], [ 10.002688914102956, 53.504404392014983 ], [ 10.002688174164359, 53.504404344287316 ], [ 10.002650108621804, 53.504402038774415 ], [ 10.002649655741076, 53.504402015605926 ], [ 10.002650092763433, 53.504399450056269 ], [ 10.002644357971203, 53.504399228486754 ], [ 10.002650521596941, 53.504485345979539 ], [ 10.00265286607055, 53.504518244275921 ], [ 10.002744328434192, 53.504516335454646 ], [ 10.002745531877228, 53.504516217490611 ], [ 10.002745316763983, 53.50450838082908 ] ], [ [ 10.002717114078127, 53.504507439840459 ], [ 10.002694207513887, 53.504507937616253 ], [ 10.00269369432236, 53.504499609056346 ], [ 10.002693222310066, 53.50449174758247 ], [ 10.002716113790759, 53.504491249933366 ], [ 10.002717111744937, 53.50450734098029 ], [ 10.002717114078127, 53.504507439840459 ] ], [ [ 10.002711607593973, 53.504406368020661 ], [ 10.002712998125757, 53.504422482741958 ], [ 10.00268985550052, 53.504423198234875 ], [ 10.002688464977481, 53.50440708351325 ], [ 10.002711607593973, 53.504406368020661 ] ] ] } },
{ "type": "Feature", "properties": { "gebaeude_id": "DEHHALKAJ0000wkg", "dachneig": 0.0, "dachfl_2d": 35.45, "dachfl_3d": 35.45, "area_m2": 35.4, "expo_klasse": "sonnig", "schatten": 2.46, "solar_eignung": "Eignung 2 (geeignet, hohe Einstrahlung)", "ertkwha_k": 4851.08, "pvarea_solar": 36.06, "schatten_klasse": "sonnig", "gruendach_eignung": "sehr gut geeignet" }, "geometry": { "type": "Polygon", "coordinates": [ [ [ 10.00269720906247, 53.50472903448204 ], [ 10.00269906949308, 53.504761864924141 ], [ 10.00270633243386, 53.504761669164665 ], [ 10.002706600085309, 53.504765343447545 ], [ 10.002703450694643, 53.504765423799981 ], [ 10.002706412206031, 53.504817436661725 ], [ 10.002764628118397, 53.504816157277453 ], [ 10.002759521841199, 53.504727576909225 ], [ 10.00269720906247, 53.50472903448204 ] ], [ [ 10.002729565053533, 53.504797340654179 ], [ 10.002744589905125, 53.504797007868866 ], [ 10.002745194167675, 53.504806639078829 ], [ 10.002730169312684, 53.50480697186422 ], [ 10.002729565053533, 53.504797340654179 ] ], [ [ 10.002728400121082, 53.504766508940229 ], [ 10.002743228987521, 53.504766177799056 ], [ 10.002743893534312, 53.504776446727099 ], [ 10.00272906466431, 53.504776777868365 ], [ 10.002728400121082, 53.504766508940229 ] ], [ [ 10.002724000004067, 53.504736594281894 ], [ 10.00274337150582, 53.50473644077254 ], [ 10.002743578727955, 53.504745859575628 ], [ 10.002724207221881, 53.504746013085047 ], [ 10.002724000004067, 53.504736594281894 ] ] ] } },
{ "type": "Feature", "properties": { "gebaeude_id": "DEHHALKAJ0000wkg", "dachneig": 0.0, "dachfl_2d": 68.289, "dachfl_3d": 68.289, "area_m2": 68.3, "expo_klasse": "sonnig", "schatten": 2.5, "solar_eignung": "Eignung 1 (geeignet, sehr hohe Einstrahlung)", "ertkwha_k": 27748.93, "pvarea_solar": 207.98, "schatten_klasse": "sonnig", "gruendach_eignung": "sehr gut geeignet" }, "geometry": { "type": "Polygon", "coordinates": [ [ [ 10.002775514045021, 53.504973293711053 ], [ 10.002774340148038, 53.504952305100716 ], [ 10.002765237387461, 53.504952489330854 ], [ 10.002764921153696, 53.504946756959626 ], [ 10.002774009050144, 53.504946581843235 ], [ 10.002772852138953, 53.504925673991913 ], [ 10.002711751873065, 53.504926770826017 ], [ 10.002711611380214, 53.504924012361258 ], [ 10.002772696567122, 53.504922915653701 ], [ 10.002772340849225, 53.504916788094746 ], [ 10.00277047782251, 53.504883211583696 ], [ 10.002708553584004, 53.504884531066175 ], [ 10.002708361079108, 53.5048814853876 ], [ 10.002768913913819, 53.504880195387813 ], [ 10.002767527956028, 53.504857248939608 ], [ 10.002757218793453, 53.504857425311386 ], [ 10.002757217732858, 53.504857380374936 ], [ 10.00275680437948, 53.504846255378688 ], [ 10.002766850689071, 53.504845802550918 ], [ 10.002765215347958, 53.504818678278873 ], [ 10.002706561409791, 53.50481992538144 ], [ 10.002699493160973, 53.504820065573412 ], [ 10.002708231635058, 53.504976303140722 ], [ 10.002714606671121, 53.504976177752333 ], [ 10.002714516902703, 53.504974290801499 ], [ 10.002775514045021, 53.504973293711053 ] ], [ [ 10.002748146180526, 53.504904882785588 ], [ 10.002734083757177, 53.504905108618154 ], [ 10.002733538582106, 53.504892870083474 ], [ 10.002747601001435, 53.504892644251022 ], [ 10.002748146180526, 53.504904882785588 ] ], [ [ 10.002750682807815, 53.504867979368896 ], [ 10.002728135940217, 53.504868393231447 ], [ 10.002727696414725, 53.504859992141668 ], [ 10.002750258352863, 53.504859578152711 ], [ 10.002750682807815, 53.504867979368896 ] ], [ [ 10.002727267734391, 53.504841828835147 ], [ 10.002726525876598, 53.504832756101464 ], [ 10.002748238299167, 53.504832124512347 ], [ 10.002748995236571, 53.50484119711939 ], [ 10.002727267734391, 53.504841828835147 ] ] ] } },
{ "type": "Feature", "properties": { "gebaeude_id": "DEHHALKAJ0000x1P", "dachneig": 10.173, "dachfl_2d": 378.641, "dachfl_3d": 384.622, "area_m2": 378.6, "expo_klasse": "sonnig", "schatten": 2.5, "solar_eignung": "Eignung 1 (geeignet, sehr hohe Einstrahlung)", "ertkwha_k": 27748.93, "pvarea_solar": 207.98, "schatten_klasse": "sonnig", "gruendach_eignung": "sehr gut geeignet" }, "geometry": { "type": "Polygon", "coordinates": [ [ [ 10.002765930455544, 53.504724403942788 ], [ 10.002766107252388, 53.504727422785955 ], [ 10.002769711513377, 53.504790055331064 ], [ 10.003298680538, 53.504780043509086 ], [ 10.003292942219689, 53.504682623222166 ], [ 10.00276416462386, 53.504693667160225 ], [ 10.002765930455544, 53.504724403942788 ] ] ] } },
{ "type": "Feature", "properties": { "gebaeude_id": "DEHHALKAJ0000x1P", "dachneig": 10.579, "dachfl_2d": 367.481, "dachfl_3d": 373.788, "area_m2": 367.5, "expo_klasse": "sonnig", "schatten": 2.5, "solar_eignung": "Eignung 1 (geeignet, sehr hohe Einstrahlung)", "ertkwha_k": 27748.93, "pvarea_solar": 207.98, "schatten_klasse": "sonnig", "gruendach_eignung": "sehr gut geeignet" }, "geometry": { "type": "Polygon", "coordinates": [ [ [ 10.002769711513377, 53.504790055331064 ], [ 10.002773586399488, 53.504857126203859 ], [ 10.002774987619201, 53.5048813579604 ], [ 10.002775330595485, 53.504887584505965 ], [ 10.002905136237137, 53.504885003328397 ], [ 10.002904853305083, 53.504880043737693 ], [ 10.002904898530012, 53.504880043358249 ], [ 10.002982654456934, 53.504878716784603 ], [ 10.00330505674779, 53.504873188633738 ], [ 10.003298680538, 53.504780043509086 ], [ 10.002769711513377, 53.504790055331064 ] ] ] } },
{ "type": "Feature", "properties": { "gebaeude_id": "DEHHALKAJ0000x1P", "dachneig": 11.741, "dachfl_2d": 316.703, "dachfl_3d": 323.403, "area_m2": 316.7, "expo_klasse": "sonnig", "schatten": 2.5, "solar_eignung": "Eignung 1 (geeignet, sehr hohe Einstrahlung)", "ertkwha_k": 27748.93, "pvarea_solar": 207.98, "schatten_klasse": "sonnig", "gruendach_eignung": "sehr gut geeignet" }, "geometry": { "type": "Polygon", "coordinates": [ [ [ 10.003291880394729, 53.50459934843029 ], [ 10.002759209649238, 53.5046095800543 ], [ 10.00276049561254, 53.504631484610542 ], [ 10.002763991009076, 53.504690783126364 ], [ 10.003268203679919, 53.504680250993339 ], [ 10.003268233829735, 53.504680250740286 ], [ 10.003292904031051, 53.504679729063199 ], [ 10.003291880394729, 53.50459934843029 ] ] ] } },
{ "type": "Feature", "properties": { "gebaeude_id": "DEHHALKAJ0000x1P", "dachneig": 10.621, "dachfl_2d": 363.595, "dachfl_3d": 369.908, "area_m2": 363.6, "expo_klasse": "sonnig", "schatten": 2.51, "solar_eignung": "Eignung 1 (geeignet, sehr hohe Einstrahlung)", "ertkwha_k": 49581.27, "pvarea_solar": 367.01, "schatten_klasse": "sonnig", "gruendach_eignung": "sehr gut geeignet" }, "geometry": { "type": "Polygon", "coordinates": [ [ [ 10.003291880394729, 53.50459934843029 ], [ 10.003286431256523, 53.50450651013734 ], [ 10.002913212680937, 53.504514307369625 ], [ 10.002753797747392, 53.504517631346793 ], [ 10.002759209649238, 53.5046095800543 ], [ 10.003291880394729, 53.50459934843029 ] ] ] } },
{ "type": "Feature", "properties": { "gebaeude_id": "DEHHALKAJ0000x1P", "dachneig": 0.0, "dachfl_2d": 10.13, "dachfl_3d": 10.13, "area_m2": 10.1, "expo_klasse": "sonnig", "schatten": 2.52, "solar_eignung": "Eignung 1 (geeignet, sehr hohe Einstrahlung)", "ertkwha_k": 11465.99, "pvarea_solar": 83.81, "schatten_klasse": "sonnig", "gruendach_eignung": "sehr gut geeignet" }, "geometry": { "type": "Polygon", "coordinates": [ [ [ 10.003135306187843, 53.504929905027254 ], [ 10.003161457705778, 53.50492953275004 ], [ 10.003157819613387, 53.504875709784862 ], [ 10.0031329811373, 53.50487613396605 ], [ 10.003135306187843, 53.504929905027254 ] ] ] } },
{ "type": "Feature", "properties": { "gebaeude_id": "DEHHALKAJ0000x1P", "dachneig": 0.0, "dachfl_2d": 77.481, "dachfl_3d": 77.481, "area_m2": 77.5, "expo_klasse": "sonnig", "schatten": 2.52, "solar_eignung": "Eignung 1 (geeignet, sehr hohe Einstrahlung)", "ertkwha_k": 11465.99, "pvarea_solar": 83.81, "schatten_klasse": "sonnig", "gruendach_eignung": "sehr gut geeignet" }, "geometry": { "type": "Polygon", "coordinates": [ [ [ 10.002987220538175, 53.504948865100914 ], [ 10.003137673167984, 53.504945858734558 ], [ 10.003137039600684, 53.504929881491584 ], [ 10.003135306187843, 53.504929905027254 ], [ 10.0031329811373, 53.50487613396605 ], [ 10.002982654456934, 53.504878716784603 ], [ 10.002987220538175, 53.504948865100914 ] ] ] } },
{ "type": "Feature", "properties": { "gebaeude_id": "DEHHALKAJ00059Am", "dachneig": 2.379, "dachfl_2d": 391.857, "dachfl_3d": 392.195, "area_m2": 391.9, "expo_klasse": "sonnig", "schatten": 2.54, "solar_eignung": "Eignung 3 (geeignet, mittlere Einstrahlung)", "ertkwha_k": 8488.99, "pvarea_solar": 65.82, "schatten_klasse": "sonnig", "gruendach_eignung": "sehr gut geeignet" }, "geometry": { "type": "Polygon", "coordinates": [ [ [ 10.002870880287713, 53.504234787936497 ], [ 10.002857547798632, 53.504009777592159 ], [ 10.002621850276762, 53.504014739145767 ], [ 10.002635181307731, 53.504239740534643 ], [ 10.002870880287713, 53.504234787936497 ] ] ] } },
{ "type": "Feature", "properties": { "gebaeude_id": "DEHHALKAJ000591b", "dachneig": 3.138, "dachfl_2d": 108.141, "dachfl_3d": 108.303, "area_m2": 108.1, "expo_klasse": "sonnig", "schatten": 2.55, "solar_eignung": "Eignung 2 (geeignet, hohe Einstrahlung)", "ertkwha_k": 23410.77, "pvarea_solar": 171.5, "schatten_klasse": "sonnig", "gruendach_eignung": "sehr gut geeignet" }, "geometry": { "type": "Polygon", "coordinates": [ [ [ 10.003172222089042, 53.504246839649035 ], [ 10.002973838410014, 53.504252342700418 ], [ 10.002979604158504, 53.504326049617617 ], [ 10.003177988180715, 53.504320546555178 ], [ 10.003172222089042, 53.504246839649035 ] ] ] } },
{ "type": "Feature", "properties": { "gebaeude_id": "DEHHALKAJ0000wiH", "dachneig": 4.347, "dachfl_2d": 59.772, "dachfl_3d": 59.923, "area_m2": 59.8, "expo_klasse": "sonnig", "schatten": 2.55, "solar_eignung": "Eignung 2 (geeignet, hohe Einstrahlung)", "ertkwha_k": 23410.77, "pvarea_solar": 171.5, "schatten_klasse": "sonnig", "gruendach_eignung": "sehr gut geeignet" }, "geometry": { "type": "Polygon", "coordinates": [ [ [ 10.002775330595485, 53.504887584505965 ], [ 10.002776928767799, 53.504915688897583 ], [ 10.002776982039309, 53.504916668258922 ], [ 10.002776982463557, 53.504916686233457 ], [ 10.002787049379847, 53.504916466946902 ], [ 10.002787194134102, 53.504918766933464 ], [ 10.00278747047683, 53.50492344791865 ], [ 10.002777373408886, 53.504923667458186 ], [ 10.002777395059748, 53.504923945937563 ], [ 10.002779174262415, 53.504955887141534 ], [ 10.002909803509825, 53.504953056345741 ], [ 10.002905995086993, 53.504884978144538 ], [ 10.002905121162135, 53.504885003454888 ], [ 10.002775330595485, 53.504887584505965 ] ], [ [ 10.00282053237007, 53.504909219528571 ], [ 10.002857964217371, 53.504908932465064 ], [ 10.002858388460734, 53.504928821709065 ], [ 10.002820775483748, 53.504929101303063 ], [ 10.002820367605798, 53.504909265856156 ], [ 10.002820366545132, 53.504909220919714 ], [ 10.00282053237007, 53.504909219528571 ] ] ] } },
{ "type": "Feature", "properties": { "gebaeude_id": "DEHHALKAJ0000wiH", "dachneig": 0.0, "dachfl_2d": 376.486, "dachfl_3d": 377.378, "area_m2": 376.5, "expo_klasse": "sonnig", "schatten": 2.6, "solar_eignung": "Eignung 1 (geeignet, sehr hohe Einstrahlung)", "ertkwha_k": 26917.3, "pvarea_solar": 193.87, "schatten_klasse": "sonnig", "gruendach_eignung": "sehr gut geeignet" }, "geometry": { "type": "Polygon", "coordinates": [ [ [ 10.002913503203205, 53.504955847872054 ], [ 10.002911197363046, 53.504955894185294 ], [ 10.002887567171474, 53.504956407057477 ], [ 10.002779347243171, 53.504958744213383 ], [ 10.002780111515223, 53.504972598941627 ], [ 10.002780159483766, 53.504973353620763 ], [ 10.002780186437763, 53.504973856782314 ], [ 10.002783086912258, 53.505025834196587 ], [ 10.00278308733651, 53.505025852171173 ], [ 10.002783506298847, 53.505033381493696 ], [ 10.0027835067231, 53.505033399468289 ], [ 10.002792795267338, 53.505199511393869 ], [ 10.00291108236547, 53.505196936951243 ], [ 10.003027395246917, 53.50519440592425 ], [ 10.003028661130509, 53.505194377324152 ], [ 10.003018590754158, 53.505014347910205 ], [ 10.002923040939308, 53.505016246286026 ], [ 10.002921627124588, 53.50499084605854 ], [ 10.00292074669718, 53.504975266404919 ], [ 10.002919494195122, 53.504952867171859 ], [ 10.002913330213444, 53.50495299080044 ], [ 10.002913503203205, 53.504955847872054 ] ], [ [ 10.002835399050735, 53.505012055569118 ], [ 10.002835543556611, 53.505006040671695 ], [ 10.002844486654995, 53.50500611845861 ], [ 10.002844390597064, 53.505010353114564 ], [ 10.00284434193825, 53.505012124368747 ], [ 10.002837570703734, 53.505012073306595 ], [ 10.002835399050735, 53.505012055569118 ] ] ] } },
{ "type": "Feature", "properties": { "gebaeude_id": "DEHHALKAJ00058ub", "dachneig": 5.909, "dachfl_2d": 38.979, "dachfl_3d": 39.191, "area_m2": 39.0, "expo_klasse": "sonnig", "schatten": 2.6, "solar_eignung": "Eignung 1 (geeignet, sehr hohe Einstrahlung)", "ertkwha_k": 51002.82, "pvarea_solar": 380.28, "schatten_klasse": "sonnig", "gruendach_eignung": "sehr gut geeignet" }, "geometry": { "type": "Polygon", "coordinates": [ [ [ 10.003046574680788, 53.505674036357355 ], [ 10.003268624742423, 53.505680110259412 ], [ 10.003270193671389, 53.505655880549618 ], [ 10.003205548231023, 53.505654391568463 ], [ 10.003048076200905, 53.505650778035637 ], [ 10.003046574680788, 53.505674036357355 ] ] ] } },
{ "type": "Feature", "properties": { "gebaeude_id": "DEHHALKAJ00058ub", "dachneig": 5.647, "dachfl_2d": 43.624, "dachfl_3d": 43.817, "area_m2": 43.6, "expo_klasse": "sonnig", "schatten": 2.6, "solar_eignung": "Eignung 1 (geeignet, sehr hohe Einstrahlung)", "ertkwha_k": 26917.3, "pvarea_solar": 193.87, "schatten_klasse": "sonnig", "gruendach_eignung": "sehr gut geeignet" }, "geometry": { "type": "Polygon", "coordinates": [ [ [ 10.003046574680788, 53.505674036357355 ], [ 10.00304490623021, 53.505699804028879 ], [ 10.003205245078451, 53.505703492386857 ], [ 10.003266428916996, 53.505714188256945 ], [ 10.003268624742423, 53.505680110259412 ], [ 10.003046574680788, 53.505674036357355 ] ] ] } },
{ "type": "Feature", "properties": { "gebaeude_id": "DEHHALKAJ0000wsF", "dachneig": 13.037, "dachfl_2d": 514.497, "dachfl_3d": 528.659, "area_m2": 514.5, "expo_klasse": "sonnig", "schatten": 2.6, "solar_eignung": "Eignung 1 (geeignet, sehr hohe Einstrahlung)", "ertkwha_k": 26917.3, "pvarea_solar": 193.87, "schatten_klasse": "sonnig", "gruendach_eignung": "sehr gut geeignet" }, "geometry": { "type": "Polygon", "coordinates": [ [ [ 10.003735591654152, 53.505656216426473 ], [ 10.00372067815101, 53.505386202244459 ], [ 10.00356700259897, 53.505389434156157 ], [ 10.003564124092311, 53.505389494278688 ], [ 10.00346224614119, 53.505391625990832 ], [ 10.003478197985116, 53.505661622493065 ], [ 10.003735591654152, 53.505656216426473 ] ] ] } },
{ "type": "Feature", "properties": { "gebaeude_id": "DEHHALKAJ0000wsF", "dachneig": 13.228, "dachfl_2d": 308.584, "dachfl_3d": 316.939, "area_m2": 308.6, "expo_klasse": "sonnig", "schatten": 2.6, "solar_eignung": "Eignung 1 (geeignet, sehr hohe Einstrahlung)", "ertkwha_k": 51002.82, "pvarea_solar": 380.28, "schatten_klasse": "sonnig", "gruendach_eignung": "sehr gut geeignet" }, "geometry": { "type": "Polygon", "coordinates": [ [ [ 10.003874835869839, 53.50538295709687 ], [ 10.00372067815101, 53.505386202244459 ], [ 10.003735591654152, 53.505656216426473 ], [ 10.003797140734008, 53.505654926533779 ], [ 10.003890805618818, 53.505652962393 ], [ 10.003874835869839, 53.50538295709687 ] ] ] } },
{ "type": "Feature", "properties": { "gebaeude_id": "DEHHALKAJ0000wsF", "dachneig": 17.416, "dachfl_2d": 82.653, "dachfl_3d": 86.624, "area_m2": 51.3, "expo_klasse": "sonnig", "schatten": 2.6, "solar_eignung": "Eignung 1 (geeignet, sehr hohe Einstrahlung)", "ertkwha_k": 51002.82, "pvarea_solar": 380.28, "schatten_klasse": "sonnig", "gruendach_eignung": "sehr gut geeignet" }, "geometry": { "type": "Polygon", "coordinates": [ [ [ 10.003890805618818, 53.505652962393 ], [ 10.003797140734008, 53.505654926533779 ], [ 10.003801485551506, 53.5057284385841 ], [ 10.003895220164637, 53.505727651422568 ], [ 10.003890805618818, 53.505652962393 ] ] ] } },
{ "type": "Feature", "properties": { "gebaeude_id": "DEHHALKA2iz000K5", "dachneig": 9.0, "dachfl_2d": 196.256, "dachfl_3d": 198.613, "area_m2": 196.3, "expo_klasse": "sonnig", "schatten": 2.6, "solar_eignung": "Eignung 1 (geeignet, sehr hohe Einstrahlung)", "ertkwha_k": 51002.82, "pvarea_solar": 380.28, "schatten_klasse": "sonnig", "gruendach_eignung": "sehr gut geeignet" }, "geometry": { "type": "Polygon", "coordinates": [ [ [ 10.001808807527818, 53.505132065084766 ], [ 10.001836099886361, 53.505350153766905 ], [ 10.001841084464559, 53.505349887264622 ], [ 10.0019645055774, 53.505344412209709 ], [ 10.001937107250574, 53.505126333431477 ], [ 10.001808807527818, 53.505132065084766 ] ], [ [ 10.001865345971103, 53.505163214766874 ], [ 10.001864006245412, 53.505152439117531 ], [ 10.001889175306795, 53.505151320271942 ], [ 10.00189051503884, 53.505162095921001 ], [ 10.001865345971103, 53.505163214766874 ] ], [ [ 10.001908964300029, 53.505308885530994 ], [ 10.00191015355735, 53.505318394982666 ], [ 10.001869078608991, 53.505320222444574 ], [ 10.001867889360815, 53.505310712992426 ], [ 10.001908964300029, 53.505308885530994 ] ], [ [ 10.001901945923226, 53.50525296046056 ], [ 10.001903228144041, 53.505263215225554 ], [ 10.001877832889937, 53.505264335969635 ], [ 10.001862168111851, 53.505265033571206 ], [ 10.001860886112802, 53.505254787793035 ], [ 10.001882349934222, 53.505253834839337 ], [ 10.001901945923226, 53.50525296046056 ] ], [ [ 10.00185651883252, 53.505219847944836 ], [ 10.001855108633967, 53.505208641411031 ], [ 10.001896138461806, 53.505206823320741 ], [ 10.001897548459155, 53.505218020866742 ], [ 10.00185651883252, 53.505219847944836 ] ] ] } },
{ "type": "Feature", "properties": { "gebaeude_id": "DEHHALKA2iz000K5", "dachneig": 3.607, "dachfl_2d": 38.763, "dachfl_3d": 38.84, "area_m2": 38.8, "expo_klasse": "sonnig", "schatten": 2.6, "solar_eignung": "Eignung 1 (geeignet, sehr hohe Einstrahlung)", "ertkwha_k": 154755.01, "pvarea_solar": 1148.19, "schatten_klasse": "sonnig", "gruendach_eignung": "sehr gut geeignet" }, "geometry": { "type": "Polygon", "coordinates": [ [ [ 10.001846290984927, 53.505391642778882 ], [ 10.001970314589054, 53.505386135701826 ], [ 10.001971414228457, 53.505386090528283 ], [ 10.001966192510805, 53.505344335146312 ], [ 10.0019645055774, 53.505344412209709 ], [ 10.001841084464559, 53.505349887264622 ], [ 10.001846290984927, 53.505391642778882 ] ] ] } },
{ "type": "Feature", "properties": { "gebaeude_id": "DEHHALKAJ00058vf", "dachneig": 7.985, "dachfl_2d": 109.298, "dachfl_3d": 110.368, "area_m2": 109.3, "expo_klasse": "sonnig", "schatten": 2.61, "solar_eignung": "Eignung 1 (geeignet, sehr hohe Einstrahlung)", "ertkwha_k": 248348.0, "pvarea_solar": 1842.48, "schatten_klasse": "sonnig", "gruendach_eignung": "sehr gut geeignet" }, "geometry": { "type": "Polygon", "coordinates": [ [ [ 10.001396638098324, 53.505271064768621 ], [ 10.001466331191081, 53.505267954981576 ], [ 10.001442769920148, 53.505080137098723 ], [ 10.001432135612195, 53.505080594740903 ], [ 10.001428917349751, 53.505054085983247 ], [ 10.001369206902666, 53.505055943546438 ], [ 10.001396638098324, 53.505271064768621 ] ] ] } },
{ "type": "Feature", "properties": { "gebaeude_id": "DEHHALKAJ0000x0S", "dachneig": 7.987, "dachfl_2d": 91.419, "dachfl_3d": 92.319, "area_m2": 91.4, "expo_klasse": "sonnig", "schatten": 2.66, "solar_eignung": "Eignung 1 (geeignet, sehr hohe Einstrahlung)", "ertkwha_k": 99827.53, "pvarea_solar": 756.11, "schatten_klasse": "sonnig", "gruendach_eignung": "sehr gut geeignet" }, "geometry": { "type": "Polygon", "coordinates": [ [ [ 10.001466331191081, 53.505267954981576 ], [ 10.001396638098324, 53.505271064768621 ], [ 10.001415435223917, 53.505417330166004 ], [ 10.001427049079366, 53.505416846341312 ], [ 10.001427446581951, 53.50542027683376 ], [ 10.001423409610755, 53.50542044548952 ], [ 10.001415848012595, 53.505420769519496 ], [ 10.001419201235342, 53.505449164848805 ], [ 10.00148889398273, 53.505446028085515 ], [ 10.001466331191081, 53.505267954981576 ] ], [ [ 10.001409060181556, 53.505306791115011 ], [ 10.001409387567106, 53.505311085145145 ], [ 10.001402531554328, 53.505311277416425 ], [ 10.001402189094353, 53.50530698351259 ], [ 10.001409060181556, 53.505306791115011 ] ] ] } },
{ "type": "Feature", "properties": { "gebaeude_id": "DEHHALKAJ0000wXl", "dachneig": 12.58, "dachfl_2d": 65.854, "dachfl_3d": 67.474, "area_m2": 65.9, "expo_klasse": "sonnig", "schatten": 2.68, "solar_eignung": "Eignung 1 (geeignet, sehr hohe Einstrahlung)", "ertkwha_k": 30645.24, "pvarea_solar": 231.5, "schatten_klasse": "sonnig", "gruendach_eignung": "sehr gut geeignet" }, "geometry": { "type": "Polygon", "coordinates": [ [ [ 10.001916404477441, 53.505402516191246 ], [ 10.001576517033991, 53.505418048089162 ], [ 10.001579876636518, 53.505444151149618 ], [ 10.001919749212137, 53.505428619367571 ], [ 10.001916404477441, 53.505402516191246 ] ] ] } },
{ "type": "Feature", "properties": { "gebaeude_id": "DEHHALKAJ0000wXl", "dachneig": 3.846, "dachfl_2d": 67.259, "dachfl_3d": 67.411, "area_m2": 67.3, "expo_klasse": "sonnig", "schatten": 2.7, "solar_eignung": "Eignung 1 (geeignet, sehr hohe Einstrahlung)", "ertkwha_k": 40296.73, "pvarea_solar": 299.72, "schatten_klasse": "sonnig", "gruendach_eignung": "sehr gut geeignet" }, "geometry": { "type": "Polygon", "coordinates": [ [ [ 10.001923736246551, 53.505459580244086 ], [ 10.00158384834981, 53.505475112164781 ], [ 10.001587281398988, 53.505501771931392 ], [ 10.001927154432316, 53.505486240126338 ], [ 10.001923736246551, 53.505459580244086 ] ] ] } },
{ "type": "Feature", "properties": { "gebaeude_id": "DEHHALKAJ0000wXl", "dachneig": 3.313, "dachfl_2d": 78.11, "dachfl_3d": 78.241, "area_m2": 78.1, "expo_klasse": "sonnig", "schatten": 2.7, "solar_eignung": "Eignung 1 (geeignet, sehr hohe Einstrahlung)", "ertkwha_k": 40296.73, "pvarea_solar": 299.72, "schatten_klasse": "sonnig", "gruendach_eignung": "sehr gut geeignet" }, "geometry": { "type": "Polygon", "coordinates": [ [ [ 10.001923736246551, 53.505459580244086 ], [ 10.001919749212137, 53.505428619367571 ], [ 10.001579876636518, 53.505444151149618 ], [ 10.00158384834981, 53.505475112164781 ], [ 10.001923736246551, 53.505459580244086 ] ] ] } },
{ "type": "Feature", "properties": { "gebaeude_id": "DEHHALKAJ0000wXl", "dachneig": 12.242, "dachfl_2d": 67.722, "dachfl_3d": 69.298, "area_m2": 67.7, "expo_klasse": "sonnig", "schatten": 2.7, "solar_eignung": "Eignung 1 (geeignet, sehr hohe Einstrahlung)", "ertkwha_k": 40296.73, "pvarea_solar": 299.72, "schatten_klasse": "sonnig", "gruendach_eignung": "sehr gut geeignet" }, "geometry": { "type": "Polygon", "coordinates": [ [ [ 10.001927154432316, 53.505486240126338 ], [ 10.001587281398988, 53.505501771931392 ], [ 10.001590733765495, 53.50552861131716 ], [ 10.00193060722397, 53.505513088488691 ], [ 10.001927154432316, 53.505486240126338 ] ] ] } },
{ "type": "Feature", "properties": { "gebaeude_id": "DEHHALKAJ0000wXl", "dachneig": 3.105, "dachfl_2d": 54.934, "dachfl_3d": 55.018, "area_m2": 54.9, "expo_klasse": "sonnig", "schatten": 2.7, "solar_eignung": "Eignung 1 (geeignet, sehr hohe Einstrahlung)", "ertkwha_k": 40296.73, "pvarea_solar": 299.72, "schatten_klasse": "sonnig", "gruendach_eignung": "sehr gut geeignet" }, "geometry": { "type": "Polygon", "coordinates": [ [ [ 10.001970314589054, 53.505386135701826 ], [ 10.001914869948267, 53.505388596002987 ], [ 10.001916404477441, 53.505402516191246 ], [ 10.00193060722397, 53.505513088488691 ], [ 10.001931872635991, 53.505524547928573 ], [ 10.001985215613205, 53.505522473788432 ], [ 10.001970314589054, 53.505386135701826 ] ] ] } },
{ "type": "Feature", "properties": { "gebaeude_id": "20211007143813_41", "dachneig": 2.886, "dachfl_2d": 25.139, "dachfl_3d": 25.171, "area_m2": 25.1, "expo_klasse": "sonnig", "schatten": 2.71, "solar_eignung": "Eignung 1 (geeignet, sehr hohe Einstrahlung)", "ertkwha_k": 224701.82, "pvarea_solar": 1670.04, "schatten_klasse": "sonnig", "gruendach_eignung": "sehr gut geeignet" }, "geometry": { "type": "Polygon", "coordinates": [ [ [ 10.004446903187244, 53.505303335492123 ], [ 10.00445063940324, 53.505347844923016 ], [ 10.004526971611917, 53.50534557647007 ], [ 10.004523250178856, 53.50530105792793 ], [ 10.004446903187244, 53.505303335492123 ] ] ] } },
{ "type": "Feature", "properties": { "gebaeude_id": "20211007143813_51", "dachneig": 2.654, "dachfl_2d": 152.128, "dachfl_3d": 152.291, "area_m2": 152.1, "expo_klasse": "sonnig", "schatten": 2.75, "solar_eignung": "Eignung 1 (geeignet, sehr hohe Einstrahlung)", "ertkwha_k": 46578.1, "pvarea_solar": 344.31, "schatten_klasse": "sonnig", "gruendach_eignung": "sehr gut geeignet" }, "geometry": { "type": "Polygon", "coordinates": [ [ [ 10.004394016050176, 53.505304903514585 ], [ 10.00481873922908, 53.505292264108974 ], [ 10.004814684044153, 53.505243847124774 ], [ 10.004389961347652, 53.505256486513851 ], [ 10.004394016050176, 53.505304903514585 ] ] ] } },
{ "type": "Feature", "properties": { "gebaeude_id": "DEHHALKAJ0000xNM", "dachneig": 0.0, "dachfl_2d": 229.552, "dachfl_3d": 229.552, "area_m2": 166.9, "expo_klasse": "sonnig", "schatten": 2.79, "solar_eignung": "Eignung 1 (geeignet, sehr hohe Einstrahlung)", "ertkwha_k": 258760.22, "pvarea_solar": 1924.95, "schatten_klasse": "sonnig", "gruendach_eignung": "sehr gut geeignet" }, "geometry": { "type": "Polygon", "coordinates": [ [ [ 10.00440461788344, 53.50572337233325 ], [ 10.004594049966306, 53.50572178049466 ], [ 10.004585220022205, 53.505623667129704 ], [ 10.004468767449096, 53.505627351442705 ], [ 10.004458808393265, 53.505515431360848 ], [ 10.00442208097267, 53.505516836638016 ], [ 10.00440461788344, 53.50572337233325 ] ] ] } },
{ "type": "Feature", "properties": { "gebaeude_id": "DEHHALKAJ0000waR", "dachneig": 9.268, "dachfl_2d": 315.216, "dachfl_3d": 319.385, "area_m2": 315.2, "expo_klasse": "sonnig", "schatten": 2.86, "solar_eignung": "Eignung 1 (geeignet, sehr hohe Einstrahlung)", "ertkwha_k": 1893.28, "pvarea_solar": 13.54, "schatten_klasse": "sonnig", "gruendach_eignung": "sehr gut geeignet" }, "geometry": { "type": "Polygon", "coordinates": [ [ [ 10.004643096024546, 53.505401375510409 ], [ 10.004449185150589, 53.505407508589172 ], [ 10.004458808393265, 53.505515431360848 ], [ 10.004468767449096, 53.505627351442705 ], [ 10.004585220022205, 53.505623667129704 ], [ 10.004587947153018, 53.50562358128758 ], [ 10.004662377818075, 53.505621220861769 ], [ 10.004643096024546, 53.505401375510409 ] ] ] } },
{ "type": "Feature", "properties": { "gebaeude_id": "DEHHALKAJ0000waR", "dachneig": 9.272, "dachfl_2d": 314.798, "dachfl_3d": 318.973, "area_m2": 314.8, "expo_klasse": "sonnig", "schatten": 2.94, "solar_eignung": "Eignung 2 (geeignet, hohe Einstrahlung)", "ertkwha_k": 7614.49, "pvarea_solar": 61.89, "schatten_klasse": "sonnig", "gruendach_eignung": "sehr gut geeignet" }, "geometry": { "type": "Polygon", "coordinates": [ [ [ 10.004856033352825, 53.505615089587366 ], [ 10.004836449270215, 53.50539525579331 ], [ 10.004643096024546, 53.505401375510409 ], [ 10.004662377818075, 53.505621220861769 ], [ 10.004856033352825, 53.505615089587366 ] ] ] } },
{ "type": "Feature", "properties": { "gebaeude_id": "DEHHALKAJ0000wAr", "dachneig": 0.161, "dachfl_2d": 2216.643, "dachfl_3d": 2216.657, "area_m2": 2216.6, "expo_klasse": "sonnig", "schatten": 2.97, "solar_eignung": "Eignung 1 (geeignet, sehr hohe Einstrahlung)", "ertkwha_k": 96500.73, "pvarea_solar": 718.88, "schatten_klasse": "sonnig", "gruendach_eignung": "sehr gut geeignet" }, "geometry": { "type": "Polygon", "coordinates": [ [ [ 10.003809221904344, 53.500490254068417 ], [ 10.003805507262486, 53.500492559499129 ], [ 10.003805165669155, 53.500492778105539 ], [ 10.003781733927278, 53.500507330430224 ], [ 10.003803603993145, 53.50051984833091 ], [ 10.003716712154764, 53.500573829274622 ], [ 10.003849705351291, 53.500649937566578 ], [ 10.003946477908482, 53.500589814903101 ], [ 10.003950118245454, 53.500587555037491 ], [ 10.003952486906705, 53.50058890148204 ], [ 10.003959608814165, 53.500592976637883 ], [ 10.004055709053379, 53.500647973604721 ], [ 10.004123462932299, 53.500605874936483 ], [ 10.004127118122256, 53.500603605951603 ], [ 10.004128233776008, 53.500604243792736 ], [ 10.004131573060022, 53.500602004428728 ], [ 10.004132908858479, 53.500601112278012 ], [ 10.004134360588308, 53.500601936066403 ], [ 10.00414090186573, 53.500605683493497 ], [ 10.004222097998889, 53.500652014217238 ], [ 10.004327131067502, 53.500586752006292 ], [ 10.004420544853934, 53.500528715674278 ], [ 10.004221808915188, 53.500414588245476 ], [ 10.004218858970594, 53.500412887126892 ], [ 10.004212913649452, 53.500409476282066 ], [ 10.004218084851949, 53.500406286661303 ], [ 10.004218218600915, 53.500406204635972 ], [ 10.00434835907023, 53.500325881512531 ], [ 10.004351732291173, 53.500323803660294 ], [ 10.004256968195969, 53.500267914774845 ], [ 10.004254677048039, 53.500267934024308 ], [ 10.00402607813694, 53.500269998241748 ], [ 10.004026089611264, 53.50027176000382 ], [ 10.004026320039854, 53.500322986799695 ], [ 10.004026323660874, 53.500325054256251 ], [ 10.004026327486923, 53.500325854251678 ], [ 10.004023764802861, 53.500325866788465 ], [ 10.004020222350182, 53.500325887554958 ], [ 10.003943405093336, 53.500326388946682 ], [ 10.003943420796404, 53.500324501109304 ], [ 10.003943440960926, 53.500323440229252 ], [ 10.003943575950137, 53.500314476989047 ], [ 10.003919957057549, 53.500314720308424 ], [ 10.003233263064843, 53.500321897064893 ], [ 10.003219260545002, 53.500322041555968 ], [ 10.00321946227948, 53.500334417816404 ], [ 10.003115675336895, 53.500335001204249 ], [ 10.003117917475329, 53.500401240844539 ], [ 10.00311003621187, 53.500401396875638 ], [ 10.00304572057329, 53.500402682692915 ], [ 10.003011824605256, 53.500422940847002 ], [ 10.003010635492023, 53.500423660961872 ], [ 10.003010742490828, 53.50042372298752 ], [ 10.00301139934483, 53.500424086027692 ], [ 10.003011995480929, 53.5004244315992 ], [ 10.003216320260719, 53.500539781579917 ], [ 10.003225961672424, 53.500545210961256 ], [ 10.003230912519246, 53.500548009955537 ], [ 10.003232150231074, 53.500548709704091 ], [ 10.003352743416754, 53.500473870239041 ], [ 10.003357379264216, 53.500470990778091 ], [ 10.00336292731166, 53.500474180273208 ], [ 10.003363110739262, 53.500474286602341 ], [ 10.00351203577727, 53.500559843883714 ], [ 10.003512815347674, 53.500560295781611 ], [ 10.003706688750837, 53.50043925712545 ], [ 10.003709407698587, 53.500437562326603 ], [ 10.003713122340915, 53.500435256898854 ], [ 10.003721833911822, 53.500440253583811 ], [ 10.003809221904344, 53.500490254068417 ] ], [ [ 10.003942355413068, 53.500586982013715 ], [ 10.003938463710695, 53.500589450739007 ], [ 10.003932260651942, 53.500585979121546 ], [ 10.003936746374455, 53.500583127866214 ], [ 10.00393824671041, 53.500582180401317 ], [ 10.003944449981423, 53.500585661005758 ], [ 10.003942355413068, 53.500586982013715 ] ], [ [ 10.003837547679213, 53.500373347003674 ], [ 10.003848761212851, 53.500373207884685 ], [ 10.003849007917369, 53.500379821770906 ], [ 10.003837779520945, 53.500379970003792 ], [ 10.003837547679213, 53.500373347003674 ] ], [ [ 10.003240957870711, 53.500375146673626 ], [ 10.003228767534434, 53.500375419780923 ], [ 10.003228349814639, 53.500368582602341 ], [ 10.003240540148957, 53.500368309495045 ], [ 10.003240957870711, 53.500375146673626 ] ], [ [ 10.0039668391498, 53.500342570212709 ], [ 10.00397945832024, 53.500342581078435 ], [ 10.003979442645562, 53.500350212933654 ], [ 10.00396682347283, 53.500350202067906 ], [ 10.0039668391498, 53.500342570212709 ] ], [ [ 10.003990034176239, 53.500488375922579 ], [ 10.003988248511442, 53.500489370730122 ], [ 10.003986062443776, 53.500490009337845 ], [ 10.00398376173127, 53.500490262378342 ], [ 10.0039797549586, 53.500489774666413 ], [ 10.003976582526862, 53.500488228224825 ], [ 10.003975453076116, 53.500487006208424 ], [ 10.003974907029649, 53.500485590521187 ], [ 10.003975068796862, 53.500484141921618 ], [ 10.003975866832812, 53.500482822813986 ], [ 10.003978567513961, 53.500480993326292 ], [ 10.003982406773325, 53.50048013408427 ], [ 10.003984744214829, 53.50048015939656 ], [ 10.003987076138454, 53.500480589263496 ], [ 10.003989100438893, 53.500481399255364 ], [ 10.003990618188862, 53.500482465195951 ], [ 10.003991908994626, 53.500484773534829 ], [ 10.003991242379357, 53.500487188205732 ], [ 10.003990034176239, 53.500488375922579 ] ], [ [ 10.004186110226394, 53.500369385466833 ], [ 10.004182774750134, 53.500367957258447 ], [ 10.00418151048588, 53.500366772332733 ], [ 10.004180828986152, 53.500365366773522 ], [ 10.004180839799767, 53.500363910452684 ], [ 10.004181486456208, 53.500362565648111 ], [ 10.004184034050864, 53.500360638561965 ], [ 10.004187779244317, 53.500359627289264 ], [ 10.004190129841136, 53.500359571585356 ], [ 10.004192505068792, 53.500359920182824 ], [ 10.004194617896074, 53.500360648525778 ], [ 10.004196240098493, 53.500361668640885 ], [ 10.004197786309463, 53.500363938875665 ], [ 10.004197361518919, 53.500366378483385 ], [ 10.004196275186322, 53.500367619112971 ], [ 10.00419458145843, 53.500368676074793 ], [ 10.004192457817485, 53.500369404052627 ], [ 10.00419017409765, 53.500369737856026 ], [ 10.004186110226394, 53.500369385466833 ] ], [ [ 10.003273437897679, 53.500386874471282 ], [ 10.0032730650794, 53.500388324841275 ], [ 10.003272010775667, 53.500389646095186 ], [ 10.003270437823087, 53.500390711019186 ], [ 10.003266755232358, 53.500391820617381 ], [ 10.003262608140389, 53.500391774523791 ], [ 10.003260424416425, 53.500391235530032 ], [ 10.003258502889283, 53.500390307805347 ], [ 10.003257102565115, 53.500389106033865 ], [ 10.003256347213874, 53.5003877640128 ], [ 10.003256575468114, 53.500385299090986 ], [ 10.003258711668856, 53.500383186707182 ], [ 10.00326059096963, 53.500382325960736 ], [ 10.003262900388412, 53.500381803188915 ], [ 10.00326535501627, 53.5003816837065 ], [ 10.003267668246773, 53.500381960930092 ], [ 10.003271137444431, 53.500383307139863 ], [ 10.003273148547809, 53.500385474604549 ], [ 10.003273437897679, 53.500386874471282 ] ], [ [ 10.003993820578351, 53.50040424234701 ], [ 10.003991385696452, 53.500404559438138 ], [ 10.003988986266778, 53.500404462734004 ], [ 10.003988439802468, 53.500404305520689 ], [ 10.003985191588271, 53.500403379961924 ], [ 10.003982671562445, 53.500401369598002 ], [ 10.003982065860313, 53.500399981379118 ], [ 10.003982121051589, 53.50039848872931 ], [ 10.003982886603151, 53.500397071014618 ], [ 10.003984215391032, 53.500395882284984 ], [ 10.003987694576926, 53.500394459755455 ], [ 10.0039918639596, 53.500394173040959 ], [ 10.003994194604486, 53.50039454898404 ], [ 10.003996323565268, 53.500395322140356 ], [ 10.003998008181318, 53.500396431624637 ], [ 10.003999078823137, 53.500397717058355 ], [ 10.00399939410336, 53.500400213372608 ], [ 10.003997729885468, 53.500402519564979 ], [ 10.003996555226017, 53.500403212601135 ], [ 10.003996020016121, 53.500403531714234 ], [ 10.003993820578351, 53.50040424234701 ] ], [ [ 10.003271887955659, 53.500363372065529 ], [ 10.003272795101699, 53.500364757757822 ], [ 10.003273024794469, 53.500366185092524 ], [ 10.003271830359488, 53.50036859520042 ], [ 10.003268887631927, 53.500370390747328 ], [ 10.003266700286222, 53.500370975418193 ], [ 10.003264217421931, 53.500371176039295 ], [ 10.003261739658036, 53.500370954131071 ], [ 10.00325955466197, 53.500370361213498 ], [ 10.003256647220333, 53.50036854285662 ], [ 10.00325550464553, 53.500366125396866 ], [ 10.00325575730157, 53.500364694013626 ], [ 10.003256704606166, 53.500363310734457 ], [ 10.003258260150679, 53.500362147076892 ], [ 10.003260230739563, 53.500361321520522 ], [ 10.003264317542797, 53.500360729896045 ], [ 10.00326840284516, 53.500361351808856 ], [ 10.003270352396017, 53.500362189407447 ], [ 10.003271887955659, 53.500363372065529 ] ], [ [ 10.004012073086901, 53.500464648422792 ], [ 10.004010043913174, 53.500465546396264 ], [ 10.00400767378086, 53.500466051714362 ], [ 10.004005263945977, 53.500466152857605 ], [ 10.004001235306768, 53.500465377679689 ], [ 10.003998283031526, 53.500463577695449 ], [ 10.003997362060435, 53.500462246059193 ], [ 10.003997070562745, 53.500460756321409 ], [ 10.003997503013482, 53.50045927848101 ], [ 10.003998572794353, 53.500457975068791 ], [ 10.004001713999372, 53.500456285705589 ], [ 10.004005815025085, 53.500455657979991 ], [ 10.004008201507755, 53.500455844683259 ], [ 10.004010522391544, 53.500456445434835 ], [ 10.004012444787362, 53.500457409096491 ], [ 10.0040137999148, 53.500458611238841 ], [ 10.004014687348947, 53.500461075779953 ], [ 10.004013538598477, 53.50046350348979 ], [ 10.004012073086901, 53.500464648422792 ] ], [ [ 10.004016345635669, 53.500384501911249 ], [ 10.004013631141978, 53.500382556104938 ], [ 10.004012874917652, 53.500381178139612 ], [ 10.00401279423499, 53.50037967764198 ], [ 10.004013438348792, 53.50037822499084 ], [ 10.004014660347426, 53.500376983223397 ], [ 10.00401803125656, 53.500375444744535 ], [ 10.004022197239502, 53.500375014232333 ], [ 10.004024571404923, 53.500375317896676 ], [ 10.004026789106742, 53.500376018394427 ], [ 10.004028593035731, 53.500377072941653 ], [ 10.004029783840313, 53.500378339387609 ], [ 10.004030340508651, 53.500380842663276 ], [ 10.004028873733677, 53.500383210121143 ], [ 10.004027255792586, 53.500384284422189 ], [ 10.004025103487658, 53.500385075561297 ], [ 10.004022685803994, 53.500385482399352 ], [ 10.004020257927392, 53.500385457847386 ], [ 10.004016345635669, 53.500384501911249 ] ], [ [ 10.004049098174823, 53.500516222352836 ], [ 10.004049715139972, 53.500518725121879 ], [ 10.004049160616489, 53.500520141064406 ], [ 10.00404792524024, 53.500521454857086 ], [ 10.004046110702708, 53.500522503842475 ], [ 10.004043955842874, 53.500523187134483 ], [ 10.004039741015347, 53.500523465243418 ], [ 10.004035783914814, 53.500522527662426 ], [ 10.004034011612788, 53.500521535773181 ], [ 10.004032729726324, 53.500520243125102 ], [ 10.00403210703621, 53.500518774147508 ], [ 10.004032178361012, 53.500517326307587 ], [ 10.004033902662764, 53.500515010621022 ], [ 10.004037227300016, 53.500513427585005 ], [ 10.004039554337895, 53.50051301251905 ], [ 10.004042086886342, 53.500513000235095 ], [ 10.004044508828228, 53.500513411366626 ], [ 10.004046577289795, 53.500514176041143 ], [ 10.004049098174823, 53.500516222352836 ] ], [ [ 10.003938300616005, 53.500463856775824 ], [ 10.003938794848795, 53.500462441340261 ], [ 10.003941126761331, 53.500460318311269 ], [ 10.003944851587622, 53.500459082490501 ], [ 10.00394725951123, 53.500458900462881 ], [ 10.003949767855168, 53.500459140078192 ], [ 10.003952059653193, 53.500459786020599 ], [ 10.003953876533938, 53.500460750569403 ], [ 10.003955799571019, 53.500463017642197 ], [ 10.003955723789822, 53.500465553197451 ], [ 10.003954775444123, 53.500466891545571 ], [ 10.003953189980555, 53.500468064452583 ], [ 10.003951099662361, 53.500468926982265 ], [ 10.003948788761107, 53.500469386856402 ], [ 10.003944533811557, 53.500469242812507 ], [ 10.003940884554142, 53.500467934090821 ], [ 10.003939424976219, 53.500466777770271 ], [ 10.00393851716928, 53.500465365121357 ], [ 10.003938300616005, 53.500463856775824 ] ], [ [ 10.003822613059077, 53.500501243115416 ], [ 10.003821990376498, 53.500499774136685 ], [ 10.003822076357215, 53.50049830819566 ], [ 10.003823815318515, 53.500495974410946 ], [ 10.003827185182454, 53.500494391000949 ], [ 10.003829542368221, 53.500493975685892 ], [ 10.003832089989134, 53.50049396327978 ], [ 10.003834542287079, 53.500494383149743 ], [ 10.003836610956299, 53.50049515681517 ], [ 10.003839147328202, 53.500497220979369 ], [ 10.003839765129925, 53.50049975969872 ], [ 10.003839195526272, 53.500501175766829 ], [ 10.003837930209503, 53.500502498797886 ], [ 10.003836100806463, 53.500503556893982 ], [ 10.00383393087073, 53.500504240308835 ], [ 10.003829655537551, 53.500504509929385 ], [ 10.003825683157606, 53.500503563480734 ], [ 10.003823895575529, 53.500502562727611 ], [ 10.003822613059077, 53.500501243115416 ] ], [ [ 10.004088097471483, 53.500410803496365 ], [ 10.004089482746339, 53.500412005384625 ], [ 10.004090401180106, 53.50041450562108 ], [ 10.004089253497042, 53.500416978268106 ], [ 10.004087773340457, 53.500418141303228 ], [ 10.004085729309509, 53.50041904839189 ], [ 10.004083329458632, 53.500419571939297 ], [ 10.004080889692126, 53.500419682324576 ], [ 10.004079799310878, 53.500419475746213 ], [ 10.0040768005501, 53.500418898668393 ], [ 10.004073787556619, 53.500417081217897 ], [ 10.004072836012645, 53.500415731860848 ], [ 10.004072544087942, 53.500414224148692 ], [ 10.004072975898508, 53.500412719346137 ], [ 10.004074045463538, 53.500411406945986 ], [ 10.004077215959461, 53.500409681378386 ], [ 10.004081361987339, 53.500409044283096 ], [ 10.00408379347552, 53.500409221617701 ], [ 10.004086144504551, 53.500409822114577 ], [ 10.004086800517983, 53.500410149199617 ], [ 10.004088097471483, 53.500410803496365 ] ], [ [ 10.003912991427224, 53.500438504420089 ], [ 10.003916774218633, 53.500439722130352 ], [ 10.003918353532892, 53.500440841489258 ], [ 10.003919396574622, 53.500442235024401 ], [ 10.003919733714296, 53.500443742357092 ], [ 10.003919360917656, 53.500445192729003 ], [ 10.003917181862256, 53.500447404364458 ], [ 10.003913535163488, 53.500448756386149 ], [ 10.003911113865515, 53.500449010438047 ], [ 10.003908577286532, 53.500448851960684 ], [ 10.003906211396702, 53.500448260574203 ], [ 10.003904290277658, 53.500447350834584 ], [ 10.003902172139103, 53.500445121355845 ], [ 10.003902036258776, 53.500442560611127 ], [ 10.003902878242462, 53.500441187200359 ], [ 10.003904371779761, 53.5004399521426 ], [ 10.003906400317584, 53.500439027209055 ], [ 10.003908694445585, 53.500438495564069 ], [ 10.003912991427224, 53.500438504420089 ] ], [ [ 10.004078951638846, 53.500365737195324 ], [ 10.004079338228562, 53.50036423277259 ], [ 10.0040803770084, 53.500362893663748 ], [ 10.004083516504227, 53.500361132400123 ], [ 10.004087676326462, 53.500360441254209 ], [ 10.004090122460514, 53.50036060048749 ], [ 10.004092488135623, 53.500361182883083 ], [ 10.004094485895804, 53.500362145910351 ], [ 10.004095901316008, 53.50036334754531 ], [ 10.004096895115959, 53.500365847148622 ], [ 10.004095823226187, 53.500368337137182 ], [ 10.004094373642912, 53.500369517893731 ], [ 10.004092345324901, 53.500370451817766 ], [ 10.004089946113973, 53.500371002327178 ], [ 10.004087491914005, 53.500371139801054 ], [ 10.004083358618182, 53.50037040146136 ], [ 10.004080285759109, 53.500368602492053 ], [ 10.004079288995939, 53.500367253514916 ], [ 10.004078951638846, 53.500365737195324 ] ], [ [ 10.003969373089769, 53.500419189771023 ], [ 10.003968104600013, 53.500421654442462 ], [ 10.00396654864822, 53.500422800134572 ], [ 10.003964428610425, 53.50042368089229 ], [ 10.003961997761643, 53.500424168741326 ], [ 10.003959526786028, 53.500424234440878 ], [ 10.003955435946997, 53.500423378882211 ], [ 10.003952481553274, 53.500421489023879 ], [ 10.003951604743023, 53.500420112070998 ], [ 10.003951372691475, 53.500418585877547 ], [ 10.003951879873371, 53.500417080442396 ], [ 10.003953024809208, 53.500415767410232 ], [ 10.003956316959252, 53.500414085769499 ], [ 10.003960539842774, 53.500413510956371 ], [ 10.003962972604793, 53.500413742217212 ], [ 10.003965309620718, 53.500414387779529 ], [ 10.003967248361059, 53.500415405239046 ], [ 10.003968574400782, 53.500416652571602 ], [ 10.003969373089769, 53.500419189771023 ] ], [ [ 10.004049977904558, 53.500441794423523 ], [ 10.004047872940973, 53.500442675056114 ], [ 10.004045427018667, 53.500443163033445 ], [ 10.004042940968692, 53.500443228861364 ], [ 10.004038849913856, 53.500442364318289 ], [ 10.004035910588469, 53.500440474335448 ], [ 10.004035018489374, 53.500439088522491 ], [ 10.004034786434735, 53.500437562329218 ], [ 10.00403530847491, 53.500436047779793 ], [ 10.004036453621064, 53.500434743734196 ], [ 10.004039745556879, 53.500433053103862 ], [ 10.004043983726859, 53.500432487148444 ], [ 10.0040464315638, 53.50043271828094 ], [ 10.004048768582022, 53.50043336384168 ], [ 10.004050692251798, 53.500434381426373 ], [ 10.004052018506931, 53.500435637745298 ], [ 10.004052817201249, 53.500438174944129 ], [ 10.004051533854776, 53.50044064873034 ], [ 10.004049977904558, 53.500441794423523 ] ], [ [ 10.004130612605753, 53.500396755991567 ], [ 10.004130440416727, 53.500395211317347 ], [ 10.004131008097904, 53.500393714362254 ], [ 10.004132198460148, 53.500392409935884 ], [ 10.004135551531906, 53.50039075474556 ], [ 10.004139820905003, 53.500390233469986 ], [ 10.004142269377152, 53.500390491562378 ], [ 10.004144592170611, 53.500391173196981 ], [ 10.004146501404474, 53.500392217868715 ], [ 10.004147797726693, 53.500393483427096 ], [ 10.004148506622737, 53.500396048346907 ], [ 10.004147147703714, 53.50039851378002 ], [ 10.00414554611273, 53.50039964187971 ], [ 10.004143395508281, 53.500400504919263 ], [ 10.004140918805616, 53.500400966189936 ], [ 10.004138431908803, 53.50040099607066 ], [ 10.004134354867615, 53.500400086467764 ], [ 10.004131459699279, 53.50039815117097 ], [ 10.004130612605753, 53.500396755991567 ] ], [ [ 10.003852952050297, 53.500380849357633 ], [ 10.003853032920077, 53.500370870806918 ], [ 10.003884725657013, 53.500370964200783 ], [ 10.003884644794637, 53.500380942751526 ], [ 10.003852952050297, 53.500380849357633 ] ], [ [ 10.004125488533433, 53.500556975338988 ], [ 10.004073913576093, 53.500527052485118 ], [ 10.004088432838293, 53.500518148195781 ], [ 10.004122948611649, 53.500538173555867 ], [ 10.004154835255401, 53.500556674872165 ], [ 10.00414031599416, 53.500565579169546 ], [ 10.004125488533433, 53.500556975338988 ] ] ] } },
{ "type": "Feature", "properties": { "gebaeude_id": "DEHHALKAJ0000wAr", "dachneig": 0.0, "dachfl_2d": 11.152, "dachfl_3d": 11.152, "area_m2": 11.2, "expo_klasse": "sonnig", "schatten": 2.97, "solar_eignung": "Eignung 1 (geeignet, sehr hohe Einstrahlung)", "ertkwha_k": 24739.64, "pvarea_solar": 184.32, "schatten_klasse": "sonnig", "gruendach_eignung": "sehr gut geeignet" }, "geometry": { "type": "Polygon", "coordinates": [ [ [ 10.004365688521009, 53.500569825212096 ], [ 10.004384806268845, 53.500580703154888 ], [ 10.004451023719595, 53.500539318356779 ], [ 10.004431906186129, 53.50052844941176 ], [ 10.004365688521009, 53.500569825212096 ] ] ] } },
{ "type": "Feature", "properties": { "gebaeude_id": "DEHHALKA5N5000ML", "dachneig": 0.0, "dachfl_2d": 973.326, "dachfl_3d": 973.326, "area_m2": 973.3, "expo_klasse": "sonnig", "schatten": 3.08, "solar_eignung": "Eignung 2 (geeignet, hohe Einstrahlung)", "ertkwha_k": 33695.46, "pvarea_solar": 254.04, "schatten_klasse": "sonnig", "gruendach_eignung": "sehr gut geeignet" }, "geometry": { "type": "Polygon", "coordinates": [ [ [ 10.00018379930304, 53.498947944077131 ], [ 10.000364591341842, 53.498871192583685 ], [ 10.000097941016538, 53.498572505740498 ], [ 10.000015788776624, 53.498596654563457 ], [ 10.000018488632778, 53.498599912987189 ], [ 10.00001220036774, 53.498601763411514 ], [ 10.000009500300459, 53.498598496000383 ], [ 9.99958798682986, 53.498722367465298 ], [ 9.999571220036133, 53.498776738754913 ], [ 9.999913771085232, 53.499016308930379 ], [ 9.999949494729858, 53.498997465624264 ], [ 9.999881923088356, 53.498951907962343 ], [ 9.999937123696022, 53.498922771044704 ], [ 9.999723482662219, 53.498772768623645 ], [ 9.999962038609551, 53.49870086511261 ], [ 10.00018379930304, 53.498947944077131 ] ], [ [ 9.999790171854151, 53.498905150218 ], [ 9.999794143815516, 53.498908011476111 ], [ 9.999789434492778, 53.498910334091327 ], [ 9.999785462531497, 53.49890747283311 ], [ 9.999790171854151, 53.498905150218 ] ], [ [ 9.999841231610404, 53.498926845228773 ], [ 9.999845109756597, 53.498929563444726 ], [ 9.999840148635794, 53.498932076938758 ], [ 9.999836270489654, 53.498929358722613 ], [ 9.999841231610404, 53.498926845228773 ] ], [ [ 9.99964783498007, 53.498804925985155 ], [ 9.999651988642272, 53.498807821684593 ], [ 9.999647102254057, 53.498810307578417 ], [ 9.9996429485919, 53.498807411878801 ], [ 9.99964783498007, 53.498804925985155 ] ], [ [ 10.000180085044914, 53.498780526708977 ], [ 10.000183169361312, 53.498784105518531 ], [ 10.000177751070289, 53.49878576889035 ], [ 10.000174651681373, 53.498782190206732 ], [ 10.000180085044914, 53.498780526708977 ] ], [ [ 10.000102248940856, 53.498742102493125 ], [ 10.000099382633616, 53.498738818496797 ], [ 10.000105279233219, 53.498736980334101 ], [ 10.000108145540832, 53.498740264330287 ], [ 10.000102248940856, 53.498742102493125 ] ], [ [ 10.000229823043398, 53.498843420546393 ], [ 10.000235526243143, 53.498841691864598 ], [ 10.000238487447408, 53.498845163834069 ], [ 10.000232769174477, 53.498846892642142 ], [ 10.000229823043398, 53.498843420546393 ] ], [ [ 10.000180746673207, 53.498821448421481 ], [ 10.000183964110006, 53.498824918248282 ], [ 10.000178249221973, 53.498826790850565 ], [ 10.000175046858359, 53.498823320897507 ], [ 10.000180746673207, 53.498821448421481 ] ], [ [ 9.99968053175491, 53.498713170738178 ], [ 9.999674878841978, 53.498715114710663 ], [ 9.99967155700242, 53.498711690688872 ], [ 9.999677224987881, 53.498709746590499 ], [ 9.99968053175491, 53.498713170738178 ] ], [ [ 10.000222680329722, 53.498867256414862 ], [ 10.000225442202893, 53.498870586227511 ], [ 10.000219168768453, 53.498872427549401 ], [ 10.000216421756967, 53.498869088623188 ], [ 10.000222680329722, 53.498867256414862 ] ], [ [ 10.000170860054855, 53.498778024036667 ], [ 10.000176754964526, 53.498776113972035 ], [ 10.000179818919332, 53.498779468225258 ], [ 10.000179145718546, 53.49877968959612 ], [ 10.000173819345591, 53.498781415122096 ], [ 10.00017075539113, 53.49877806086873 ], [ 10.000170860054855, 53.498778024036667 ] ], [ [ 10.000021187505283, 53.498642849187362 ], [ 10.000023953577767, 53.498646358751031 ], [ 10.000017827934407, 53.498648072978987 ], [ 10.000015061862301, 53.498644563415226 ], [ 10.000021187505283, 53.498642849187362 ] ], [ [ 9.999836243051099, 53.498675094044344 ], [ 9.999830073446217, 53.498676862564778 ], [ 9.999827247096448, 53.498673353500941 ], [ 9.999833416700941, 53.498671584980613 ], [ 9.999836243051099, 53.498675094044344 ] ], [ [ 10.000067007185573, 53.498662897996496 ], [ 10.000063920984305, 53.498659238298053 ], [ 10.000069968936883, 53.498657425837926 ], [ 10.000073054927032, 53.49866107654892 ], [ 10.000067007185573, 53.498662897996496 ] ], [ [ 9.999662262973642, 53.498764570230925 ], [ 9.99964264516486, 53.49876246905405 ], [ 9.999646168256268, 53.498750735817197 ], [ 9.999665801132632, 53.498752836867482 ], [ 9.999662262973642, 53.498764570230925 ] ], [ [ 9.999706422200248, 53.498814009353637 ], [ 9.999716308998451, 53.498808757946016 ], [ 9.999726418609741, 53.498815541042028 ], [ 9.999716531599843, 53.498820783463209 ], [ 9.999718553564705, 53.498822141879927 ], [ 9.99970979813472, 53.498826781557426 ], [ 9.999697666982058, 53.498818658017584 ], [ 9.999706422200248, 53.498814009353637 ] ], [ [ 10.00005450936901, 53.498630866626129 ], [ 10.000055893569439, 53.498632670837736 ], [ 10.000066213995712, 53.498629833833249 ], [ 10.000071780522504, 53.498637032452194 ], [ 10.000061460094866, 53.498639869457151 ], [ 10.000063030456849, 53.49864189683796 ], [ 10.000050702752674, 53.498645280991575 ], [ 10.000042166594605, 53.498634250904971 ], [ 10.00005450936901, 53.498630866626129 ] ], [ [ 10.000220436318836, 53.498794976079736 ], [ 10.00022180524733, 53.498796771428133 ], [ 10.000233982676125, 53.498793406492695 ], [ 10.000239551791502, 53.498800712951052 ], [ 10.000227327873342, 53.498804024341602 ], [ 10.000228790624062, 53.498805962729975 ], [ 10.000217180882444, 53.498809107176726 ], [ 10.000208811506724, 53.498798120651749 ], [ 10.000220436318836, 53.498794976079736 ] ], [ [ 10.000209212245629, 53.498854218102203 ], [ 10.000189390948313, 53.49886012798148 ], [ 10.000179277457457, 53.498848059381999 ], [ 10.000199098750592, 53.498842149504419 ], [ 10.000209212245629, 53.498854218102203 ] ], [ [ 9.999593731086925, 53.498762761264601 ], [ 9.999600583399211, 53.498740024529965 ], [ 9.999640619967694, 53.498744310086487 ], [ 9.999633782749029, 53.498767046697211 ], [ 9.999593731086925, 53.498762761264601 ] ], [ [ 10.000142370764294, 53.498876198369267 ], [ 10.000124469772549, 53.498856086782311 ], [ 10.000170574830165, 53.498841489277723 ], [ 10.000188476048974, 53.498861609845072 ], [ 10.000142370764294, 53.498876198369267 ] ] ] } },
{ "type": "Feature", "properties": { "gebaeude_id": "DEHHALKAJ0000who", "dachneig": 0.0, "dachfl_2d": 15.492, "dachfl_3d": 15.492, "area_m2": 15.5, "expo_klasse": "sonnig", "schatten": 3.08, "solar_eignung": "Eignung 2 (geeignet, hohe Einstrahlung)", "ertkwha_k": 33695.46, "pvarea_solar": 254.04, "schatten_klasse": "sonnig", "gruendach_eignung": "sehr gut geeignet" }, "geometry": { "type": "Polygon", "coordinates": [ [ [ 10.000696652945251, 53.500407081475316 ], [ 10.000762821511332, 53.500380764824335 ], [ 10.00073821121577, 53.500358758875386 ], [ 10.000737957296389, 53.500358859881004 ], [ 10.000672150510258, 53.500385173489711 ], [ 10.000696652945251, 53.500407081475316 ] ] ] } },
{ "type": "Feature", "properties": { "gebaeude_id": "DEHHALKAJ0000xUk", "dachneig": 0.0, "dachfl_2d": 22.992, "dachfl_3d": 22.992, "area_m2": 23.0, "expo_klasse": "sonnig", "schatten": 3.11, "solar_eignung": "Eignung 2 (geeignet, hohe Einstrahlung)", "ertkwha_k": 42127.46, "pvarea_solar": 313.3, "schatten_klasse": "sonnig", "gruendach_eignung": "sehr gut geeignet" }, "geometry": { "type": "Polygon", "coordinates": [ [ [ 10.002773592644434, 53.504976851521349 ], [ 10.00271467563752, 53.504977822172862 ], [ 10.002714606671121, 53.504976177752333 ], [ 10.002708231635058, 53.504976303140722 ], [ 10.002711050949895, 53.505026762085052 ], [ 10.002717215155094, 53.505026647454095 ], [ 10.002717155521442, 53.505025398474203 ], [ 10.002775801455757, 53.505024439084799 ], [ 10.002773592644434, 53.504976851521349 ] ] ] } },
{ "type": "Feature", "properties": { "gebaeude_id": "DEHHALKAJ00058vI", "dachneig": 2.243, "dachfl_2d": 271.656, "dachfl_3d": 271.859, "area_m2": 271.7, "expo_klasse": "sonnig", "schatten": 3.11, "solar_eignung": "Eignung 2 (geeignet, hohe Einstrahlung)", "ertkwha_k": 42127.46, "pvarea_solar": 313.3, "schatten_klasse": "sonnig", "gruendach_eignung": "sehr gut geeignet" }, "geometry": { "type": "Polygon", "coordinates": [ [ [ 10.000079549686125, 53.504702862849783 ], [ 10.00013891607647, 53.505152700277904 ], [ 10.000220122479224, 53.505148685871454 ], [ 10.000161016164123, 53.504699044063479 ], [ 10.000079549686125, 53.504702862849783 ] ] ] } },
{ "type": "Feature", "properties": { "gebaeude_id": "DEHHALKAJ0000w6b", "dachneig": 0.0, "dachfl_2d": 14.438, "dachfl_3d": 14.438, "area_m2": 14.4, "expo_klasse": "sonnig", "schatten": 3.14, "solar_eignung": "Eignung 2 (geeignet, hohe Einstrahlung)", "ertkwha_k": 11904.97, "pvarea_solar": 90.26, "schatten_klasse": "sonnig", "gruendach_eignung": "sehr gut geeignet" }, "geometry": { "type": "Polygon", "coordinates": [ [ [ 10.00065032577932, 53.500364294803958 ], [ 10.000649265303894, 53.500364717178996 ], [ 10.000672150510258, 53.500385173489711 ], [ 10.000737957296389, 53.500358859881004 ], [ 10.00073821121577, 53.500358758875386 ], [ 10.000715310707106, 53.500338293716254 ], [ 10.00065032577932, 53.500364294803958 ] ] ] } },
{ "type": "Feature", "properties": { "gebaeude_id": "DEHHALKAJ0000xNU", "dachneig": 2.565, "dachfl_2d": 791.108, "dachfl_3d": 791.815, "area_m2": 791.1, "expo_klasse": "sonnig", "schatten": 3.14, "solar_eignung": "Eignung 2 (geeignet, hohe Einstrahlung)", "ertkwha_k": 11904.97, "pvarea_solar": 90.26, "schatten_klasse": "sonnig", "gruendach_eignung": "sehr gut geeignet" }, "geometry": { "type": "Polygon", "coordinates": [ [ [ 10.000221091462826, 53.505146933885143 ], [ 10.00022132742861, 53.505148630843749 ], [ 10.00040911758304, 53.505139364728777 ], [ 10.00045455531229, 53.505137123713581 ], [ 10.00045487756968, 53.505140563827858 ], [ 10.000459471027005, 53.505140336612868 ], [ 10.000460916965556, 53.505140270576732 ], [ 10.000458667832222, 53.505134401563978 ], [ 10.000458595045375, 53.505133871818423 ], [ 10.000397403686334, 53.504687996007462 ], [ 10.00016172405123, 53.504699011173408 ], [ 10.000161016164123, 53.504699044063479 ], [ 10.000221091462826, 53.505146933885143 ] ], [ [ 10.000458444717799, 53.505133891054697 ], [ 10.00040905261422, 53.505136605629929 ], [ 10.000458595045375, 53.505133871818423 ], [ 10.000458444717799, 53.505133891054697 ] ] ] } },
{ "type": "Feature", "properties": { "gebaeude_id": "DEHHALKAJ0000xNU", "dachneig": 2.529, "dachfl_2d": 821.185, "dachfl_3d": 822.001, "area_m2": 821.2, "expo_klasse": "sonnig", "schatten": 3.16, "solar_eignung": "Eignung 6 (geringe Einstrahlung / weniger geeignet / vor Ort zu prüfen)", "ertkwha_k": 7818.46, "pvarea_solar": 54.25, "schatten_klasse": "sonnig", "gruendach_eignung": "sehr gut geeignet" }, "geometry": { "type": "Polygon", "coordinates": [ [ [ 10.00050619056003, 53.505138102828127 ], [ 10.00070180414426, 53.505128752793468 ], [ 10.000644077726216, 53.504676456866939 ], [ 10.000397659748504, 53.504687984875396 ], [ 10.000397403686334, 53.504687996007462 ], [ 10.000458595045375, 53.505133871818423 ], [ 10.000458756801272, 53.505134337895932 ], [ 10.000458667832222, 53.505134401563978 ], [ 10.000460916965556, 53.505140270576732 ], [ 10.00050619056003, 53.505138102828127 ] ] ] } },
{ "type": "Feature", "properties": { "gebaeude_id": "DEHHALKAJ00059Dv", "dachneig": 14.763, "dachfl_2d": 86.797, "dachfl_3d": 89.761, "area_m2": 86.8, "expo_klasse": "sonnig", "schatten": 3.2, "solar_eignung": "Eignung 2 (geeignet, hohe Einstrahlung)", "ertkwha_k": 53403.97, "pvarea_solar": 410.27, "schatten_klasse": "sonnig", "gruendach_eignung": "sehr gut geeignet" }, "geometry": { "type": "Polygon", "coordinates": [ [ [ 10.003502265731242, 53.504542695192335 ], [ 10.003502187597384, 53.50454257899041 ], [ 10.003452926554619, 53.504543783563562 ], [ 10.00347031933671, 53.504791178482101 ], [ 10.003515888789108, 53.504790067817574 ], [ 10.003515689649326, 53.50478610531092 ], [ 10.003502265731242, 53.504542695192335 ] ] ] } },
{ "type": "Feature", "properties": { "gebaeude_id": "DEHHALKAJ0000wBx", "dachneig": 0.0, "dachfl_2d": 12.737, "dachfl_3d": 12.737, "area_m2": 12.7, "expo_klasse": "sonnig", "schatten": 3.2, "solar_eignung": "Eignung 2 (geeignet, hohe Einstrahlung)", "ertkwha_k": 53403.97, "pvarea_solar": 410.27, "schatten_klasse": "sonnig", "gruendach_eignung": "sehr gut geeignet" }, "geometry": { "type": "Polygon", "coordinates": [ [ [ 10.000695182054708, 53.50032029531981 ], [ 10.000629013539946, 53.500346611933338 ], [ 10.000649265303894, 53.500364717178996 ], [ 10.00065032577932, 53.500364294803958 ], [ 10.000715310707106, 53.500338293716254 ], [ 10.000695182054708, 53.50032029531981 ] ] ] } },
{ "type": "Feature", "properties": { "gebaeude_id": "DEHHALKAJ0000xIT", "dachneig": 2.702, "dachfl_2d": 2482.863, "dachfl_3d": 2484.983, "area_m2": 2482.9, "expo_klasse": "sonnig", "schatten": 3.26, "solar_eignung": "Eignung 2 (geeignet, hohe Einstrahlung)", "ertkwha_k": 27352.48, "pvarea_solar": 206.77, "schatten_klasse": "sonnig", "gruendach_eignung": "sehr gut geeignet" }, "geometry": { "type": "Polygon", "coordinates": [ [ [ 9.999499526629863, 53.504955758322104 ], [ 9.999760518321976, 53.504943229356023 ], [ 9.999691146331276, 53.504424259624734 ], [ 9.999676454184193, 53.504314410282902 ], [ 9.999414698778789, 53.504326999400867 ], [ 9.999144764986788, 53.504339970921762 ], [ 9.999228455201951, 53.504965404585541 ], [ 9.999228910708784, 53.504968744709394 ], [ 9.999237209441942, 53.504968351732195 ], [ 9.999499526629863, 53.504955758322104 ] ] ] } },
{ "type": "Feature", "properties": { "gebaeude_id": "DEHHALKAJ00058uA", "dachneig": 2.158, "dachfl_2d": 297.481, "dachfl_3d": 297.693, "area_m2": 297.5, "expo_klasse": "sonnig", "schatten": 3.26, "solar_eignung": "Eignung 2 (geeignet, hohe Einstrahlung)", "ertkwha_k": 27352.48, "pvarea_solar": 206.77, "schatten_klasse": "sonnig", "gruendach_eignung": "sehr gut geeignet" }, "geometry": { "type": "Polygon", "coordinates": [ [ [ 9.999760894774523, 53.504943208229363 ], [ 9.999837901442486, 53.504939507867043 ], [ 9.999768339400914, 53.504422112852616 ], [ 9.999768107898793, 53.504420604626034 ], [ 9.999691146331276, 53.504424259624734 ], [ 9.999760518321976, 53.504943229356023 ], [ 9.999760894774523, 53.504943208229363 ] ] ] } },
{ "type": "Feature", "properties": { "gebaeude_id": "DEHHALKAJ0000xRY", "dachneig": 9.788, "dachfl_2d": 167.549, "dachfl_3d": 170.069, "area_m2": 167.5, "expo_klasse": "sonnig", "schatten": 3.37, "solar_eignung": "Eignung 2 (geeignet, hohe Einstrahlung)", "ertkwha_k": 89727.94, "pvarea_solar": 675.36, "schatten_klasse": "sonnig", "gruendach_eignung": "sehr gut geeignet" }, "geometry": { "type": "Polygon", "coordinates": [ [ [ 10.001788016845314, 53.505039427228994 ], [ 10.001787846839569, 53.505037972425193 ], [ 10.001778156020693, 53.50495694530548 ], [ 10.001503819721929, 53.50496879045717 ], [ 10.001513488166323, 53.505049530134407 ], [ 10.001513673237811, 53.50505098481235 ], [ 10.001788016845314, 53.505039427228994 ] ] ] } },
{ "type": "Feature", "properties": { "gebaeude_id": "DEHHALKAJ0000xRY", "dachneig": 9.838, "dachfl_2d": 52.509, "dachfl_3d": 53.295, "area_m2": 52.5, "expo_klasse": "sonnig", "schatten": 3.37, "solar_eignung": "Eignung 2 (geeignet, hohe Einstrahlung)", "ertkwha_k": 89727.94, "pvarea_solar": 675.36, "schatten_klasse": "sonnig", "gruendach_eignung": "sehr gut geeignet" }, "geometry": { "type": "Polygon", "coordinates": [ [ [ 10.001513673237811, 53.50505098481235 ], [ 10.001516818117361, 53.505076936860753 ], [ 10.001791139823101, 53.505065082815243 ], [ 10.001788016845314, 53.505039427228994 ], [ 10.001513673237811, 53.50505098481235 ] ] ] } },
{ "type": "Feature", "properties": { "gebaeude_id": "DEHHALKAJ00059FN", "dachneig": 9.084, "dachfl_2d": 186.407, "dachfl_3d": 188.742, "area_m2": 130.2, "expo_klasse": "sonnig", "schatten": 3.37, "solar_eignung": "Eignung 2 (geeignet, hohe Einstrahlung)", "ertkwha_k": 89727.94, "pvarea_solar": 675.36, "schatten_klasse": "sonnig", "gruendach_eignung": "sehr gut geeignet" }, "geometry": { "type": "Polygon", "coordinates": [ [ [ 10.005034682003432, 53.505350648497796 ], [ 10.005067680082316, 53.505717799164792 ], [ 10.005114194899528, 53.505717408060484 ], [ 10.0050840494541, 53.505349442381515 ], [ 10.005083205671509, 53.505349467454309 ], [ 10.005034682003432, 53.505350648497796 ] ] ] } },
{ "type": "Feature", "properties": { "gebaeude_id": "DEHHALKAJ0000wTr", "dachneig": 14.784, "dachfl_2d": 294.475, "dachfl_3d": 304.546, "area_m2": 294.5, "expo_klasse": "sonnig", "schatten": 3.42, "solar_eignung": "Eignung 1 (geeignet, sehr hohe Einstrahlung)", "ertkwha_k": 6764.52, "pvarea_solar": 51.68, "schatten_klasse": "sonnig", "gruendach_eignung": "sehr gut geeignet" }, "geometry": { "type": "Polygon", "coordinates": [ [ [ 10.00366151337866, 53.504538670474389 ], [ 10.003502262971674, 53.50454257835765 ], [ 10.003502316259336, 53.504543557718634 ], [ 10.003515689649326, 53.50478610531092 ], [ 10.003515711517224, 53.504786392777469 ], [ 10.003515903864047, 53.504790067691019 ], [ 10.003678696323233, 53.504786067129224 ], [ 10.00366151337866, 53.504538670474389 ] ] ] } },
{ "type": "Feature", "properties": { "gebaeude_id": "DEHHALKAJ0000wTr", "dachneig": 14.291, "dachfl_2d": 297.41, "dachfl_3d": 306.907, "area_m2": 297.4, "expo_klasse": "sonnig", "schatten": 3.42, "solar_eignung": "Eignung 1 (geeignet, sehr hohe Einstrahlung)", "ertkwha_k": 6764.52, "pvarea_solar": 51.68, "schatten_klasse": "sonnig", "gruendach_eignung": "sehr gut geeignet" }, "geometry": { "type": "Polygon", "coordinates": [ [ [ 10.003684332230193, 53.504785929916942 ], [ 10.003841323136838, 53.504782076725732 ], [ 10.003824139247532, 53.504534680098459 ], [ 10.00366151337866, 53.504538670474389 ], [ 10.003678696323233, 53.504786067129224 ], [ 10.003684332230193, 53.504785929916942 ] ] ] } },
{ "type": "Feature", "properties": { "gebaeude_id": "DEHHALKAJ0000wjM", "dachneig": 8.74, "dachfl_2d": 89.167, "dachfl_3d": 90.315, "area_m2": 89.2, "expo_klasse": "sonnig", "schatten": 3.43, "solar_eignung": "Eignung 2 (geeignet, hohe Einstrahlung)", "ertkwha_k": 19476.0, "pvarea_solar": 144.45, "schatten_klasse": "sonnig", "gruendach_eignung": "sehr gut geeignet" }, "geometry": { "type": "Polygon", "coordinates": [ [ [ 10.001489450014905, 53.50496941423647 ], [ 10.001357033946515, 53.504975125959184 ], [ 10.00136694921038, 53.505056753496973 ], [ 10.001369479912929, 53.505056651395506 ], [ 10.001428917349751, 53.505054085983247 ], [ 10.001428973590606, 53.505054552943477 ], [ 10.001513658162745, 53.505050984938649 ], [ 10.001513488166323, 53.505049530134407 ], [ 10.001503819721929, 53.50496879045717 ], [ 10.001489450014905, 53.50496941423647 ] ] ] } },
{ "type": "Feature", "properties": { "gebaeude_id": "DEHHALKAJ0000wjM", "dachneig": 13.443, "dachfl_2d": 16.33, "dachfl_3d": 16.683, "area_m2": 16.3, "expo_klasse": "sonnig", "schatten": 3.52, "solar_eignung": "Eignung 1 (geeignet, sehr hohe Einstrahlung)", "ertkwha_k": 7855.79, "pvarea_solar": 52.08, "schatten_klasse": "sonnig", "gruendach_eignung": "sehr gut geeignet" }, "geometry": { "type": "Polygon", "coordinates": [ [ [ 10.001428973590606, 53.505054552943477 ], [ 10.001432135612195, 53.505080594740903 ], [ 10.001516818117361, 53.505076936860753 ], [ 10.001513658162745, 53.505050984938649 ], [ 10.001428973590606, 53.505054552943477 ] ] ] } },
{ "type": "Feature", "properties": { "gebaeude_id": "DEHHALKAJ0000wih", "dachneig": 9.88, "dachfl_2d": 110.807, "dachfl_3d": 112.474, "area_m2": 110.8, "expo_klasse": "sonnig", "schatten": 3.53, "solar_eignung": "Eignung 2 (geeignet, hohe Einstrahlung)", "ertkwha_k": 36442.66, "pvarea_solar": 273.64, "schatten_klasse": "sonnig", "gruendach_eignung": "sehr gut geeignet" }, "geometry": { "type": "Polygon", "coordinates": [ [ [ 10.001926235457752, 53.505033603470615 ], [ 10.001916205362155, 53.504950988140187 ], [ 10.001778156020693, 53.50495694530548 ], [ 10.001787846839569, 53.505037972425193 ], [ 10.001788016845314, 53.505039427228994 ], [ 10.001791139823101, 53.505065082815243 ], [ 10.001929340052271, 53.505059115382657 ], [ 10.001926235457752, 53.505033603470615 ] ] ] } },
{ "type": "Feature", "properties": { "gebaeude_id": "DEHHALKA1gl000Wb", "dachneig": 1.257, "dachfl_2d": 13.915, "dachfl_3d": 13.918, "area_m2": 13.9, "expo_klasse": "sonnig", "schatten": 3.53, "solar_eignung": "Eignung 2 (geeignet, hohe Einstrahlung)", "ertkwha_k": 36442.66, "pvarea_solar": 273.64, "schatten_klasse": "sonnig", "gruendach_eignung": "sehr gut geeignet" }, "geometry": { "type": "Polygon", "coordinates": [ [ [ 9.998882114189403, 53.500519053093676 ], [ 9.998875863795167, 53.500515473742063 ], [ 9.99884369390125, 53.500535491554913 ], [ 9.998858437320695, 53.50054377313247 ], [ 9.998893470846742, 53.500563481049404 ], [ 9.998925269394666, 53.500543700042407 ], [ 9.998882114189403, 53.500519053093676 ] ] ] } },
{ "type": "Feature", "properties": { "gebaeude_id": "DEHHALKA1gl000Wb", "dachneig": 0.0, "dachfl_2d": 16.687, "dachfl_3d": 16.687, "area_m2": 16.7, "expo_klasse": "sonnig", "schatten": 3.53, "solar_eignung": "Eignung 2 (geeignet, hohe Einstrahlung)", "ertkwha_k": 36442.66, "pvarea_solar": 273.64, "schatten_klasse": "sonnig", "gruendach_eignung": "sehr gut geeignet" }, "geometry": { "type": "Polygon", "coordinates": [ [ [ 9.998930993342903, 53.500455622250406 ], [ 9.99885163137572, 53.500505015204816 ], [ 9.998873025750758, 53.500517241337967 ], [ 9.998875863795167, 53.500515473742063 ], [ 9.998882114189403, 53.500519053093676 ], [ 9.998882617813706, 53.500518671344118 ], [ 9.998951549452729, 53.500466821632067 ], [ 9.998930993342903, 53.500455622250406 ] ] ] } },
{ "type": "Feature", "properties": { "gebaeude_id": "DEHHALKAJ0000xTQ", "dachneig": 4.24, "dachfl_2d": 164.919, "dachfl_3d": 165.384, "area_m2": 164.9, "expo_klasse": "sonnig", "schatten": 3.53, "solar_eignung": "Eignung 2 (geeignet, hohe Einstrahlung)", "ertkwha_k": 36442.66, "pvarea_solar": 273.64, "schatten_klasse": "sonnig", "gruendach_eignung": "sehr gut geeignet" }, "geometry": { "type": "Polygon", "coordinates": [ [ [ 9.995705844968555, 53.505241440632062 ], [ 9.995693884238614, 53.505247068532334 ], [ 9.995712814411156, 53.505405639667487 ], [ 9.995783910953538, 53.505415420806585 ], [ 9.995785372889648, 53.505432119290084 ], [ 9.995840840496653, 53.505442201380809 ], [ 9.995837960940746, 53.505420345998473 ], [ 9.995829380367329, 53.50535532769927 ], [ 9.995824098553534, 53.505315253526391 ], [ 9.995821751833084, 53.505297474737574 ], [ 9.995813664497817, 53.50523612885268 ], [ 9.995705844968555, 53.505241440632062 ] ] ] } },
{ "type": "Feature", "properties": { "gebaeude_id": "DEHHALKAJ0000xTQ", "dachneig": 9.416, "dachfl_2d": 17.374, "dachfl_3d": 17.617, "area_m2": 17.4, "expo_klasse": "sonnig", "schatten": 3.54, "solar_eignung": "Eignung 3 (geeignet, mittlere Einstrahlung)", "ertkwha_k": 8270.98, "pvarea_solar": 66.81, "schatten_klasse": "sonnig", "gruendach_eignung": "sehr gut geeignet" }, "geometry": { "type": "Polygon", "coordinates": [ [ [ 9.995712814411156, 53.505405639667487 ], [ 9.995598783453481, 53.50543545332971 ], [ 9.995728614471924, 53.505429365020554 ], [ 9.995783910953538, 53.505415420806585 ], [ 9.995712814411156, 53.505405639667487 ] ] ] } },
{ "type": "Feature", "properties": { "gebaeude_id": "DEHHALKAJ0000xTQ", "dachneig": 3.573, "dachfl_2d": 163.93, "dachfl_3d": 164.265, "area_m2": 163.9, "expo_klasse": "sonnig", "schatten": 3.6, "solar_eignung": "Eignung 6 (geringe Einstrahlung / weniger geeignet / vor Ort zu prüfen)", "ertkwha_k": 1652.99, "pvarea_solar": 12.97, "schatten_klasse": "sonnig", "gruendach_eignung": "sehr gut geeignet" }, "geometry": { "type": "Polygon", "coordinates": [ [ [ 9.995693884238614, 53.505247068532334 ], [ 9.995570435748888, 53.505220509318306 ], [ 9.995587524819136, 53.505350079121492 ], [ 9.995592844146945, 53.505390476597476 ], [ 9.99559294458531, 53.505391545459034 ], [ 9.995595353622658, 53.505409413623305 ], [ 9.995598783453481, 53.50543545332971 ], [ 9.995712814411156, 53.505405639667487 ], [ 9.995693884238614, 53.505247068532334 ] ] ] } },
{ "type": "Feature", "properties": { "gebaeude_id": "DEHHALKAJ0000xTQ", "dachneig": 9.783, "dachfl_2d": 16.989, "dachfl_3d": 17.24, "area_m2": 17.0, "expo_klasse": "sonnig", "schatten": 3.67, "solar_eignung": "Eignung 2 (geeignet, hohe Einstrahlung)", "ertkwha_k": 156388.97, "pvarea_solar": 1174.95, "schatten_klasse": "sonnig", "gruendach_eignung": "sehr gut geeignet" }, "geometry": { "type": "Polygon", "coordinates": [ [ [ 9.995693884238614, 53.505247068532334 ], [ 9.995705844968555, 53.505241440632062 ], [ 9.995702088521675, 53.505214333950235 ], [ 9.995570435748888, 53.505220509318306 ], [ 9.995693884238614, 53.505247068532334 ] ] ] } },
{ "type": "Feature", "properties": { "gebaeude_id": "DEHHALKAJ0000wL4", "dachneig": 1.411, "dachfl_2d": 12.3, "dachfl_3d": 12.304, "area_m2": 12.3, "expo_klasse": "sonnig", "schatten": 3.7, "solar_eignung": "Eignung 1 (geeignet, sehr hohe Einstrahlung)", "ertkwha_k": 54413.59, "pvarea_solar": 410.33, "schatten_klasse": "sonnig", "gruendach_eignung": "sehr gut geeignet" }, "geometry": { "type": "Polygon", "coordinates": [ [ [ 9.996576888292957, 53.49880536425313 ], [ 9.996552214621689, 53.498812024120767 ], [ 9.996563477028168, 53.498826843088786 ], [ 9.996595376201544, 53.498818433029861 ], [ 9.996595765566726, 53.498818321914612 ], [ 9.996596634734274, 53.498818098930087 ], [ 9.9966556831913, 53.498802522926866 ], [ 9.996644017693908, 53.498787230907688 ], [ 9.996578371442967, 53.498804965357287 ], [ 9.996578221557455, 53.498805002563245 ], [ 9.9965781466147, 53.49880502116622 ], [ 9.996576888292957, 53.49880536425313 ] ] ] } },
{ "type": "Feature", "properties": { "gebaeude_id": "DEHHALKAJ0000wL4", "dachneig": 0.0, "dachfl_2d": 11.045, "dachfl_3d": 11.054, "area_m2": 11.0, "expo_klasse": "sonnig", "schatten": 3.7, "solar_eignung": "Eignung 1 (geeignet, sehr hohe Einstrahlung)", "ertkwha_k": 54413.59, "pvarea_solar": 410.33, "schatten_klasse": "sonnig", "gruendach_eignung": "sehr gut geeignet" }, "geometry": { "type": "Polygon", "coordinates": [ [ [ 9.997116833172994, 53.498878176211157 ], [ 9.997144832129321, 53.498850040564442 ], [ 9.997144649745813, 53.49884612285129 ], [ 9.997144595137296, 53.498845080574661 ], [ 9.997142837727258, 53.498845355918505 ], [ 9.997136873832064, 53.498846259632536 ], [ 9.997134712817905, 53.498845396731312 ], [ 9.997132201753733, 53.498844392925093 ], [ 9.997112463505374, 53.498836512365727 ], [ 9.997107746953546, 53.49883532020857 ], [ 9.997079943938521, 53.498864739649164 ], [ 9.997116833172994, 53.498878176211157 ] ] ] } },
{ "type": "Feature", "properties": { "gebaeude_id": "DEHHALKAJ0000wL4", "dachneig": 1.338, "dachfl_2d": 75.718, "dachfl_3d": 75.733, "area_m2": 75.7, "expo_klasse": "sonnig", "schatten": 3.72, "solar_eignung": "Eignung 2 (geeignet, hohe Einstrahlung)", "ertkwha_k": 28369.56, "pvarea_solar": 211.3, "schatten_klasse": "sonnig", "gruendach_eignung": "sehr gut geeignet" }, "geometry": { "type": "Polygon", "coordinates": [ [ [ 9.996700427257545, 53.498733707052949 ], [ 9.996552603672805, 53.498772684706765 ], [ 9.996574445768069, 53.498802139563523 ], [ 9.996648646129417, 53.498782095512439 ], [ 9.996662739296076, 53.498800621332045 ], [ 9.996662786411719, 53.4988007018408 ], [ 9.996692287699805, 53.498840466198416 ], [ 9.996765315444478, 53.498821204912993 ], [ 9.996700427257545, 53.498733707052949 ] ] ] } },
{ "type": "Feature", "properties": { "gebaeude_id": "20211011093632_139", "dachneig": 0.957, "dachfl_2d": 25.326, "dachfl_3d": 25.329, "area_m2": 25.3, "expo_klasse": "sonnig", "schatten": 3.73, "solar_eignung": "Eignung 2 (geeignet, hohe Einstrahlung)", "ertkwha_k": 23906.39, "pvarea_solar": 179.42, "schatten_klasse": "sonnig", "gruendach_eignung": "sehr gut geeignet" }, "geometry": { "type": "Polygon", "coordinates": [ [ [ 9.996850526181735, 53.498651634613672 ], [ 9.996817568144586, 53.498602685324435 ], [ 9.996757197414373, 53.498617148802147 ], [ 9.996790155182817, 53.49866608912086 ], [ 9.996850526181735, 53.498651634613672 ] ] ] } },
{ "type": "Feature", "properties": { "gebaeude_id": "20211011093632_133", "dachneig": 0.0, "dachfl_2d": 14.727, "dachfl_3d": 14.727, "area_m2": 14.7, "expo_klasse": "sonnig", "schatten": 3.73, "solar_eignung": "Eignung 1 (geeignet, sehr hohe Einstrahlung)", "ertkwha_k": 1516.73, "pvarea_solar": 10.98, "schatten_klasse": "sonnig", "gruendach_eignung": "sehr gut geeignet" }, "geometry": { "type": "Polygon", "coordinates": [ [ [ 9.995662716631594, 53.499947250328958 ], [ 9.995622689580228, 53.499898359605233 ], [ 9.995589731712897, 53.499907955785197 ], [ 9.99562975873571, 53.49995684652005 ], [ 9.995662716631594, 53.499947250328958 ] ] ] } },
{ "type": "Feature", "properties": { "gebaeude_id": "DEHHALKAJ0000tVr", "dachneig": 11.578, "dachfl_2d": 65.37, "dachfl_3d": 66.734, "area_m2": 65.4, "expo_klasse": "sonnig", "schatten": 3.78, "solar_eignung": "Eignung 2 (geeignet, hohe Einstrahlung)", "ertkwha_k": 5146.15, "pvarea_solar": 38.5, "schatten_klasse": "sonnig", "gruendach_eignung": "sehr gut geeignet" }, "geometry": { "type": "Polygon", "coordinates": [ [ [ 9.996287205344647, 53.500497121764056 ], [ 9.99615908684879, 53.500490081420864 ], [ 9.996240256394744, 53.500581318146459 ], [ 9.996335102343524, 53.500551744615208 ], [ 9.996287205344647, 53.500497121764056 ] ] ] } },
{ "type": "Feature", "properties": { "gebaeude_id": "DEHHALKAJ0000tVr", "dachneig": 10.006, "dachfl_2d": 124.786, "dachfl_3d": 126.709, "area_m2": 124.8, "expo_klasse": "sonnig", "schatten": 3.89, "solar_eignung": "Eignung 2 (geeignet, hohe Einstrahlung)", "ertkwha_k": 109766.56, "pvarea_solar": 819.89, "schatten_klasse": "sonnig", "gruendach_eignung": "sehr gut geeignet" }, "geometry": { "type": "Polygon", "coordinates": [ [ [ 9.996407316361324, 53.500268760096006 ], [ 9.996376789557463, 53.500263090767852 ], [ 9.996372534762111, 53.500262308229516 ], [ 9.996243477771204, 53.500238358376876 ], [ 9.996243205186344, 53.500238306714344 ], [ 9.996165510830068, 53.50022389755437 ], [ 9.996163496802467, 53.500223518820249 ], [ 9.996128306399584, 53.50021698938825 ], [ 9.99612149241727, 53.500215724780617 ], [ 9.996120538581987, 53.500215552948127 ], [ 9.996120432647105, 53.500215535852838 ], [ 9.99611137973619, 53.500231953420631 ], [ 9.996124453704875, 53.500246865199557 ], [ 9.996103129666666, 53.500285192506745 ], [ 9.996101213696535, 53.500289640083651 ], [ 9.996101133463993, 53.500290719440365 ], [ 9.996248567064638, 53.500318462485957 ], [ 9.996407316361324, 53.500268760096006 ] ] ] } },
{ "type": "Feature", "properties": { "gebaeude_id": "DEHHALKAJ0000tVr", "dachneig": 10.053, "dachfl_2d": 194.757, "dachfl_3d": 197.769, "area_m2": 194.8, "expo_klasse": "sonnig", "schatten": 3.92, "solar_eignung": "Eignung 2 (geeignet, hohe Einstrahlung)", "ertkwha_k": 24129.18, "pvarea_solar": 181.14, "schatten_klasse": "sonnig", "gruendach_eignung": "sehr gut geeignet" }, "geometry": { "type": "Polygon", "coordinates": [ [ [ 9.996287205344647, 53.500497121764056 ], [ 9.996397502061795, 53.500287422310521 ], [ 9.99639898823748, 53.500284578365573 ], [ 9.996407316361324, 53.500268760096006 ], [ 9.996248567064638, 53.500318462485957 ], [ 9.996186862026677, 53.500438180783455 ], [ 9.99615908684879, 53.500490081420864 ], [ 9.996287205344647, 53.500497121764056 ] ] ] } },
{ "type": "Feature", "properties": { "gebaeude_id": "DEHHALKAJ0000tVr", "dachneig": 6.487, "dachfl_2d": 386.613, "dachfl_3d": 389.094, "area_m2": 386.6, "expo_klasse": "sonnig", "schatten": 3.92, "solar_eignung": "Eignung 2 (geeignet, hohe Einstrahlung)", "ertkwha_k": 24129.18, "pvarea_solar": 181.14, "schatten_klasse": "sonnig", "gruendach_eignung": "sehr gut geeignet" }, "geometry": { "type": "Polygon", "coordinates": [ [ [ 9.995626963037436, 53.500459745192721 ], [ 9.995687746816975, 53.500528409750942 ], [ 9.995707531796766, 53.500522177321265 ], [ 9.995750211754316, 53.500570371734263 ], [ 9.995848286921612, 53.500501022035607 ], [ 9.995839335824716, 53.500490911996671 ], [ 9.995895435509448, 53.500451045523668 ], [ 9.995900062384939, 53.500447761920647 ], [ 9.995901856572003, 53.500446479513499 ], [ 9.995833670542309, 53.500369471954393 ], [ 9.995833655553241, 53.500365615769482 ], [ 9.995833652415129, 53.50035969200038 ], [ 9.995459541474808, 53.500300217331159 ], [ 9.99560648953897, 53.500466190092602 ], [ 9.995626963037436, 53.500459745192721 ] ], [ [ 9.995682861741983, 53.500470488940501 ], [ 9.995683700590577, 53.500470257226304 ], [ 9.99569355595543, 53.500467487400414 ], [ 9.995709093558009, 53.500487169874461 ], [ 9.99568680661076, 53.500493432134853 ], [ 9.9956712688056, 53.500473740670607 ], [ 9.995682861741983, 53.500470488940501 ] ], [ [ 9.995645483678421, 53.500447168034121 ], [ 9.995628473311047, 53.500428972026214 ], [ 9.995651526485148, 53.500421310088761 ], [ 9.995668521785827, 53.500439506218932 ], [ 9.995668028152801, 53.500439672134007 ], [ 9.995658648282134, 53.500442788570673 ], [ 9.995658558473242, 53.500442816285954 ], [ 9.995645483678421, 53.500447168034121 ] ], [ [ 9.995591523728395, 53.500381466944106 ], [ 9.995608372341774, 53.500400482309651 ], [ 9.995585728803547, 53.500407610472003 ], [ 9.995568895060282, 53.500388585990336 ], [ 9.995591523728395, 53.500381466944106 ] ], [ [ 9.995675888307199, 53.500466924434484 ], [ 9.995667468288671, 53.500469826127819 ], [ 9.995666391634103, 53.500470203647879 ], [ 9.995648871488843, 53.500452128747078 ], [ 9.995649933280248, 53.500451760340049 ], [ 9.995662780289669, 53.50044733857623 ], [ 9.995662989633219, 53.500447264919927 ], [ 9.995672172496818, 53.500444105178651 ], [ 9.995689677575125, 53.500462180201595 ], [ 9.995688735318476, 53.500462502667908 ], [ 9.995679343319146, 53.500465745054143 ], [ 9.995679163701292, 53.500465800484768 ], [ 9.995675888307199, 53.500466924434484 ] ], [ [ 9.995562146210904, 53.500361144645474 ], [ 9.99555816643066, 53.500356656292062 ], [ 9.995544442652736, 53.500360977478287 ], [ 9.995528367756942, 53.50034280962111 ], [ 9.995550996407665, 53.500335690582531 ], [ 9.995567086173271, 53.500353849323858 ], [ 9.995558271312866, 53.500356628451271 ], [ 9.995562146210904, 53.500361144645474 ] ], [ [ 9.995562251093119, 53.500361116804733 ], [ 9.995571051091321, 53.500358346789859 ], [ 9.99558816288314, 53.500377656605536 ], [ 9.995565519353585, 53.500384784763988 ], [ 9.995548422431963, 53.50036546583226 ], [ 9.995562146210904, 53.500361144645474 ], [ 9.995562251093119, 53.500361116804733 ] ] ] } },
{ "type": "Feature", "properties": { "gebaeude_id": "DEHHALKAJ0000tVr", "dachneig": 4.724, "dachfl_2d": 153.458, "dachfl_3d": 153.959, "area_m2": 153.5, "expo_klasse": "sonnig", "schatten": 3.96, "solar_eignung": "Eignung 2 (geeignet, hohe Einstrahlung)", "ertkwha_k": 3486.6, "pvarea_solar": 26.41, "schatten_klasse": "sonnig", "gruendach_eignung": "sehr gut geeignet" }, "geometry": { "type": "Polygon", "coordinates": [ [ [ 9.995476211984107, 53.500269803319398 ], [ 9.995459541474808, 53.500300217331159 ], [ 9.995833652415129, 53.50035969200038 ], [ 9.995843763932845, 53.50034019137393 ], [ 9.995847687607567, 53.500332634835409 ], [ 9.995859184234726, 53.500310479881989 ], [ 9.995492882469765, 53.500239389305271 ], [ 9.995476211984107, 53.500269803319398 ] ], [ [ 9.995538437109285, 53.500251360879815 ], [ 9.995524527758095, 53.500276718026441 ], [ 9.995499780150499, 53.500271899248588 ], [ 9.995514499303953, 53.500245070142526 ], [ 9.995514585743704, 53.500244898630314 ], [ 9.995539333547702, 53.500249726392475 ], [ 9.995538437109285, 53.500251360879815 ] ], [ [ 9.995522012371632, 53.50028132340023 ], [ 9.995507915679459, 53.500307050656794 ], [ 9.99548316784545, 53.500302222888294 ], [ 9.995497929292165, 53.500275267585273 ], [ 9.995498319640154, 53.500274554198015 ], [ 9.995523082533065, 53.500279381837906 ], [ 9.995522012371632, 53.50028132340023 ] ] ] } },
{ "type": "Feature", "properties": { "gebaeude_id": "DEHHALKAJ0000tVr", "dachneig": 7.04, "dachfl_2d": 298.293, "dachfl_3d": 300.531, "area_m2": 298.3, "expo_klasse": "sonnig", "schatten": 3.98, "solar_eignung": "Eignung 2 (geeignet, hohe Einstrahlung)", "ertkwha_k": 83529.59, "pvarea_solar": 630.19, "schatten_klasse": "sonnig", "gruendach_eignung": "sehr gut geeignet" }, "geometry": { "type": "Polygon", "coordinates": [ [ [ 9.995790105704717, 53.50014583632656 ], [ 9.995492882469765, 53.500239389305271 ], [ 9.995859184234726, 53.500310479881989 ], [ 9.995975654073622, 53.500273391394956 ], [ 9.995867152791757, 53.500150650798417 ], [ 9.995810222402701, 53.500168563890504 ], [ 9.995807945543065, 53.500165976029457 ], [ 9.995790105704717, 53.50014583632656 ] ], [ [ 9.995781186717332, 53.500168617013138 ], [ 9.995794776223132, 53.500164359841314 ], [ 9.995798199258603, 53.500168250557735 ], [ 9.995798756641802, 53.500168875148951 ], [ 9.995785167134969, 53.500173132321237 ], [ 9.995783819529189, 53.500171597428285 ], [ 9.995781186717332, 53.500168617013138 ] ], [ [ 9.995861748386845, 53.500236550407742 ], [ 9.995870874088125, 53.500247036531327 ], [ 9.995860472234268, 53.500250287345743 ], [ 9.995851346324184, 53.500239792234041 ], [ 9.995861748386845, 53.500236550407742 ] ], [ [ 9.995602240794943, 53.500239808862922 ], [ 9.995590347751607, 53.500226388365647 ], [ 9.995620324708193, 53.500216960841286 ], [ 9.995632202474319, 53.500230372473794 ], [ 9.995602240794943, 53.500239808862922 ] ], [ [ 9.99566697334097, 53.500202270670307 ], [ 9.995685920171782, 53.500196305907878 ], [ 9.995697788264042, 53.500192575463302 ], [ 9.995698593348108, 53.500193476652697 ], [ 9.995709666258195, 53.500205996075373 ], [ 9.99567886640156, 53.500215691159937 ], [ 9.995674019560816, 53.500210230224461 ], [ 9.995673647692081, 53.500209801846808 ], [ 9.99566697334097, 53.500202270670307 ] ], [ [ 9.995671428218449, 53.50021802735305 ], [ 9.995640493736861, 53.500227768494369 ], [ 9.995635832412727, 53.500222503771525 ], [ 9.995635646899673, 53.50022230755728 ], [ 9.995628600684912, 53.500214348000917 ], [ 9.995659550232942, 53.500204606737164 ], [ 9.995671428218449, 53.50021802735305 ] ] ] } },
{ "type": "Feature", "properties": { "gebaeude_id": "DEHHALKAJ0000tVr", "dachneig": 0.0, "dachfl_2d": 13.598, "dachfl_3d": 13.598, "area_m2": 13.6, "expo_klasse": "sonnig", "schatten": 3.99, "solar_eignung": "Eignung 2 (geeignet, hohe Einstrahlung)", "ertkwha_k": 25698.29, "pvarea_solar": 194.85, "schatten_klasse": "sonnig", "gruendach_eignung": "sehr gut geeignet" }, "geometry": { "type": "Polygon", "coordinates": [ [ [ 9.996260934632479, 53.500604184779476 ], [ 9.99623652527738, 53.500611876115578 ], [ 9.996232901317855, 53.500619996479919 ], [ 9.996267763762138, 53.500659464557209 ], [ 9.99630010668151, 53.500649342963705 ], [ 9.996260934632479, 53.500604184779476 ] ] ] } },
{ "type": "Feature", "properties": { "gebaeude_id": "DEHHALKAJ0000tVr", "dachneig": 0.461, "dachfl_2d": 153.083, "dachfl_3d": 153.111, "area_m2": 153.1, "expo_klasse": "sonnig", "schatten": 3.99, "solar_eignung": "Eignung 2 (geeignet, hohe Einstrahlung)", "ertkwha_k": 25698.29, "pvarea_solar": 194.85, "schatten_klasse": "sonnig", "gruendach_eignung": "sehr gut geeignet" }, "geometry": { "type": "Polygon", "coordinates": [ [ [ 9.996091086419831, 53.50030074507486 ], [ 9.99610124848842, 53.500302700908684 ], [ 9.996107548724732, 53.500303915864428 ], [ 9.996153982015297, 53.500312841578079 ], [ 9.996203781106502, 53.500370801552457 ], [ 9.996170256971551, 53.500432781905658 ], [ 9.996186862026677, 53.500438180783455 ], [ 9.996248567064638, 53.500318462485957 ], [ 9.996101133463993, 53.500290719440365 ], [ 9.996101213696535, 53.500289640083651 ], [ 9.996046696706294, 53.500279307504051 ], [ 9.996011290504708, 53.500290587178313 ], [ 9.996008821090948, 53.500291362836791 ], [ 9.995990579553435, 53.500297186937445 ], [ 9.995988215020699, 53.500297934754371 ], [ 9.995984577138147, 53.500293884030363 ], [ 9.995984530654049, 53.500293830483272 ], [ 9.99596830633733, 53.500275726852955 ], [ 9.995859184234726, 53.500310479881989 ], [ 9.995847687607567, 53.500332634835409 ], [ 9.995856227551213, 53.500334208685501 ], [ 9.99585504460954, 53.500336483785972 ], [ 9.995852303877827, 53.500341765224299 ], [ 9.995843763932845, 53.50034019137393 ], [ 9.995833652415129, 53.50035969200038 ], [ 9.995833655553241, 53.500365615769482 ], [ 9.995833670542309, 53.500369471954393 ], [ 9.995901856572003, 53.500446479513499 ], [ 9.995900062384939, 53.500447761920647 ], [ 9.995915936252551, 53.500455414194789 ], [ 9.99595329761282, 53.500428486271261 ], [ 9.995954572442393, 53.500427558764294 ], [ 9.995955625172694, 53.500426803900176 ], [ 9.995919295242055, 53.500384525392029 ], [ 9.995952819706799, 53.500322545107181 ], [ 9.995987188929165, 53.500312047150885 ], [ 9.996050029487868, 53.500292853223797 ], [ 9.996091086419831, 53.50030074507486 ] ] ] } },
{ "type": "Feature", "properties": { "gebaeude_id": "DEHHALKAJ0000tVr", "dachneig": 10.002, "dachfl_2d": 36.105, "dachfl_3d": 36.662, "area_m2": 36.1, "expo_klasse": "sonnig", "schatten": 3.99, "solar_eignung": "Eignung 2 (geeignet, hohe Einstrahlung)", "ertkwha_k": 25698.29, "pvarea_solar": 194.85, "schatten_klasse": "sonnig", "gruendach_eignung": "sehr gut geeignet" }, "geometry": { "type": "Polygon", "coordinates": [ [ [ 9.995376061690504, 53.500251211976135 ], [ 9.995473097568707, 53.500360816592163 ], [ 9.995504451293522, 53.500350946156296 ], [ 9.995459541474808, 53.500300217331159 ], [ 9.995476211984107, 53.500269803319398 ], [ 9.995376061690504, 53.500251211976135 ] ] ] } },
{ "type": "Feature", "properties": { "gebaeude_id": "DEHHALKAJ0000tVr", "dachneig": 8.248, "dachfl_2d": 210.957, "dachfl_3d": 214.409, "area_m2": 211.0, "expo_klasse": "sonnig", "schatten": 4.02, "solar_eignung": "Eignung 2 (geeignet, hohe Einstrahlung)", "ertkwha_k": 4429.52, "pvarea_solar": 34.05, "schatten_klasse": "sonnig", "gruendach_eignung": "sehr gut geeignet" }, "geometry": { "type": "Polygon", "coordinates": [ [ [ 9.995476211984107, 53.500269803319398 ], [ 9.995492882469765, 53.500239389305271 ], [ 9.995790105704717, 53.50014583632656 ], [ 9.995807945543065, 53.500165976029457 ], [ 9.995810222402701, 53.500168563890504 ], [ 9.995867152791757, 53.500150650798417 ], [ 9.995835282223945, 53.500114654425261 ], [ 9.995811567335602, 53.500110797927547 ], [ 9.995775763552661, 53.500070366739699 ], [ 9.99566018227563, 53.500106755474896 ], [ 9.995596367608215, 53.500126838240142 ], [ 9.995611776187411, 53.500144238578855 ], [ 9.995612798191411, 53.500145389655891 ], [ 9.995576865048834, 53.500156700557916 ], [ 9.995437427391355, 53.500200586896874 ], [ 9.99545910781414, 53.500225072342779 ], [ 9.995376061690504, 53.500251211976135 ], [ 9.995476211984107, 53.500269803319398 ] ], [ [ 9.995681014121597, 53.500148426057336 ], [ 9.99569232174983, 53.500144583423946 ], [ 9.995701981395477, 53.500154696560834 ], [ 9.995690658481504, 53.500158530333351 ], [ 9.995681014121597, 53.500148426057336 ] ] ] } },
{ "type": "Feature", "properties": { "gebaeude_id": "DEHHALKAJ0000tVr", "dachneig": 29.862, "dachfl_2d": 22.22, "dachfl_3d": 25.621, "area_m2": 22.2, "expo_klasse": "sonnig", "schatten": 4.02, "solar_eignung": "Eignung 2 (geeignet, hohe Einstrahlung)", "ertkwha_k": 4429.52, "pvarea_solar": 34.05, "schatten_klasse": "sonnig", "gruendach_eignung": "sehr gut geeignet" }, "geometry": { "type": "Polygon", "coordinates": [ [ [ 9.996102622018215, 53.500495711704353 ], [ 9.996102683997464, 53.500495783100419 ], [ 9.99609536384876, 53.500498010467304 ], [ 9.996091681609593, 53.500504288554346 ], [ 9.996096743453794, 53.500510556697314 ], [ 9.996108388671615, 53.500512751864875 ], [ 9.996115957065172, 53.500510180843875 ], [ 9.996116065739647, 53.50051031477426 ], [ 9.996124071089326, 53.500519309040776 ], [ 9.996116438819163, 53.500521727780402 ], [ 9.996112998599395, 53.500528039807492 ], [ 9.996118786083136, 53.500534391793074 ], [ 9.996129414222564, 53.500536289806206 ], [ 9.996137791836691, 53.500534152504386 ], [ 9.996153161236334, 53.500553081241421 ], [ 9.996175579495807, 53.50054599080547 ], [ 9.996117295891395, 53.500480469808814 ], [ 9.996095308012169, 53.500455753327849 ], [ 9.996095246243657, 53.500455690919125 ], [ 9.996073046956909, 53.50046247388719 ], [ 9.996102622018215, 53.500495711704353 ] ] ] } },
{ "type": "Feature", "properties": { "gebaeude_id": "DEHHALKAJ0000tVr", "dachneig": 1.868, "dachfl_2d": 84.904, "dachfl_3d": 84.949, "area_m2": 84.9, "expo_klasse": "sonnig", "schatten": 4.02, "solar_eignung": "Eignung 2 (geeignet, hohe Einstrahlung)", "ertkwha_k": 27476.47, "pvarea_solar": 207.62, "schatten_klasse": "sonnig", "gruendach_eignung": "sehr gut geeignet" }, "geometry": { "type": "Polygon", "coordinates": [ [ [ 9.99556282156828, 53.500126137839615 ], [ 9.99557061127943, 53.500134945168654 ], [ 9.995596367608215, 53.500126838240142 ], [ 9.995667590293289, 53.500104419533635 ], [ 9.99560113935636, 53.500029357004912 ], [ 9.995591486356487, 53.500032394810148 ], [ 9.995585323153627, 53.500025443660959 ], [ 9.995594991225641, 53.500022405730661 ], [ 9.995591429613087, 53.500018390315695 ], [ 9.995591354878313, 53.500018417905402 ], [ 9.995484939789163, 53.50005286938714 ], [ 9.995560434266224, 53.500138140149922 ], [ 9.995562125551123, 53.500137613686505 ], [ 9.995554335841272, 53.500128806356912 ], [ 9.99556282156828, 53.500126137839615 ] ], [ [ 9.995650342525016, 53.500096032578327 ], [ 9.995655159914159, 53.500094446331296 ], [ 9.995662537726762, 53.500102403124053 ], [ 9.995657735410294, 53.500103989245765 ], [ 9.995650342525016, 53.500096032578327 ] ] ] } },
{ "type": "Feature", "properties": { "gebaeude_id": "DEHHALKAJ0000tVr", "dachneig": 22.975, "dachfl_2d": 17.827, "dachfl_3d": 19.361, "area_m2": 17.8, "expo_klasse": "sonnig", "schatten": 4.02, "solar_eignung": "Eignung 2 (geeignet, hohe Einstrahlung)", "ertkwha_k": 27476.47, "pvarea_solar": 207.62, "schatten_klasse": "sonnig", "gruendach_eignung": "sehr gut geeignet" }, "geometry": { "type": "Polygon", "coordinates": [ [ [ 9.996153161236334, 53.500553081241421 ], [ 9.996144001363616, 53.500541786408178 ], [ 9.996139811129249, 53.500543115754205 ], [ 9.996215654068028, 53.500628365222347 ], [ 9.996230155574459, 53.500623776794363 ], [ 9.996227321058397, 53.500620555365316 ], [ 9.996231803721727, 53.500609191780121 ], [ 9.996217260747398, 53.500592719169802 ], [ 9.996214042865317, 53.50058922227452 ], [ 9.996175579495807, 53.50054599080547 ], [ 9.996153161236334, 53.500553081241421 ] ] ] } },
{ "type": "Feature", "properties": { "gebaeude_id": "DEHHALKAJ0000tVr", "dachneig": 10.881, "dachfl_2d": 101.936, "dachfl_3d": 103.802, "area_m2": 101.9, "expo_klasse": "sonnig", "schatten": 4.02, "solar_eignung": "Eignung 2 (geeignet, hohe Einstrahlung)", "ertkwha_k": 27476.47, "pvarea_solar": 207.62, "schatten_klasse": "sonnig", "gruendach_eignung": "sehr gut geeignet" }, "geometry": { "type": "Polygon", "coordinates": [ [ [ 9.996342707420226, 53.500559097204338 ], [ 9.996247329884795, 53.50058850437987 ], [ 9.99634426820136, 53.500700248504963 ], [ 9.996441786257831, 53.500670176196564 ], [ 9.99634484775544, 53.500558432150825 ], [ 9.996342707420226, 53.500559097204338 ] ] ] } },
{ "type": "Feature", "properties": { "gebaeude_id": "DEHHALKAJ0000tVr", "dachneig": 9.496, "dachfl_2d": 93.607, "dachfl_3d": 94.922, "area_m2": 93.6, "expo_klasse": "sonnig", "schatten": 4.05, "solar_eignung": "Eignung 2 (geeignet, hohe Einstrahlung)", "ertkwha_k": 217490.1, "pvarea_solar": 1665.85, "schatten_klasse": "sonnig", "gruendach_eignung": "sehr gut geeignet" }, "geometry": { "type": "Polygon", "coordinates": [ [ [ 9.995737760462877, 53.500027436923375 ], [ 9.995746182773317, 53.500013056166132 ], [ 9.99571646551084, 53.499979513816768 ], [ 9.995591459549113, 53.500018381077311 ], [ 9.995591429613087, 53.500018390315695 ], [ 9.995594991225641, 53.500022405730661 ], [ 9.99560113935636, 53.500029357004912 ], [ 9.995658035039169, 53.500093613366204 ], [ 9.995667590293289, 53.500104419533635 ], [ 9.995775763552661, 53.500070366739699 ], [ 9.995737760462877, 53.500027436923375 ] ] ] } },
{ "type": "Feature", "properties": { "gebaeude_id": "DEHHALKAJ0000tVr", "dachneig": 3.158, "dachfl_2d": 36.243, "dachfl_3d": 36.297, "area_m2": 36.2, "expo_klasse": "sonnig", "schatten": 4.05, "solar_eignung": "Eignung 2 (geeignet, hohe Einstrahlung)", "ertkwha_k": 217490.1, "pvarea_solar": 1665.85, "schatten_klasse": "sonnig", "gruendach_eignung": "sehr gut geeignet" }, "geometry": { "type": "Polygon", "coordinates": [ [ [ 9.9962202229163, 53.500587238118236 ], [ 9.996239133889947, 53.500581669086642 ], [ 9.996240256394744, 53.500581318146459 ], [ 9.996202861520143, 53.500539291304683 ], [ 9.996162261394574, 53.500493659580393 ], [ 9.99615908684879, 53.500490081420864 ], [ 9.996186862026677, 53.500438180783455 ], [ 9.996170256971551, 53.500432781905658 ], [ 9.996124840397544, 53.500446652988671 ], [ 9.996102671056494, 53.500453426723716 ], [ 9.996128740397097, 53.5004831071113 ], [ 9.996129592401665, 53.500484079819309 ], [ 9.9962202229163, 53.500587238118236 ] ], [ [ 9.996136722393153, 53.500474384120182 ], [ 9.996139324891486, 53.500477355791084 ], [ 9.996127635533954, 53.500480994899 ], [ 9.996125033036225, 53.50047802322787 ], [ 9.996136722393153, 53.500474384120182 ] ], [ [ 9.996191398201665, 53.500546784844708 ], [ 9.996188720749393, 53.500543831777797 ], [ 9.996201110565579, 53.500539845241633 ], [ 9.996203788018443, 53.500542798308274 ], [ 9.996191398201665, 53.500546784844708 ] ], [ [ 9.996157113206213, 53.500495284560742 ], [ 9.996150692832945, 53.500497306672955 ], [ 9.996142252994572, 53.500487785674167 ], [ 9.996140502921612, 53.500485804685916 ], [ 9.996139992013656, 53.500485233643367 ], [ 9.996146427459056, 53.500483211406156 ], [ 9.996150825673737, 53.500488181662696 ], [ 9.99615336556246, 53.500491054975292 ], [ 9.996153938450007, 53.500491697413771 ], [ 9.996157113206213, 53.500495284560742 ] ] ] } },
{ "type": "Feature", "properties": { "gebaeude_id": "DEHHALKAJ0000wT4", "dachneig": 1.092, "dachfl_2d": 826.884, "dachfl_3d": 826.958, "area_m2": 826.9, "expo_klasse": "sonnig", "schatten": 4.05, "solar_eignung": "Eignung 2 (geeignet, hohe Einstrahlung)", "ertkwha_k": 217490.1, "pvarea_solar": 1665.85, "schatten_klasse": "sonnig", "gruendach_eignung": "sehr gut geeignet" }, "geometry": { "type": "Polygon", "coordinates": [ [ [ 9.995924254057934, 53.50283010313575 ], [ 9.995976998291143, 53.502881090106442 ], [ 9.995977029282439, 53.502881125804464 ], [ 9.99597800087342, 53.502882052571586 ], [ 9.995986794420107, 53.502890563857633 ], [ 9.996022199181327, 53.502924795844393 ], [ 9.996285472852371, 53.502829394214352 ], [ 9.996559036094347, 53.502916258368494 ], [ 9.996600829299437, 53.502870578080113 ], [ 9.996603548690869, 53.502867598005416 ], [ 9.99660462192117, 53.502866429468185 ], [ 9.996613162538276, 53.502857081547056 ], [ 9.996647414150093, 53.502819635178611 ], [ 9.99663397391226, 53.502814218965099 ], [ 9.996609453798809, 53.502797955437551 ], [ 9.996574242098168, 53.502795111825186 ], [ 9.996542590494103, 53.502784633774063 ], [ 9.996517474417949, 53.502768671835391 ], [ 9.996480627669753, 53.502764897974664 ], [ 9.996451058989242, 53.50275515761674 ], [ 9.996424897782923, 53.502738988633503 ], [ 9.996374876082289, 53.502733391916223 ], [ 9.996371604469992, 53.502730183123631 ], [ 9.996361406591333, 53.502548626106936 ], [ 9.996358829116186, 53.502548656580309 ], [ 9.99635889138659, 53.502551955047878 ], [ 9.996269968427221, 53.502553325456574 ], [ 9.996269802611147, 53.502553326838601 ], [ 9.996266697749713, 53.502553370694578 ], [ 9.996266004547754, 53.502553385461212 ], [ 9.996176086895748, 53.502554773079488 ], [ 9.996175864415699, 53.502551071439164 ], [ 9.99617372430235, 53.502551107252678 ], [ 9.99617680315734, 53.502596898853952 ], [ 9.996164531004062, 53.50261750518294 ], [ 9.996179097059915, 53.502638148530124 ], [ 9.996178460188872, 53.502659215214784 ], [ 9.996167913207055, 53.502681380252675 ], [ 9.996182191611984, 53.502701972062226 ], [ 9.996182685565714, 53.502735901662078 ], [ 9.9961369715543, 53.502752624747274 ], [ 9.996096814701671, 53.502758146077994 ], [ 9.996074790313846, 53.502775013311428 ], [ 9.996045248795269, 53.502785722747163 ], [ 9.996006407058728, 53.502790747679349 ], [ 9.995985684694325, 53.502807846751828 ], [ 9.995924254057934, 53.50283010313575 ] ], [ [ 9.996447636698822, 53.502851602846242 ], [ 9.996458679808256, 53.502855097425758 ], [ 9.996447867768959, 53.502867241891309 ], [ 9.996436824657218, 53.502863747310812 ], [ 9.996447636698822, 53.502851602846242 ] ], [ [ 9.99633811723095, 53.502827238513959 ], [ 9.99629303535772, 53.50281305198785 ], [ 9.996314465212224, 53.502788836615139 ], [ 9.996359561930293, 53.50280301402033 ], [ 9.99633811723095, 53.502827238513959 ] ] ] } },
{ "type": "Feature", "properties": { "gebaeude_id": "DEHHALKAJ0000wlP", "dachneig": 0.0, "dachfl_2d": 867.573, "dachfl_3d": 867.6, "area_m2": 867.6, "expo_klasse": "sonnig", "schatten": 4.05, "solar_eignung": "Eignung 2 (geeignet, hohe Einstrahlung)", "ertkwha_k": 217490.1, "pvarea_solar": 1665.85, "schatten_klasse": "sonnig", "gruendach_eignung": "sehr gut geeignet" }, "geometry": { "type": "Polygon", "coordinates": [ [ [ 9.996234839127494, 53.502242111201731 ], [ 9.996235223428279, 53.502254000531401 ], [ 9.996238418923101, 53.502253964909833 ], [ 9.996238264126204, 53.502249291886336 ], [ 9.996283211452987, 53.502248764454571 ], [ 9.996283241601153, 53.502248764203287 ], [ 9.996328535841201, 53.502248242852041 ], [ 9.99632858106345, 53.502248242475112 ], [ 9.996421400292565, 53.502247172136691 ], [ 9.996421448245089, 53.5022485740311 ], [ 9.996424613591078, 53.502248538655856 ], [ 9.996413625393206, 53.502033926435544 ], [ 9.99667646945252, 53.501936549893088 ], [ 9.996675420390293, 53.501935533886808 ], [ 9.996626568530983, 53.501888496920429 ], [ 9.996624224168967, 53.501886251222444 ], [ 9.996578503468035, 53.50184221744496 ], [ 9.996579803939309, 53.501841739171148 ], [ 9.996578442863605, 53.501840276312137 ], [ 9.996518169031722, 53.50186421331091 ], [ 9.996481132329176, 53.501868378381175 ], [ 9.996458512447655, 53.501884900080874 ], [ 9.996430590979511, 53.501896512995579 ], [ 9.996392677832313, 53.501901880889989 ], [ 9.996370973827561, 53.501918242124233 ], [ 9.996320779346952, 53.501937384734923 ], [ 9.996271125340582, 53.501921708170222 ], [ 9.996243856343323, 53.501902635923344 ], [ 9.996207721780094, 53.501900267328409 ], [ 9.996177041032096, 53.501890653029839 ], [ 9.996152260544552, 53.501872899393803 ], [ 9.996112925488662, 53.501870350693835 ], [ 9.996053930395187, 53.501850446119697 ], [ 9.996010945365951, 53.501896720446091 ], [ 9.9960093718477, 53.501898414512659 ], [ 9.996008460014581, 53.501899392929559 ], [ 9.995964827220767, 53.501946337826979 ], [ 9.995963652691122, 53.501947686983982 ], [ 9.99622633038312, 53.502033536932601 ], [ 9.996227706564474, 53.502075513385478 ], [ 9.996216223084264, 53.502095025472265 ], [ 9.996229537966546, 53.502113755582151 ], [ 9.996230292022583, 53.502136914117727 ], [ 9.996218458955934, 53.502158235920085 ], [ 9.996233166038104, 53.502177826365823 ], [ 9.996233895443622, 53.502199933386017 ], [ 9.996221313488844, 53.502222753614596 ], [ 9.996234839127494, 53.502242111201731 ] ], [ [ 9.996048840611454, 53.501944613032343 ], [ 9.996061700966809, 53.501948461056848 ], [ 9.996051521726731, 53.501960582237558 ], [ 9.996038646505284, 53.501956743324904 ], [ 9.996048840611454, 53.501944613032343 ] ], [ [ 9.996178441463961, 53.501967749559185 ], [ 9.996223020840654, 53.501982407746304 ], [ 9.996201699818862, 53.502005462610725 ], [ 9.996157120214415, 53.50199079542849 ], [ 9.996178441463961, 53.501967749559185 ] ] ] } },
{ "type": "Feature", "properties": { "gebaeude_id": "DEHHALKAJ0000vz0", "dachneig": 0.0, "dachfl_2d": 833.089, "dachfl_3d": 833.159, "area_m2": 833.1, "expo_klasse": "sonnig", "schatten": 4.05, "solar_eignung": "Eignung 2 (geeignet, hohe Einstrahlung)", "ertkwha_k": 217490.1, "pvarea_solar": 1665.85, "schatten_klasse": "sonnig", "gruendach_eignung": "sehr gut geeignet" }, "geometry": { "type": "Polygon", "coordinates": [ [ [ 9.995529914651062, 53.501654670011987 ], [ 9.995523383546653, 53.501475653240107 ], [ 9.995519172057922, 53.501475436621575 ], [ 9.995519240527893, 53.501477072061171 ], [ 9.995430785807367, 53.501478384020047 ], [ 9.99543075565974, 53.501478384271095 ], [ 9.995334885880457, 53.501479811843652 ], [ 9.995335209777844, 53.501521958872651 ], [ 9.995325005538685, 53.50154395918252 ], [ 9.995337864648333, 53.501563852775874 ], [ 9.995339371013911, 53.501585036447608 ], [ 9.995327478911175, 53.501607068790285 ], [ 9.995341567529524, 53.501627958920416 ], [ 9.995342716881183, 53.501661577441425 ], [ 9.995293803768037, 53.501679432503913 ], [ 9.995256839019993, 53.501682805558211 ], [ 9.995233364341347, 53.501700826327109 ], [ 9.995203944574019, 53.501711561512273 ], [ 9.995167087996453, 53.501716335932166 ], [ 9.995143461971699, 53.501734978188559 ], [ 9.99508544465905, 53.501756154011936 ], [ 9.995139137412654, 53.50180847282688 ], [ 9.995181844213166, 53.501850060249311 ], [ 9.995180169823987, 53.501850667467842 ], [ 9.995182067491413, 53.501852512404959 ], [ 9.995446561485966, 53.501755987784321 ], [ 9.995719488890032, 53.501843110831764 ], [ 9.995721910649806, 53.501842227708018 ], [ 9.995720862544939, 53.501841894854373 ], [ 9.995719206638521, 53.501841360315282 ], [ 9.995759226852485, 53.501797232211928 ], [ 9.995759271021154, 53.501797186898656 ], [ 9.995807095513394, 53.501744463142508 ], [ 9.99579563615352, 53.501741205686841 ], [ 9.99576944751078, 53.50172318504189 ], [ 9.995734376511374, 53.501721158017943 ], [ 9.995701832764517, 53.501710525374747 ], [ 9.995677206146036, 53.501693534429634 ], [ 9.995642444267562, 53.501690542973954 ], [ 9.9956111399602, 53.501681329243631 ], [ 9.995584288480144, 53.501663970281058 ], [ 9.995546381492623, 53.501659944283389 ], [ 9.995529914651062, 53.501654670011987 ] ], [ [ 9.995598426516096, 53.501788629735145 ], [ 9.995609526529648, 53.501775907645452 ], [ 9.995621797858831, 53.501779715677863 ], [ 9.995610712921929, 53.50179243764314 ], [ 9.995598426516096, 53.501788629735145 ] ], [ [ 9.995496580410515, 53.501751867730285 ], [ 9.99545367893808, 53.501737375081461 ], [ 9.995475662222855, 53.501714260900719 ], [ 9.995518548394754, 53.501728744680044 ], [ 9.995496580410515, 53.501751867730285 ] ] ] } },
{ "type": "Feature", "properties": { "gebaeude_id": "DEHHALKAJ0000xSx", "dachneig": 28.901, "dachfl_2d": 82.461, "dachfl_3d": 94.189, "area_m2": 82.5, "expo_klasse": "sonnig", "schatten": 4.09, "solar_eignung": "Eignung 2 (geeignet, hohe Einstrahlung)", "ertkwha_k": 26526.66, "pvarea_solar": 202.17, "schatten_klasse": "sonnig", "gruendach_eignung": "sehr gut geeignet" }, "geometry": { "type": "Polygon", "coordinates": [ [ [ 9.997572273276718, 53.505596642118455 ], [ 9.997160965763337, 53.50555985682449 ], [ 9.997154276327466, 53.505586421365919 ], [ 9.997155545602556, 53.505586536624755 ], [ 9.997565584303844, 53.505623215668919 ], [ 9.997572273276718, 53.505596642118455 ] ] ] } },
{ "type": "Feature", "properties": { "gebaeude_id": "DEHHALKAJ0000xSx", "dachneig": 10.749, "dachfl_2d": 84.525, "dachfl_3d": 86.132, "area_m2": 84.5, "expo_klasse": "sonnig", "schatten": 4.2, "solar_eignung": "Eignung 2 (geeignet, hohe Einstrahlung)", "ertkwha_k": 425795.56, "pvarea_solar": 3220.02, "schatten_klasse": "sonnig", "gruendach_eignung": "sehr gut geeignet" }, "geometry": { "type": "Polygon", "coordinates": [ [ [ 9.997578906583035, 53.505570266791381 ], [ 9.997168026362383, 53.505531761046008 ], [ 9.997160965763337, 53.50555985682449 ], [ 9.997572273276718, 53.505596642118455 ], [ 9.997578906583035, 53.505570266791381 ] ] ] } },
{ "type": "Feature", "properties": { "gebaeude_id": "DEHHALKAJ0000xSx", "dachneig": 11.256, "dachfl_2d": 82.389, "dachfl_3d": 84.035, "area_m2": 82.4, "expo_klasse": "sonnig", "schatten": 4.2, "solar_eignung": "Eignung 2 (geeignet, hohe Einstrahlung)", "ertkwha_k": 425795.56, "pvarea_solar": 3220.02, "schatten_klasse": "sonnig", "gruendach_eignung": "sehr gut geeignet" }, "geometry": { "type": "Polygon", "coordinates": [ [ [ 9.997578906583035, 53.505570266791381 ], [ 9.99758565056486, 53.505543468054263 ], [ 9.997174646733626, 53.50550546675143 ], [ 9.997168026362383, 53.505531761046008 ], [ 9.997578906583035, 53.505570266791381 ] ] ] } },
{ "type": "Feature", "properties": { "gebaeude_id": "DEHHALKAJ0000xSx", "dachneig": 29.684, "dachfl_2d": 68.733, "dachfl_3d": 79.529, "area_m2": 68.7, "expo_klasse": "sonnig", "schatten": 4.2, "solar_eignung": "Eignung 2 (geeignet, hohe Einstrahlung)", "ertkwha_k": 425795.56, "pvarea_solar": 3220.02, "schatten_klasse": "sonnig", "gruendach_eignung": "sehr gut geeignet" }, "geometry": { "type": "Polygon", "coordinates": [ [ [ 9.99758565056486, 53.505543468054263 ], [ 9.997591346950342, 53.505520857972655 ], [ 9.997180108781752, 53.505483784518155 ], [ 9.997178936023953, 53.505488423667522 ], [ 9.997174646733626, 53.50550546675143 ], [ 9.99758565056486, 53.505543468054263 ] ] ] } },
{ "type": "Feature", "properties": { "gebaeude_id": "DEHHALKAJ0000xSx", "dachneig": 10.98, "dachfl_2d": 230.228, "dachfl_3d": 234.533, "area_m2": 230.2, "expo_klasse": "sonnig", "schatten": 4.21, "solar_eignung": "Eignung 2 (geeignet, hohe Einstrahlung)", "ertkwha_k": 19297.12, "pvarea_solar": 146.41, "schatten_klasse": "sonnig", "gruendach_eignung": "sehr gut geeignet" }, "geometry": { "type": "Polygon", "coordinates": [ [ [ 9.997180108781752, 53.505483784518155 ], [ 9.997591346950342, 53.505520857972655 ], [ 9.997610378919587, 53.505445226984726 ], [ 9.997199072631579, 53.505408432827096 ], [ 9.997180108781752, 53.505483784518155 ] ], [ [ 9.99733711305414, 53.505477800374543 ], [ 9.997328519736863, 53.505476568657116 ], [ 9.997329744895953, 53.505473520132782 ], [ 9.997338338212632, 53.505474751850116 ], [ 9.99733711305414, 53.505477800374543 ] ], [ [ 9.997242869933121, 53.505445488915136 ], [ 9.997235195693607, 53.505444869768795 ], [ 9.997237258984489, 53.505435773604475 ], [ 9.997244933222428, 53.505436392750653 ], [ 9.997242869933121, 53.505445488915136 ] ], [ [ 9.997515362594767, 53.505466685766287 ], [ 9.997532815407595, 53.505468284002582 ], [ 9.997526292442609, 53.505493579719385 ], [ 9.997508854694866, 53.505491981356379 ], [ 9.997515362594767, 53.505466685766287 ] ] ] } },
{ "type": "Feature", "properties": { "gebaeude_id": "DEHHALKAJ0000xSx", "dachneig": 7.231, "dachfl_2d": 17.165, "dachfl_3d": 17.301, "area_m2": 17.2, "expo_klasse": "sonnig", "schatten": 4.23, "solar_eignung": "Eignung 2 (geeignet, hohe Einstrahlung)", "ertkwha_k": 242011.16, "pvarea_solar": 1830.55, "schatten_klasse": "sonnig", "gruendach_eignung": "sehr gut geeignet" }, "geometry": { "type": "Polygon", "coordinates": [ [ [ 9.997135071815816, 53.505484492803049 ], [ 9.997184425686907, 53.505466633334912 ], [ 9.997193487160416, 53.505430637456698 ], [ 9.99715476212708, 53.505402186515454 ], [ 9.997135071815816, 53.505484492803049 ] ], [ [ 9.997154402111182, 53.505460726282202 ], [ 9.997157809913011, 53.50544724123116 ], [ 9.99718354206243, 53.505449543512626 ], [ 9.997180149554739, 53.505463037425926 ], [ 9.997154402111182, 53.505460726282202 ] ] ] } },
{ "type": "Feature", "properties": { "gebaeude_id": "DEHHALKAJ0000xSx", "dachneig": 16.379, "dachfl_2d": 140.356, "dachfl_3d": 146.292, "area_m2": 140.4, "expo_klasse": "sonnig", "schatten": 4.25, "solar_eignung": "Eignung 2 (geeignet, hohe Einstrahlung)", "ertkwha_k": 10439.27, "pvarea_solar": 78.85, "schatten_klasse": "sonnig", "gruendach_eignung": "sehr gut geeignet" }, "geometry": { "type": "Polygon", "coordinates": [ [ [ 9.997155545602556, 53.505586536624755 ], [ 9.997144125568989, 53.505631900796182 ], [ 9.997554164699284, 53.505668579877259 ], [ 9.997565584303844, 53.505623215668919 ], [ 9.997155545602556, 53.505586536624755 ] ] ] } },
{ "type": "Feature", "properties": { "gebaeude_id": "DEHHALKAJ0000xSx", "dachneig": 3.077, "dachfl_2d": 36.493, "dachfl_3d": 36.548, "area_m2": 36.5, "expo_klasse": "sonnig", "schatten": 4.25, "solar_eignung": "Eignung 2 (geeignet, hohe Einstrahlung)", "ertkwha_k": 3988.25, "pvarea_solar": 30.11, "schatten_klasse": "sonnig", "gruendach_eignung": "sehr gut geeignet" }, "geometry": { "type": "Polygon", "coordinates": [ [ [ 9.997154276327466, 53.505586421365919 ], [ 9.997178936023953, 53.505488423667522 ], [ 9.997142611649705, 53.505485167011379 ], [ 9.997109399573748, 53.50561708884279 ], [ 9.997147008409851, 53.505620460641637 ], [ 9.997152842502278, 53.505597283122576 ], [ 9.997155545602556, 53.505586536624755 ], [ 9.997154276327466, 53.505586421365919 ] ] ] } },
{ "type": "Feature", "properties": { "gebaeude_id": "DEHHALKAJ0000xLt", "dachneig": 2.814, "dachfl_2d": 249.977, "dachfl_3d": 250.402, "area_m2": 250.0, "expo_klasse": "sonnig", "schatten": 4.25, "solar_eignung": "Eignung 2 (geeignet, hohe Einstrahlung)", "ertkwha_k": 10439.27, "pvarea_solar": 78.85, "schatten_klasse": "sonnig", "gruendach_eignung": "sehr gut geeignet" }, "geometry": { "type": "Polygon", "coordinates": [ [ [ 9.996686616102552, 53.504837883250708 ], [ 9.996685989808629, 53.504829825284745 ], [ 9.996751637173451, 53.504812387458109 ], [ 9.996722385078254, 53.504582259704783 ], [ 9.996604015364412, 53.50456839671223 ], [ 9.99659220760341, 53.504568962587179 ], [ 9.996595209873247, 53.504591536057461 ], [ 9.996605146799091, 53.504666125344869 ], [ 9.996595447394007, 53.504666583751472 ], [ 9.996598118874209, 53.504686625063911 ], [ 9.996608676712347, 53.50468612354382 ], [ 9.996611477125603, 53.504707161566785 ], [ 9.996601084895897, 53.504707652717315 ], [ 9.996603663087358, 53.504726930737043 ], [ 9.996614386549183, 53.504726418846609 ], [ 9.996617206259568, 53.504747636489654 ], [ 9.99660527784923, 53.504748203371591 ], [ 9.996607947231498, 53.504768154810435 ], [ 9.996619710033489, 53.504767598298066 ], [ 9.996622420114891, 53.504787998850318 ], [ 9.996611531023705, 53.504788521111358 ], [ 9.996614204628077, 53.504808652295971 ], [ 9.996623949290319, 53.504808193510641 ], [ 9.996626752039019, 53.504829330393065 ], [ 9.996616630918728, 53.504829810295412 ], [ 9.996620033810292, 53.504855319847103 ], [ 9.996686616102552, 53.504837883250708 ] ] ] } },
{ "type": "Feature", "properties": { "gebaeude_id": "DEHHALKAJ0000xLt", "dachneig": 11.583, "dachfl_2d": 19.108, "dachfl_3d": 19.505, "area_m2": 19.1, "expo_klasse": "sonnig", "schatten": 4.27, "solar_eignung": "Eignung 2 (geeignet, hohe Einstrahlung)", "ertkwha_k": 170057.52, "pvarea_solar": 1287.28, "schatten_klasse": "sonnig", "gruendach_eignung": "sehr gut geeignet" }, "geometry": { "type": "Polygon", "coordinates": [ [ [ 9.996722385078254, 53.504582259704783 ], [ 9.996832811105717, 53.504552519962346 ], [ 9.996709852243152, 53.504558345433217 ], [ 9.996705348854521, 53.504558553775212 ], [ 9.996706009408804, 53.504563573152893 ], [ 9.996604015364412, 53.50456839671223 ], [ 9.996722385078254, 53.504582259704783 ] ] ] } },
{ "type": "Feature", "properties": { "gebaeude_id": "DEHHALKAJ0000xLt", "dachneig": 3.374, "dachfl_2d": 248.943, "dachfl_3d": 249.368, "area_m2": 248.9, "expo_klasse": "sonnig", "schatten": 4.31, "solar_eignung": "Eignung 2 (geeignet, hohe Einstrahlung)", "ertkwha_k": 23295.09, "pvarea_solar": 176.03, "schatten_klasse": "sonnig", "gruendach_eignung": "sehr gut geeignet" }, "geometry": { "type": "Polygon", "coordinates": [ [ [ 9.996864328692242, 53.504720451460607 ], [ 9.996884025922769, 53.504684699500658 ], [ 9.996858945521197, 53.50467930847288 ], [ 9.996878723908706, 53.504643160317947 ], [ 9.996853537168853, 53.504639019655521 ], [ 9.996873590897685, 53.504603039997185 ], [ 9.996846779250518, 53.504597762284362 ], [ 9.996868260540463, 53.504559649303175 ], [ 9.996832811105717, 53.504552519962346 ], [ 9.996722385078254, 53.504582259704783 ], [ 9.996751637173451, 53.504812387458109 ], [ 9.996880908871628, 53.504834600118073 ], [ 9.996870917548007, 53.504759642755886 ], [ 9.996889031925845, 53.504725189431269 ], [ 9.996864328692242, 53.504720451460607 ] ], [ [ 9.996796366743496, 53.504799250006371 ], [ 9.996839809255569, 53.504797449488215 ], [ 9.996842020489821, 53.504816505836587 ], [ 9.996798577747517, 53.504818297368296 ], [ 9.996796366743496, 53.504799250006371 ] ] ] } },
{ "type": "Feature", "properties": { "gebaeude_id": "DEHHALKAJ0000xLt", "dachneig": 9.041, "dachfl_2d": 20.426, "dachfl_3d": 20.682, "area_m2": 20.4, "expo_klasse": "sonnig", "schatten": 4.37, "solar_eignung": "Eignung 2 (geeignet, hohe Einstrahlung)", "ertkwha_k": 16107.31, "pvarea_solar": 115.59, "schatten_klasse": "sonnig", "gruendach_eignung": "sehr gut geeignet" }, "geometry": { "type": "Polygon", "coordinates": [ [ [ 9.996751637173451, 53.504812387458109 ], [ 9.996685989808629, 53.504829825284745 ], [ 9.996750674512697, 53.50484076496268 ], [ 9.996880908871628, 53.504834600118073 ], [ 9.996751637173451, 53.504812387458109 ] ] ] } },
{ "type": "Feature", "properties": { "gebaeude_id": "DEHHALKAJ0000xLt", "dachneig": 0.0, "dachfl_2d": 11.98, "dachfl_3d": 11.98, "area_m2": 12.0, "expo_klasse": "sonnig", "schatten": 4.37, "solar_eignung": "Eignung 2 (geeignet, hohe Einstrahlung)", "ertkwha_k": 16107.31, "pvarea_solar": 115.59, "schatten_klasse": "sonnig", "gruendach_eignung": "sehr gut geeignet" }, "geometry": { "type": "Polygon", "coordinates": [ [ [ 9.996917858566821, 53.504842040539501 ], [ 9.996872148966528, 53.504844255510875 ], [ 9.996876957296028, 53.504879533433908 ], [ 9.996922667144906, 53.504877327447844 ], [ 9.996917858566821, 53.504842040539501 ] ] ] } },
{ "type": "Feature", "properties": { "gebaeude_id": "DEHHALKAJ0000xLt", "dachneig": 0.0, "dachfl_2d": 187.021, "dachfl_3d": 187.021, "area_m2": 187.0, "expo_klasse": "sonnig", "schatten": 4.37, "solar_eignung": "Eignung 2 (geeignet, hohe Einstrahlung)", "ertkwha_k": 16107.31, "pvarea_solar": 115.59, "schatten_klasse": "sonnig", "gruendach_eignung": "sehr gut geeignet" }, "geometry": { "type": "Polygon", "coordinates": [ [ [ 9.995786204995539, 53.504946541314901 ], [ 9.996878835193215, 53.504893378905699 ], [ 9.99687089306733, 53.504835070174593 ], [ 9.996834851708831, 53.504836782017485 ], [ 9.99683983964546, 53.504873289945579 ], [ 9.995783536555049, 53.504924684171037 ], [ 9.995786204995539, 53.504946541314901 ] ] ] } },
{ "type": "Feature", "properties": { "gebaeude_id": "DEHHALKAJ0000xLt", "dachneig": 3.393, "dachfl_2d": 194.646, "dachfl_3d": 194.922, "area_m2": 194.6, "expo_klasse": "sonnig", "schatten": 4.4, "solar_eignung": "Eignung 2 (geeignet, hohe Einstrahlung)", "ertkwha_k": 65448.85, "pvarea_solar": 496.11, "schatten_klasse": "sonnig", "gruendach_eignung": "sehr gut geeignet" }, "geometry": { "type": "Polygon", "coordinates": [ [ [ 9.996451127824839, 53.50453247454076 ], [ 9.996440203377464, 53.504532772354644 ], [ 9.996443344509025, 53.5045548412836 ], [ 9.996454039887569, 53.50455441953212 ], [ 9.996456746298847, 53.504573381869236 ], [ 9.996456762006108, 53.504573408705468 ], [ 9.996446144105134, 53.504573919701961 ], [ 9.996449408777664, 53.504598684319205 ], [ 9.99658219758852, 53.504592174897169 ], [ 9.996565154702294, 53.50441069299336 ], [ 9.996431496558088, 53.504382682659475 ], [ 9.996435124671788, 53.504410087032355 ], [ 9.996435126358016, 53.504410158930767 ], [ 9.996424325702366, 53.504410590547401 ], [ 9.996426385119182, 53.504432183084745 ], [ 9.996438305956643, 53.504431939889621 ], [ 9.996440208326003, 53.504450693192389 ], [ 9.996440209379903, 53.504450738128902 ], [ 9.996429481980567, 53.504451079244618 ], [ 9.996432242223436, 53.504472980556962 ], [ 9.996443271125646, 53.504472636927723 ], [ 9.996445718513398, 53.504491484566685 ], [ 9.996445719778086, 53.504491538490491 ], [ 9.99643529576301, 53.504491957979297 ], [ 9.996435312313345, 53.504492020764772 ], [ 9.996438135601794, 53.504514038409098 ], [ 9.996448906344584, 53.504513616029783 ], [ 9.996451127824839, 53.50453247454076 ] ] ] } },
{ "type": "Feature", "properties": { "gebaeude_id": "DEHHALKAJ0000xLt", "dachneig": 6.015, "dachfl_2d": 48.483, "dachfl_3d": 48.752, "area_m2": 48.5, "expo_klasse": "sonnig", "schatten": 4.55, "solar_eignung": "Eignung 2 (geeignet, hohe Einstrahlung)", "ertkwha_k": 16755.09, "pvarea_solar": 127.55, "schatten_klasse": "sonnig", "gruendach_eignung": "sehr gut geeignet" }, "geometry": { "type": "Polygon", "coordinates": [ [ [ 9.996431496558088, 53.504382682659475 ], [ 9.996565154702294, 53.50441069299336 ], [ 9.996707444384052, 53.504359940959802 ], [ 9.996668105943876, 53.504352205774232 ], [ 9.996563947004512, 53.504356633855082 ], [ 9.99656638905628, 53.504377180469277 ], [ 9.996431496558088, 53.504382682659475 ] ] ] } },
{ "type": "Feature", "properties": { "gebaeude_id": "DEHHALKAJ0000xLt", "dachneig": 3.117, "dachfl_2d": 183.108, "dachfl_3d": 183.366, "area_m2": 183.1, "expo_klasse": "sonnig", "schatten": 4.56, "solar_eignung": "Eignung 2 (geeignet, hohe Einstrahlung)", "ertkwha_k": 7654.39, "pvarea_solar": 58.15, "schatten_klasse": "sonnig", "gruendach_eignung": "sehr gut geeignet" }, "geometry": { "type": "Polygon", "coordinates": [ [ [ 9.996565154702294, 53.50441069299336 ], [ 9.99658219758852, 53.504592174897169 ], [ 9.996595209873247, 53.504591536057461 ], [ 9.99659220760341, 53.504568962587179 ], [ 9.996604015364412, 53.50456839671223 ], [ 9.996706009408804, 53.504563573152893 ], [ 9.996705348854521, 53.504558553775212 ], [ 9.996709852243152, 53.504558345433217 ], [ 9.996725916062061, 53.504523891252113 ], [ 9.996702264094003, 53.504519611913814 ], [ 9.996721940181096, 53.504483599473048 ], [ 9.996697179969544, 53.504478996779298 ], [ 9.996716670927507, 53.504442806101416 ], [ 9.996692374265857, 53.504438037738502 ], [ 9.996711067191701, 53.504402536883944 ], [ 9.996686517022276, 53.504397887491457 ], [ 9.996707444384052, 53.504359940959802 ], [ 9.996565154702294, 53.50441069299336 ] ] ] } },
{ "type": "Feature", "properties": { "gebaeude_id": "DEHHALKAJ0000wB2", "dachneig": 6.503, "dachfl_2d": 13.397, "dachfl_3d": 13.483, "area_m2": 13.4, "expo_klasse": "sonnig", "schatten": 4.64, "solar_eignung": "Eignung 2 (geeignet, hohe Einstrahlung)", "ertkwha_k": 57386.53, "pvarea_solar": 439.12, "schatten_klasse": "sonnig", "gruendach_eignung": "sehr gut geeignet" }, "geometry": { "type": "Polygon", "coordinates": [ [ [ 9.995788604245387, 53.505216166166058 ], [ 9.995700018415858, 53.505199348452464 ], [ 9.995705844968555, 53.505241440632062 ], [ 9.995788604245387, 53.505216166166058 ] ] ] } },
{ "type": "Feature", "properties": { "gebaeude_id": "DEHHALKAJ0000wB2", "dachneig": 3.491, "dachfl_2d": 256.548, "dachfl_3d": 257.009, "area_m2": 256.5, "expo_klasse": "sonnig", "schatten": 4.64, "solar_eignung": "Eignung 2 (geeignet, hohe Einstrahlung)", "ertkwha_k": 21559.81, "pvarea_solar": 167.63, "schatten_klasse": "sonnig", "gruendach_eignung": "sehr gut geeignet" }, "geometry": { "type": "Polygon", "coordinates": [ [ [ 9.995848019163278, 53.505193962622712 ], [ 9.995828279857344, 53.50502275962387 ], [ 9.995827120855884, 53.505013195929983 ], [ 9.995823048806692, 53.504977129786759 ], [ 9.995666186302087, 53.504954992986903 ], [ 9.995672195339122, 53.504998440997667 ], [ 9.995700018415858, 53.505199348452464 ], [ 9.995848019163278, 53.505193962622712 ] ], [ [ 9.995808581619293, 53.50513699489661 ], [ 9.995807645256111, 53.505127923746343 ], [ 9.995822514693845, 53.505127386378142 ], [ 9.995823450849535, 53.505136448541002 ], [ 9.995808581619293, 53.50513699489661 ] ] ] } },
{ "type": "Feature", "properties": { "gebaeude_id": "DEHHALKAJ0000wB2", "dachneig": 8.397, "dachfl_2d": 10.944, "dachfl_3d": 11.063, "area_m2": 10.9, "expo_klasse": "sonnig", "schatten": 4.65, "solar_eignung": "Eignung 2 (geeignet, hohe Einstrahlung)", "ertkwha_k": 194953.32, "pvarea_solar": 1480.95, "schatten_klasse": "sonnig", "gruendach_eignung": "sehr gut geeignet" }, "geometry": { "type": "Polygon", "coordinates": [ [ [ 9.995848019163278, 53.505193962622712 ], [ 9.995700018415858, 53.505199348452464 ], [ 9.995788604245387, 53.505216166166058 ], [ 9.995848019163278, 53.505193962622712 ] ] ] } },
{ "type": "Feature", "properties": { "gebaeude_id": "DEHHALKAJ0000wB2", "dachneig": 12.16, "dachfl_2d": 21.007, "dachfl_3d": 21.433, "area_m2": 21.0, "expo_klasse": "sonnig", "schatten": 4.65, "solar_eignung": "Eignung 2 (geeignet, hohe Einstrahlung)", "ertkwha_k": 194953.32, "pvarea_solar": 1480.95, "schatten_klasse": "sonnig", "gruendach_eignung": "sehr gut geeignet" }, "geometry": { "type": "Polygon", "coordinates": [ [ [ 9.995909197698836, 53.50495175508361 ], [ 9.995907736894543, 53.504951830177554 ], [ 9.995864257171514, 53.504953981239495 ], [ 9.995778321972056, 53.504958238827314 ], [ 9.99577734214307, 53.504951172599093 ], [ 9.995777122694767, 53.504949529429098 ], [ 9.995666186302087, 53.504954992986903 ], [ 9.995823048806692, 53.504977129786759 ], [ 9.995832107490276, 53.504974420526672 ], [ 9.995831869172905, 53.504972615710876 ], [ 9.99583935452058, 53.504972256713046 ], [ 9.995839625660807, 53.504972245465197 ], [ 9.995909197698836, 53.50495175508361 ] ] ] } },
{ "type": "Feature", "properties": { "gebaeude_id": "DEHHALKAJ0000wB2", "dachneig": 4.859, "dachfl_2d": 156.712, "dachfl_3d": 157.272, "area_m2": 156.7, "expo_klasse": "sonnig", "schatten": 4.65, "solar_eignung": "Eignung 2 (geeignet, hohe Einstrahlung)", "ertkwha_k": 194953.32, "pvarea_solar": 1480.95, "schatten_klasse": "sonnig", "gruendach_eignung": "sehr gut geeignet" }, "geometry": { "type": "Polygon", "coordinates": [ [ [ 9.995823048806692, 53.504977129786759 ], [ 9.995827120855884, 53.505013195929983 ], [ 9.995837257315319, 53.505012724956011 ], [ 9.995845089607132, 53.505012372056548 ], [ 9.995846323987955, 53.505021935122301 ], [ 9.995828279857344, 53.50502275962387 ], [ 9.995848019163278, 53.505193962622712 ], [ 9.995854354874744, 53.505212741921312 ], [ 9.995944722818578, 53.505229679508687 ], [ 9.995939294258703, 53.505190424566862 ], [ 9.995928421392996, 53.505104166243051 ], [ 9.995909197698836, 53.50495175508361 ], [ 9.995839625660807, 53.504972245465197 ], [ 9.995881314633161, 53.504970244167254 ], [ 9.995886188869274, 53.505006438461464 ], [ 9.995836758442296, 53.50500880988173 ], [ 9.995832123407967, 53.504974456350347 ], [ 9.995832107490276, 53.504974420526672 ], [ 9.995823048806692, 53.504977129786759 ] ] ] } },
{ "type": "Feature", "properties": { "gebaeude_id": "DEHHALKAJ0000wB2", "dachneig": 13.902, "dachfl_2d": 23.933, "dachfl_3d": 24.696, "area_m2": 23.9, "expo_klasse": "sonnig", "schatten": 4.65, "solar_eignung": "Eignung 2 (geeignet, hohe Einstrahlung)", "ertkwha_k": 194953.32, "pvarea_solar": 1480.95, "schatten_klasse": "sonnig", "gruendach_eignung": "sehr gut geeignet" }, "geometry": { "type": "Polygon", "coordinates": [ [ [ 9.995854354874744, 53.505212741921312 ], [ 9.995788604245387, 53.505216166166058 ], [ 9.995705844968555, 53.505241440632062 ], [ 9.995813664497817, 53.50523612885268 ], [ 9.995944722818578, 53.505229679508687 ], [ 9.995854354874744, 53.505212741921312 ] ] ] } },
{ "type": "Feature", "properties": { "gebaeude_id": "DEHHALKAJ0000waq", "dachneig": 3.102, "dachfl_2d": 397.992, "dachfl_3d": 398.197, "area_m2": 398.0, "expo_klasse": "sonnig", "schatten": 4.65, "solar_eignung": "Eignung 2 (geeignet, hohe Einstrahlung)", "ertkwha_k": 194953.32, "pvarea_solar": 1480.95, "schatten_klasse": "sonnig", "gruendach_eignung": "sehr gut geeignet" }, "geometry": { "type": "Polygon", "coordinates": [ [ [ 9.996580068203077, 53.50506577234858 ], [ 9.996548604611734, 53.505067239190936 ], [ 9.996531329095161, 53.50506804840181 ], [ 9.996528192205965, 53.505044235563574 ], [ 9.996527093552134, 53.505035965797546 ], [ 9.996522152297102, 53.505037436251243 ], [ 9.996360942430201, 53.50501575908892 ], [ 9.996379712179261, 53.505164173832156 ], [ 9.996392129881832, 53.505262257833245 ], [ 9.996551593454134, 53.505255085641465 ], [ 9.996632400465794, 53.505245593677273 ], [ 9.996632365255676, 53.505245378233404 ], [ 9.996620000873298, 53.505147662361836 ], [ 9.996603008273208, 53.505013336672931 ], [ 9.996542905313069, 53.505031249559593 ], [ 9.996575332628151, 53.505029729738823 ], [ 9.996580068203077, 53.50506577234858 ] ] ] } },
{ "type": "Feature", "properties": { "gebaeude_id": "DEHHALKAJ0000waq", "dachneig": 7.53, "dachfl_2d": 19.858, "dachfl_3d": 20.001, "area_m2": 19.9, "expo_klasse": "sonnig", "schatten": 4.65, "solar_eignung": "Eignung 2 (geeignet, hohe Einstrahlung)", "ertkwha_k": 194953.32, "pvarea_solar": 1480.95, "schatten_klasse": "sonnig", "gruendach_eignung": "sehr gut geeignet" }, "geometry": { "type": "Polygon", "coordinates": [ [ [ 9.996603008273208, 53.505013336672931 ], [ 9.996556707381245, 53.505015421616669 ], [ 9.99647127498914, 53.505019262013825 ], [ 9.996470203124593, 53.505010848199063 ], [ 9.996360942430201, 53.50501575908892 ], [ 9.996522152297102, 53.505037436251243 ], [ 9.996527093552134, 53.505035965797546 ], [ 9.996526891257483, 53.50503441237646 ], [ 9.996526578696997, 53.505032014902909 ], [ 9.996530991686358, 53.505031807321501 ], [ 9.996542905313069, 53.505031249559593 ], [ 9.996603008273208, 53.505013336672931 ] ] ] } },
{ "type": "Feature", "properties": { "gebaeude_id": "DEHHALKAJ0000waq", "dachneig": 6.225, "dachfl_2d": 13.957, "dachfl_3d": 14.04, "area_m2": 14.0, "expo_klasse": "sonnig", "schatten": 4.69, "solar_eignung": "Eignung 2 (geeignet, hohe Einstrahlung)", "ertkwha_k": 161394.28, "pvarea_solar": 1224.87, "schatten_klasse": "sonnig", "gruendach_eignung": "sehr gut geeignet" }, "geometry": { "type": "Polygon", "coordinates": [ [ [ 9.996552745848843, 53.50527335978326 ], [ 9.996638156679309, 53.50529107527688 ], [ 9.996632400465794, 53.505245593677273 ], [ 9.996552745848843, 53.50527335978326 ] ] ] } },
{ "type": "Feature", "properties": { "gebaeude_id": "DEHHALKAJ0000waq", "dachneig": 9.315, "dachfl_2d": 21.311, "dachfl_3d": 21.71, "area_m2": 21.3, "expo_klasse": "sonnig", "schatten": 4.69, "solar_eignung": "Eignung 2 (geeignet, hohe Einstrahlung)", "ertkwha_k": 161394.28, "pvarea_solar": 1224.87, "schatten_klasse": "sonnig", "gruendach_eignung": "sehr gut geeignet" }, "geometry": { "type": "Polygon", "coordinates": [ [ [ 9.996551593454134, 53.505255085641465 ], [ 9.996392129881832, 53.505262257833245 ], [ 9.996481480210132, 53.505276938254923 ], [ 9.996552745848843, 53.50527335978326 ], [ 9.996632400465794, 53.505245593677273 ], [ 9.996551593454134, 53.505255085641465 ] ] ] } },
{ "type": "Feature", "properties": { "gebaeude_id": "DEHHALKAJ0000waq", "dachneig": 14.086, "dachfl_2d": 24.618, "dachfl_3d": 25.395, "area_m2": 24.6, "expo_klasse": "sonnig", "schatten": 4.69, "solar_eignung": "Eignung 2 (geeignet, hohe Einstrahlung)", "ertkwha_k": 161394.28, "pvarea_solar": 1224.87, "schatten_klasse": "sonnig", "gruendach_eignung": "sehr gut geeignet" }, "geometry": { "type": "Polygon", "coordinates": [ [ [ 9.996552745848843, 53.50527335978326 ], [ 9.996481480210132, 53.505276938254923 ], [ 9.996397130753609, 53.505301902850256 ], [ 9.996507220680321, 53.505296958050309 ], [ 9.996638156679309, 53.50529107527688 ], [ 9.996552745848843, 53.50527335978326 ] ] ] } },
{ "type": "Feature", "properties": { "gebaeude_id": "DEHHALKAJ0000waq", "dachneig": 5.919, "dachfl_2d": 12.8, "dachfl_3d": 12.869, "area_m2": 12.8, "expo_klasse": "sonnig", "schatten": 4.69, "solar_eignung": "Eignung 2 (geeignet, hohe Einstrahlung)", "ertkwha_k": 161394.28, "pvarea_solar": 1224.87, "schatten_klasse": "sonnig", "gruendach_eignung": "sehr gut geeignet" }, "geometry": { "type": "Polygon", "coordinates": [ [ [ 9.996397130753609, 53.505301902850256 ], [ 9.996481480210132, 53.505276938254923 ], [ 9.996392129881832, 53.505262257833245 ], [ 9.996392223805891, 53.50526304808767 ], [ 9.996397130753609, 53.505301902850256 ] ] ] } },
{ "type": "Feature", "properties": { "gebaeude_id": "DEHHALKAJ0000waq", "dachneig": 0.0, "dachfl_2d": 29.638, "dachfl_3d": 29.638, "area_m2": 29.6, "expo_klasse": "sonnig", "schatten": 4.69, "solar_eignung": "Eignung 2 (geeignet, hohe Einstrahlung)", "ertkwha_k": 161394.28, "pvarea_solar": 1224.87, "schatten_klasse": "sonnig", "gruendach_eignung": "sehr gut geeignet" }, "geometry": { "type": "Polygon", "coordinates": [ [ [ 9.996560367820496, 53.505001772672948 ], [ 9.996555020813357, 53.505002015009374 ], [ 9.996556707381245, 53.505015421616669 ], [ 9.996599107205752, 53.505013513021858 ], [ 9.996585797592608, 53.504907633967711 ], [ 9.996548733166478, 53.504909444144019 ], [ 9.996560367820496, 53.505001772672948 ] ] ] } },
{ "type": "Feature", "properties": { "gebaeude_id": "DEHHALKAJ0000wCv", "dachneig": 3.826, "dachfl_2d": 36.318, "dachfl_3d": 36.402, "area_m2": 36.3, "expo_klasse": "sonnig", "schatten": 4.69, "solar_eignung": "Eignung 2 (geeignet, hohe Einstrahlung)", "ertkwha_k": 19205.63, "pvarea_solar": 146.63, "schatten_klasse": "sonnig", "gruendach_eignung": "sehr gut geeignet" }, "geometry": { "type": "Polygon", "coordinates": [ [ [ 9.996904429789085, 53.498688597564687 ], [ 9.996919946643775, 53.49871254087909 ], [ 9.996995804916887, 53.498695062646497 ], [ 9.996959218530032, 53.498638619808141 ], [ 9.996883360552857, 53.498656107004564 ], [ 9.996885472123356, 53.498659361415456 ], [ 9.996904429789085, 53.498688597564687 ] ] ] } },
{ "type": "Feature", "properties": { "gebaeude_id": "DEHHALKAJ0000wCv", "dachneig": 28.111, "dachfl_2d": 26.534, "dachfl_3d": 30.055, "area_m2": 26.5, "expo_klasse": "sonnig", "schatten": 4.69, "solar_eignung": "Eignung 2 (geeignet, hohe Einstrahlung)", "ertkwha_k": 19205.63, "pvarea_solar": 146.63, "schatten_klasse": "sonnig", "gruendach_eignung": "sehr gut geeignet" }, "geometry": { "type": "Polygon", "coordinates": [ [ [ 9.996805121569462, 53.498742407364176 ], [ 9.996921870388379, 53.49871550021652 ], [ 9.996919946643775, 53.49871254087909 ], [ 9.996904429789085, 53.498688597564687 ], [ 9.996787821958229, 53.498715728246665 ], [ 9.996805121569462, 53.498742407364176 ] ] ] } },
{ "type": "Feature", "properties": { "gebaeude_id": "DEHHALKAJ0000wCv", "dachneig": 25.817, "dachfl_2d": 29.068, "dachfl_3d": 32.314, "area_m2": 29.1, "expo_klasse": "sonnig", "schatten": 4.69, "solar_eignung": "Eignung 2 (geeignet, hohe Einstrahlung)", "ertkwha_k": 161394.28, "pvarea_solar": 1224.87, "schatten_klasse": "sonnig", "gruendach_eignung": "sehr gut geeignet" }, "geometry": { "type": "Polygon", "coordinates": [ [ [ 9.996787821958229, 53.498715728246665 ], [ 9.996904429789085, 53.498688597564687 ], [ 9.996885472123356, 53.498659361415456 ], [ 9.99676872343468, 53.498686268527187 ], [ 9.996787821958229, 53.498715728246665 ] ] ] } },
{ "type": "Feature", "properties": { "gebaeude_id": "20211011093632_93", "dachneig": 0.0, "dachfl_2d": 26.386, "dachfl_3d": 26.386, "area_m2": 26.4, "expo_klasse": "sonnig", "schatten": 4.69, "solar_eignung": "Eignung 2 (geeignet, hohe Einstrahlung)", "ertkwha_k": 161394.28, "pvarea_solar": 1224.87, "schatten_klasse": "sonnig", "gruendach_eignung": "sehr gut geeignet" }, "geometry": { "type": "Polygon", "coordinates": [ [ [ 9.996668386344053, 53.501867050912431 ], [ 9.996765419406016, 53.501830339479248 ], [ 9.996737453791269, 53.501804072911384 ], [ 9.996640420764543, 53.501840784321892 ], [ 9.996668386344053, 53.501867050912431 ] ] ] } },
{ "type": "Feature", "properties": { "gebaeude_id": "20211011093632_191", "dachneig": 0.0, "dachfl_2d": 39.213, "dachfl_3d": 39.213, "area_m2": 39.2, "expo_klasse": "sonnig", "schatten": 4.77, "solar_eignung": "Eignung 2 (geeignet, hohe Einstrahlung)", "ertkwha_k": 62414.76, "pvarea_solar": 472.68, "schatten_klasse": "sonnig", "gruendach_eignung": "sehr gut geeignet" }, "geometry": { "type": "Polygon", "coordinates": [ [ [ 9.995498576044017, 53.50274955632274 ], [ 9.995491249487474, 53.50265371302163 ], [ 9.995453248918283, 53.502654739624887 ], [ 9.995453925513699, 53.502663669119393 ], [ 9.995434292422479, 53.502664201169914 ], [ 9.995440185153402, 53.502741323206379 ], [ 9.995444976662274, 53.502741193413463 ], [ 9.995445733978633, 53.502750994174825 ], [ 9.995498576044017, 53.50274955632274 ] ] ] } },
{ "type": "Feature", "properties": { "gebaeude_id": "DEHHALKAJ0000vxM", "dachneig": 2.833, "dachfl_2d": 90.135, "dachfl_3d": 90.243, "area_m2": 90.1, "expo_klasse": "sonnig", "schatten": 4.77, "solar_eignung": "Eignung 2 (geeignet, hohe Einstrahlung)", "ertkwha_k": 62414.76, "pvarea_solar": 472.68, "schatten_klasse": "sonnig", "gruendach_eignung": "sehr gut geeignet" }, "geometry": { "type": "Polygon", "coordinates": [ [ [ 9.995396503155568, 53.502840935215197 ], [ 9.99531935986084, 53.502841874225403 ], [ 9.995324900076929, 53.503003073905248 ], [ 9.995402043453558, 53.503002125902881 ], [ 9.995400345705464, 53.502952826041287 ], [ 9.995397228396536, 53.502864813116616 ], [ 9.995396503155568, 53.502840935215197 ] ], [ [ 9.995395316741776, 53.502866878541916 ], [ 9.995393604376982, 53.502867153484132 ], [ 9.995391865147258, 53.50286692526246 ], [ 9.995390352999857, 53.50286609288257 ], [ 9.995389812681482, 53.502864910825622 ], [ 9.995390271056976, 53.502863882255411 ], [ 9.995391473968542, 53.502863099179031 ], [ 9.995393425416575, 53.502862732355332 ], [ 9.995395423014761, 53.502863048316087 ], [ 9.995396691867835, 53.502863792831278 ], [ 9.995397228396536, 53.502864813116616 ], [ 9.99539677381104, 53.502866003458422 ], [ 9.995395316741776, 53.502866878541916 ] ], [ [ 9.995397889865295, 53.50293230648289 ], [ 9.995396511113102, 53.502933306761136 ], [ 9.995394471321381, 53.502933764211143 ], [ 9.995392326555907, 53.502933602289914 ], [ 9.995390589343934, 53.502932816729512 ], [ 9.995390315058376, 53.502932693166713 ], [ 9.995389532076077, 53.502931450207022 ], [ 9.995389438050831, 53.50293129817593 ], [ 9.995389800085803, 53.502930018714224 ], [ 9.995391102834768, 53.502928992101808 ], [ 9.995393111424903, 53.502928489966337 ], [ 9.995393426090807, 53.502928406444461 ], [ 9.995393758568161, 53.502928439632058 ], [ 9.995395889522378, 53.502928655602638 ], [ 9.995397567279168, 53.502929477614309 ], [ 9.995398409295676, 53.502930666147961 ], [ 9.995398137917512, 53.502931953843834 ], [ 9.995398097326566, 53.502932151941238 ], [ 9.995397889865295, 53.50293230648289 ] ], [ [ 9.995379325683144, 53.502865843124951 ], [ 9.995378090602022, 53.50286718379099 ], [ 9.995376191535014, 53.502867855806429 ], [ 9.995373977086073, 53.502867937169846 ], [ 9.995372002899055, 53.502867333363767 ], [ 9.995371699307585, 53.502867246001188 ], [ 9.995371514205083, 53.502867067761294 ], [ 9.995370371967814, 53.502865935661767 ], [ 9.9953703410182, 53.50286461452724 ], [ 9.995371338700375, 53.502863437641231 ], [ 9.995373191281113, 53.502862712078624 ], [ 9.995373490240651, 53.502862601720373 ], [ 9.995373821875305, 53.502862598958814 ], [ 9.995376037587224, 53.502862571519252 ], [ 9.995377982678139, 53.502863220512857 ], [ 9.995379184581155, 53.502864325148273 ], [ 9.995379321051187, 53.502865645404128 ], [ 9.995379325683144, 53.502865843124951 ] ], [ [ 9.995380678474733, 53.502928737323245 ], [ 9.995382179129136, 53.502929722613025 ], [ 9.995382752333885, 53.502931021253964 ], [ 9.995382149320033, 53.50293231171139 ], [ 9.995382063506064, 53.502932510185367 ], [ 9.995380142919849, 53.502933550931601 ], [ 9.995377948384318, 53.50293383887773 ], [ 9.995375783912632, 53.502933479360955 ], [ 9.995374208728752, 53.502932530647925 ], [ 9.995373963960287, 53.502932379872085 ], [ 9.995373400987686, 53.502930874397435 ], [ 9.995374094658262, 53.502929592174212 ], [ 9.995375685925211, 53.502928653050063 ], [ 9.995377864333472, 53.502928320292945 ], [ 9.995378194705376, 53.50292826360748 ], [ 9.995378528024895, 53.502928332744446 ], [ 9.995380678474733, 53.502928737323245 ] ], [ [ 9.995387213359413, 53.502888465837977 ], [ 9.99538791726069, 53.502886976780999 ], [ 9.995388185229563, 53.502886830724577 ], [ 9.995389882856971, 53.502885926670736 ], [ 9.995392122612875, 53.502885638347855 ], [ 9.995394317652002, 53.502886015587919 ], [ 9.995395908540516, 53.502886991137061 ], [ 9.995396153308794, 53.502887141912872 ], [ 9.995396233522921, 53.502887347993351 ], [ 9.995396702049504, 53.502888683462174 ], [ 9.995395993516471, 53.502889974798386 ], [ 9.995394357239013, 53.502890923286671 ], [ 9.995392148684211, 53.502891256295186 ], [ 9.995391803238283, 53.502891313106161 ], [ 9.995391454844746, 53.502891244094826 ], [ 9.995389288901261, 53.502890821667087 ], [ 9.995387757467844, 53.502889809666506 ], [ 9.995387693170207, 53.502889639409716 ], [ 9.995387198916736, 53.502888492925422 ], [ 9.995387213359413, 53.502888465837977 ] ], [ [ 9.995379618979603, 53.50288801670122 ], [ 9.99538007327356, 53.502889388244924 ], [ 9.995379320148695, 53.502890706919516 ], [ 9.995379204396707, 53.502890914631855 ], [ 9.995377102288947, 53.502891929922434 ], [ 9.995374800550989, 53.502892146848694 ], [ 9.995372573678742, 53.502891697960798 ], [ 9.995371041403535, 53.502890650010777 ], [ 9.995370796424769, 53.502890490247587 ], [ 9.995370731074518, 53.50289027505427 ], [ 9.995370367016209, 53.502888893770077 ], [ 9.995371211008276, 53.502887592317023 ], [ 9.995372968512221, 53.502886669786747 ], [ 9.995375268986637, 53.50288639893666 ], [ 9.995375614853632, 53.50288636010032 ], [ 9.995375963247115, 53.502886429111697 ], [ 9.995378146159425, 53.502886932299937 ], [ 9.995379618979603, 53.50288801670122 ] ] ] } },
{ "type": "Feature", "properties": { "gebaeude_id": "DEHHALKAJ0000vxM", "dachneig": 21.523, "dachfl_2d": 97.25, "dachfl_3d": 104.533, "area_m2": 97.3, "expo_klasse": "sonnig", "schatten": 4.8, "solar_eignung": "Eignung 2 (geeignet, hohe Einstrahlung)", "ertkwha_k": 461509.7, "pvarea_solar": 3513.16, "schatten_klasse": "sonnig", "gruendach_eignung": "sehr gut geeignet" }, "geometry": { "type": "Polygon", "coordinates": [ [ [ 9.995517778681439, 53.502951371659982 ], [ 9.995400345705464, 53.502952826041287 ], [ 9.995402146241789, 53.503005226273643 ], [ 9.995673912167719, 53.50300191115668 ], [ 9.995672109822262, 53.502949448018782 ], [ 9.995540764723374, 53.502951081343149 ], [ 9.995542047639564, 53.502976878258458 ], [ 9.995542789975831, 53.502991829876841 ], [ 9.995519821723658, 53.50299223690363 ], [ 9.99551907939548, 53.50297728528512 ], [ 9.995517778681439, 53.502951371659982 ] ], [ [ 9.995631975288628, 53.502954645399988 ], [ 9.995632130111115, 53.502959965635831 ], [ 9.995622829877602, 53.502960070066841 ], [ 9.995622659771346, 53.502954740969223 ], [ 9.995631975288628, 53.502954645399988 ] ], [ [ 9.995433496871927, 53.502957170354321 ], [ 9.995433861657508, 53.502962443896514 ], [ 9.99542527244332, 53.502962650259775 ], [ 9.9954249227331, 53.502957376592022 ], [ 9.995433496871927, 53.502957170354321 ] ], [ [ 9.995478349251187, 53.502956419292268 ], [ 9.995486734582409, 53.502956520251239 ], [ 9.995486569456574, 53.502961699326725 ], [ 9.995478153975636, 53.502961598618789 ], [ 9.9954783343874, 53.502956428405085 ], [ 9.995433496871927, 53.502957170354321 ], [ 9.995478349251187, 53.502956419292268 ] ] ] } },
{ "type": "Feature", "properties": { "gebaeude_id": "DEHHALKAJ0000vxM", "dachneig": 10.136, "dachfl_2d": 230.603, "dachfl_3d": 234.259, "area_m2": 230.6, "expo_klasse": "sonnig", "schatten": 4.8, "solar_eignung": "Eignung 2 (geeignet, hohe Einstrahlung)", "ertkwha_k": 461509.7, "pvarea_solar": 3513.16, "schatten_klasse": "sonnig", "gruendach_eignung": "sehr gut geeignet" }, "geometry": { "type": "Polygon", "coordinates": [ [ [ 9.995590931205154, 53.502834803484923 ], [ 9.995587750950758, 53.502834847951164 ], [ 9.995396369924054, 53.502837178896257 ], [ 9.995396503155568, 53.502840935215197 ], [ 9.995397228396536, 53.502864813116616 ], [ 9.995400345705464, 53.502952826041287 ], [ 9.995517778681439, 53.502951371659982 ], [ 9.99551776099327, 53.502950616726054 ], [ 9.995540729433536, 53.502950218686998 ], [ 9.995540764723374, 53.502951081343149 ], [ 9.995672109822262, 53.502949448018782 ], [ 9.99566813477591, 53.502833863797292 ], [ 9.995666733077483, 53.502833884461893 ], [ 9.995590931205154, 53.502834803484923 ] ], [ [ 9.995602476494071, 53.502899626339286 ], [ 9.995594515571197, 53.502899620733267 ], [ 9.995594531204153, 53.50289449683703 ], [ 9.995602492126068, 53.502894502443063 ], [ 9.995602476494071, 53.502899626339286 ] ], [ [ 9.995569131108649, 53.502940399798824 ], [ 9.995577678463945, 53.502940337598851 ], [ 9.995577780054274, 53.50294531669369 ], [ 9.995569247982907, 53.502945387755439 ], [ 9.995569131108649, 53.502940399798824 ] ], [ [ 9.995476809952885, 53.502946705945256 ], [ 9.995476886318412, 53.502941599521485 ], [ 9.995485511572632, 53.502941644548123 ], [ 9.995485435208099, 53.502946750971894 ], [ 9.995476809952885, 53.502946705945256 ] ], [ [ 9.995621703119722, 53.502939009087747 ], [ 9.995630449389235, 53.502939071074088 ], [ 9.995630343735904, 53.502944213698235 ], [ 9.99562159746532, 53.502944151711915 ], [ 9.995621703119722, 53.502939009087747 ] ] ] } },
{ "type": "Feature", "properties": { "gebaeude_id": "DEHHALKAJ0000wER", "dachneig": 14.446, "dachfl_2d": 64.822, "dachfl_3d": 66.938, "area_m2": 64.8, "expo_klasse": "sonnig", "schatten": 4.8, "solar_eignung": "Eignung 2 (geeignet, hohe Einstrahlung)", "ertkwha_k": 461509.7, "pvarea_solar": 3513.16, "schatten_klasse": "sonnig", "gruendach_eignung": "sehr gut geeignet" }, "geometry": { "type": "Polygon", "coordinates": [ [ [ 9.995267907306692, 53.502398647419973 ], [ 9.995089099546414, 53.502373168897591 ], [ 9.995207209820533, 53.502488243397458 ], [ 9.995267907306692, 53.502398647419973 ] ] ] } },
{ "type": "Feature", "properties": { "gebaeude_id": "DEHHALKAJ0000wER", "dachneig": 19.167, "dachfl_2d": 117.14, "dachfl_3d": 123.977, "area_m2": 117.1, "expo_klasse": "sonnig", "schatten": 4.91, "solar_eignung": "Eignung 2 (geeignet, hohe Einstrahlung)", "ertkwha_k": 21747.58, "pvarea_solar": 163.97, "schatten_klasse": "sonnig", "gruendach_eignung": "sehr gut geeignet" }, "geometry": { "type": "Polygon", "coordinates": [ [ [ 9.995267907306692, 53.502398647419973 ], [ 9.995207209820533, 53.502488243397458 ], [ 9.995473248119502, 53.50239118451919 ], [ 9.995470755931322, 53.502324065955726 ], [ 9.995267907306692, 53.502398647419973 ] ] ] } },
{ "type": "Feature", "properties": { "gebaeude_id": "DEHHALKAJ0000wER", "dachneig": 14.491, "dachfl_2d": 152.223, "dachfl_3d": 157.245, "area_m2": 152.2, "expo_klasse": "sonnig", "schatten": 4.91, "solar_eignung": "Eignung 2 (geeignet, hohe Einstrahlung)", "ertkwha_k": 21747.58, "pvarea_solar": 163.97, "schatten_klasse": "sonnig", "gruendach_eignung": "sehr gut geeignet" }, "geometry": { "type": "Polygon", "coordinates": [ [ [ 9.995267907306692, 53.502398647419973 ], [ 9.995470755931322, 53.502324065955726 ], [ 9.995341443638514, 53.502281096382397 ], [ 9.995089099546414, 53.502373168897591 ], [ 9.995267907306692, 53.502398647419973 ] ] ] } },
{ "type": "Feature", "properties": { "gebaeude_id": "DEHHALKAJ0000wER", "dachneig": 14.646, "dachfl_2d": 152.965, "dachfl_3d": 158.113, "area_m2": 153.0, "expo_klasse": "sonnig", "schatten": 4.91, "solar_eignung": "Eignung 2 (geeignet, hohe Einstrahlung)", "ertkwha_k": 21747.58, "pvarea_solar": 163.97, "schatten_klasse": "sonnig", "gruendach_eignung": "sehr gut geeignet" }, "geometry": { "type": "Polygon", "coordinates": [ [ [ 9.995466535528562, 53.502178676024606 ], [ 9.995335739069168, 53.502103223338914 ], [ 9.995341443638514, 53.502281096382397 ], [ 9.995470755931322, 53.502324065955726 ], [ 9.995466535528562, 53.502178676024606 ] ] ] } },
{ "type": "Feature", "properties": { "gebaeude_id": "DEHHALKAJ0000wER", "dachneig": 14.466, "dachfl_2d": 64.637, "dachfl_3d": 66.754, "area_m2": 64.6, "expo_klasse": "sonnig", "schatten": 4.97, "solar_eignung": "Eignung 2 (geeignet, hohe Einstrahlung)", "ertkwha_k": 7428.08, "pvarea_solar": 56.75, "schatten_klasse": "sonnig", "gruendach_eignung": "sehr gut geeignet" }, "geometry": { "type": "Polygon", "coordinates": [ [ [ 9.995466535528562, 53.502178676024606 ], [ 9.995561628027389, 53.502099607288848 ], [ 9.995335739069168, 53.502103223338914 ], [ 9.995466535528562, 53.502178676024606 ] ] ] } },
{ "type": "Feature", "properties": { "gebaeude_id": "DEHHALKAJ0000wER", "dachneig": 18.928, "dachfl_2d": 113.56, "dachfl_3d": 120.022, "area_m2": 113.6, "expo_klasse": "sonnig", "schatten": 5.04, "solar_eignung": "Eignung 2 (geeignet, hohe Einstrahlung)", "ertkwha_k": 9277.01, "pvarea_solar": 70.07, "schatten_klasse": "sonnig", "gruendach_eignung": "sehr gut geeignet" }, "geometry": { "type": "Polygon", "coordinates": [ [ [ 9.995466535528562, 53.502178676024606 ], [ 9.995470755931322, 53.502324065955726 ], [ 9.995567459138025, 53.50226804075394 ], [ 9.99556697757815, 53.502253922945009 ], [ 9.995561628027389, 53.502099607288848 ], [ 9.995466535528562, 53.502178676024606 ] ] ] } },
{ "type": "Feature", "properties": { "gebaeude_id": "DEHHALKAJ0000wER", "dachneig": 14.628, "dachfl_2d": 137.343, "dachfl_3d": 141.94, "area_m2": 137.3, "expo_klasse": "sonnig", "schatten": 5.06, "solar_eignung": "Eignung 2 (geeignet, hohe Einstrahlung)", "ertkwha_k": 10621.94, "pvarea_solar": 81.04, "schatten_klasse": "sonnig", "gruendach_eignung": "sehr gut geeignet" }, "geometry": { "type": "Polygon", "coordinates": [ [ [ 9.99564629709502, 53.502380646310804 ], [ 9.995818932684397, 53.50234925666647 ], [ 9.995567459138025, 53.50226804075394 ], [ 9.995470755931322, 53.502324065955726 ], [ 9.99564629709502, 53.502380646310804 ] ] ] } },
{ "type": "Feature", "properties": { "gebaeude_id": "DEHHALKAJ0000wER", "dachneig": 14.861, "dachfl_2d": 63.291, "dachfl_3d": 65.481, "area_m2": 63.3, "expo_klasse": "sonnig", "schatten": 5.09, "solar_eignung": "Eignung 2 (geeignet, hohe Einstrahlung)", "ertkwha_k": 2519.89, "pvarea_solar": 19.38, "schatten_klasse": "sonnig", "gruendach_eignung": "sehr gut geeignet" }, "geometry": { "type": "Polygon", "coordinates": [ [ [ 9.99564629709502, 53.502380646310804 ], [ 9.995710064119558, 53.502468405736835 ], [ 9.995818932684397, 53.50234925666647 ], [ 9.99564629709502, 53.502380646310804 ] ] ] } },
{ "type": "Feature", "properties": { "gebaeude_id": "DEHHALKAJ0000wER", "dachneig": 18.921, "dachfl_2d": 93.218, "dachfl_3d": 98.499, "area_m2": 93.2, "expo_klasse": "sonnig", "schatten": 5.14, "solar_eignung": "Eignung 2 (geeignet, hohe Einstrahlung)", "ertkwha_k": 3431.53, "pvarea_solar": 26.29, "schatten_klasse": "sonnig", "gruendach_eignung": "sehr gut geeignet" }, "geometry": { "type": "Polygon", "coordinates": [ [ [ 9.995473248119502, 53.50239118451919 ], [ 9.995710064119558, 53.502468405736835 ], [ 9.99564629709502, 53.502380646310804 ], [ 9.995470755931322, 53.502324065955726 ], [ 9.995473248119502, 53.50239118451919 ] ], [ [ 9.995563534150412, 53.502383654829593 ], [ 9.99556880593722, 53.502385363789585 ], [ 9.995573394123946, 53.502386853716317 ], [ 9.995563090169586, 53.502398166876617 ], [ 9.995553215330618, 53.502394977101901 ], [ 9.995561579197945, 53.502385801520077 ], [ 9.995563534150412, 53.502383654829593 ] ], [ [ 9.995490025603496, 53.502370450849888 ], [ 9.995504047392551, 53.502355654932352 ], [ 9.995537043810589, 53.502366283859885 ], [ 9.995537849267029, 53.5023665558126 ], [ 9.995553501962519, 53.502371818885976 ], [ 9.99553915697752, 53.502386977063622 ], [ 9.995490025603496, 53.502370450849888 ] ] ] } },
{ "type": "Feature", "properties": { "gebaeude_id": "DEHHALKAJ0000wER", "dachneig": 0.0, "dachfl_2d": 15.734, "dachfl_3d": 15.734, "area_m2": 15.7, "expo_klasse": "sonnig", "schatten": 5.27, "solar_eignung": "Eignung 2 (geeignet, hohe Einstrahlung)", "ertkwha_k": 2379.48, "pvarea_solar": 17.57, "schatten_klasse": "sonnig", "gruendach_eignung": "sehr gut geeignet" }, "geometry": { "type": "Polygon", "coordinates": [ [ [ 9.995561980972726, 53.502110166499875 ], [ 9.99556697757815, 53.502253922945009 ], [ 9.995581794140918, 53.502253745605678 ], [ 9.995576812559412, 53.50210998903583 ], [ 9.995561980972726, 53.502110166499875 ] ] ] } },
{ "type": "Feature", "properties": { "gebaeude_id": "DEHHALKAJ0000wER", "dachneig": 0.0, "dachfl_2d": 25.369, "dachfl_3d": 25.369, "area_m2": 25.4, "expo_klasse": "sonnig", "schatten": 5.3, "solar_eignung": "Eignung 2 (geeignet, hohe Einstrahlung)", "ertkwha_k": 3328.21, "pvarea_solar": 25.58, "schatten_klasse": "sonnig", "gruendach_eignung": "sehr gut geeignet" }, "geometry": { "type": "Polygon", "coordinates": [ [ [ 9.995336045810168, 53.502113099766269 ], [ 9.995324412232598, 53.502113349451065 ], [ 9.995331072029714, 53.502277937693215 ], [ 9.995100703574579, 53.502361997769711 ], [ 9.995105887613656, 53.502367042423089 ], [ 9.995341443638514, 53.502281096382397 ], [ 9.995336045810168, 53.502113099766269 ] ] ] } },
{ "type": "Feature", "properties": { "gebaeude_id": "DEHHALKAJ0000wER", "dachneig": 0.0, "dachfl_2d": 10.306, "dachfl_3d": 10.306, "area_m2": 10.3, "expo_klasse": "sonnig", "schatten": 5.33, "solar_eignung": "Eignung 2 (geeignet, hohe Einstrahlung)", "ertkwha_k": 5366.53, "pvarea_solar": 41.03, "schatten_klasse": "sonnig", "gruendach_eignung": "sehr gut geeignet" }, "geometry": { "type": "Polygon", "coordinates": [ [ [ 9.995612199594753, 53.502282491078446 ], [ 9.995803269735161, 53.50234420046165 ], [ 9.995808399168626, 53.502338548553432 ], [ 9.995617329046421, 53.502276839178272 ], [ 9.995612199594753, 53.502282491078446 ] ] ] } },
{ "type": "Feature", "properties": { "gebaeude_id": "20211011093632_160", "dachneig": 0.0, "dachfl_2d": 23.253, "dachfl_3d": 23.253, "area_m2": 23.3, "expo_klasse": "sonnig", "schatten": 5.37, "solar_eignung": "Eignung 2 (geeignet, hohe Einstrahlung)", "ertkwha_k": 14950.47, "pvarea_solar": 120.23, "schatten_klasse": "sonnig", "gruendach_eignung": "sehr gut geeignet" }, "geometry": { "type": "Polygon", "coordinates": [ [ [ 9.996090592216754, 53.504266463774101 ], [ 9.996090187182583, 53.504238897697228 ], [ 9.99594318175806, 53.504239646180885 ], [ 9.995943212937711, 53.504240976302221 ], [ 9.995978777103405, 53.504240796842737 ], [ 9.995979144680527, 53.504266124955443 ], [ 9.995943565418823, 53.504266304540742 ], [ 9.995943586486183, 53.504267203271354 ], [ 9.996090592216754, 53.504266463774101 ] ] ] } },
{ "type": "Feature", "properties": { "gebaeude_id": "DEHHALKAJ0000wbv", "dachneig": 0.543, "dachfl_2d": 95.526, "dachfl_3d": 95.53, "area_m2": 95.5, "expo_klasse": "sonnig", "schatten": 5.37, "solar_eignung": "Eignung 2 (geeignet, hohe Einstrahlung)", "ertkwha_k": 14950.47, "pvarea_solar": 120.23, "schatten_klasse": "sonnig", "gruendach_eignung": "sehr gut geeignet" }, "geometry": { "type": "Polygon", "coordinates": [ [ [ 9.995408147623269, 53.504322631194825 ], [ 9.995589821782247, 53.504316291080613 ], [ 9.995582850462039, 53.504245281625401 ], [ 9.995527876870206, 53.504247204690557 ], [ 9.995451555345143, 53.504249862832069 ], [ 9.995401176605375, 53.50425162172769 ], [ 9.995408147623269, 53.504322631194825 ] ] ] } },
{ "type": "Feature", "properties": { "gebaeude_id": "20211011093632_203", "dachneig": 1.422, "dachfl_2d": 20.493, "dachfl_3d": 20.499, "area_m2": 20.5, "expo_klasse": "sonnig", "schatten": 5.37, "solar_eignung": "Eignung 2 (geeignet, hohe Einstrahlung)", "ertkwha_k": 14950.47, "pvarea_solar": 120.23, "schatten_klasse": "sonnig", "gruendach_eignung": "sehr gut geeignet" }, "geometry": { "type": "Polygon", "coordinates": [ [ [ 9.997334308577251, 53.505375033861853 ], [ 9.997325756224603, 53.505405092723613 ], [ 9.997415548576061, 53.505414168576117 ], [ 9.997424100655817, 53.505384100720939 ], [ 9.997334308577251, 53.505375033861853 ] ] ] } },
{ "type": "Feature", "properties": { "gebaeude_id": "DEHHALKAJ0000xNE", "dachneig": 12.578, "dachfl_2d": 16.876, "dachfl_3d": 17.298, "area_m2": 16.9, "expo_klasse": "sonnig", "schatten": 5.5, "solar_eignung": "Eignung 3 (geeignet, mittlere Einstrahlung)", "ertkwha_k": 82595.51, "pvarea_solar": 642.11, "schatten_klasse": "sonnig", "gruendach_eignung": "sehr gut geeignet" }, "geometry": { "type": "Polygon", "coordinates": [ [ [ 9.996409244374032, 53.505466094930654 ], [ 9.996289388600161, 53.505495697122782 ], [ 9.996419482296391, 53.505489875546075 ], [ 9.996472875251033, 53.505475137864622 ], [ 9.996409244374032, 53.505466094930654 ] ] ] } },
{ "type": "Feature", "properties": { "gebaeude_id": "DEHHALKAJ0000xNE", "dachneig": 3.387, "dachfl_2d": 170.067, "dachfl_3d": 170.347, "area_m2": 170.1, "expo_klasse": "sonnig", "schatten": 5.5, "solar_eignung": "Eignung 3 (geeignet, mittlere Einstrahlung)", "ertkwha_k": 82595.51, "pvarea_solar": 642.11, "schatten_klasse": "sonnig", "gruendach_eignung": "sehr gut geeignet" }, "geometry": { "type": "Polygon", "coordinates": [ [ [ 9.996387914210297, 53.505306240488629 ], [ 9.996262305147956, 53.50528080565072 ], [ 9.996278771513543, 53.505411378337342 ], [ 9.996289388600161, 53.505495697122782 ], [ 9.996409244374032, 53.505466094930654 ], [ 9.996387914210297, 53.505306240488629 ] ] ] } },
{ "type": "Feature", "properties": { "gebaeude_id": "DEHHALKAJ0000xNE", "dachneig": 8.915, "dachfl_2d": 16.035, "dachfl_3d": 16.234, "area_m2": 16.0, "expo_klasse": "sonnig", "schatten": 5.5, "solar_eignung": "Eignung 3 (geeignet, mittlere Einstrahlung)", "ertkwha_k": 82595.51, "pvarea_solar": 642.11, "schatten_klasse": "sonnig", "gruendach_eignung": "sehr gut geeignet" }, "geometry": { "type": "Polygon", "coordinates": [ [ [ 9.996387914210297, 53.505306240488629 ], [ 9.996397130753609, 53.505301902850256 ], [ 9.996393738614627, 53.5052749189989 ], [ 9.996262305147956, 53.50528080565072 ], [ 9.996387914210297, 53.505306240488629 ] ] ] } },
{ "type": "Feature", "properties": { "gebaeude_id": "DEHHALKAJ0000xNE", "dachneig": 3.982, "dachfl_2d": 162.606, "dachfl_3d": 163.03, "area_m2": 162.6, "expo_klasse": "sonnig", "schatten": 5.51, "solar_eignung": "Eignung 2 (geeignet, hohe Einstrahlung)", "ertkwha_k": 84767.64, "pvarea_solar": 648.29, "schatten_klasse": "sonnig", "gruendach_eignung": "sehr gut geeignet" }, "geometry": { "type": "Polygon", "coordinates": [ [ [ 9.996409244374032, 53.505466094930654 ], [ 9.996472875251033, 53.505475137864622 ], [ 9.996475885034393, 53.505493531359036 ], [ 9.996533174563043, 53.505502851849528 ], [ 9.996530453198771, 53.505481327759156 ], [ 9.996525209824391, 53.50543970717672 ], [ 9.996507220680321, 53.505296958050309 ], [ 9.996397130753609, 53.505301902850256 ], [ 9.996387914210297, 53.505306240488629 ], [ 9.996409244374032, 53.505466094930654 ] ] ] } },
{ "type": "Feature", "properties": { "gebaeude_id": "DEHHALKAJ0000wGO", "dachneig": 6.078, "dachfl_2d": 225.606, "dachfl_3d": 227.168, "area_m2": 225.6, "expo_klasse": "sonnig", "schatten": 5.51, "solar_eignung": "Eignung 2 (geeignet, hohe Einstrahlung)", "ertkwha_k": 84767.64, "pvarea_solar": 648.29, "schatten_klasse": "sonnig", "gruendach_eignung": "sehr gut geeignet" }, "geometry": { "type": "Polygon", "coordinates": [ [ [ 9.995884503067893, 53.504827740994692 ], [ 9.995847297010714, 53.504609940390559 ], [ 9.995750192490226, 53.504568635571104 ], [ 9.995747136618705, 53.50472196046929 ], [ 9.99574681844323, 53.504750844971561 ], [ 9.995763047691172, 53.504877167883386 ], [ 9.995884503067893, 53.504827740994692 ] ] ] } },
{ "type": "Feature", "properties": { "gebaeude_id": "DEHHALKAJ0000wGO", "dachneig": 10.474, "dachfl_2d": 41.004, "dachfl_3d": 41.699, "area_m2": 41.0, "expo_klasse": "sonnig", "schatten": 5.51, "solar_eignung": "Eignung 2 (geeignet, hohe Einstrahlung)", "ertkwha_k": 84767.64, "pvarea_solar": 648.29, "schatten_klasse": "sonnig", "gruendach_eignung": "sehr gut geeignet" }, "geometry": { "type": "Polygon", "coordinates": [ [ [ 9.995884503067893, 53.504827740994692 ], [ 9.995763047691172, 53.504877167883386 ], [ 9.996016282471688, 53.504865610617848 ], [ 9.995884503067893, 53.504827740994692 ] ] ] } },
{ "type": "Feature", "properties": { "gebaeude_id": "DEHHALKAJ0000wGO", "dachneig": 10.059, "dachfl_2d": 32.738, "dachfl_3d": 33.249, "area_m2": 32.7, "expo_klasse": "sonnig", "schatten": 5.51, "solar_eignung": "Eignung 2 (geeignet, hohe Einstrahlung)", "ertkwha_k": 84767.64, "pvarea_solar": 648.29, "schatten_klasse": "sonnig", "gruendach_eignung": "sehr gut geeignet" }, "geometry": { "type": "Polygon", "coordinates": [ [ [ 9.995847297010714, 53.504609940390559 ], [ 9.995944187677141, 53.504559783217715 ], [ 9.995750192490226, 53.504568635571104 ], [ 9.995847297010714, 53.504609940390559 ] ] ] } },
{ "type": "Feature", "properties": { "gebaeude_id": "DEHHALKAJ0000wGO", "dachneig": 5.974, "dachfl_2d": 237.734, "dachfl_3d": 239.208, "area_m2": 237.7, "expo_klasse": "sonnig", "schatten": 5.51, "solar_eignung": "Eignung 2 (geeignet, hohe Einstrahlung)", "ertkwha_k": 84767.64, "pvarea_solar": 648.29, "schatten_klasse": "sonnig", "gruendach_eignung": "sehr gut geeignet" }, "geometry": { "type": "Polygon", "coordinates": [ [ [ 9.995884503067893, 53.504827740994692 ], [ 9.996016282471688, 53.504865610617848 ], [ 9.996001064899017, 53.504747099790805 ], [ 9.995944187677141, 53.504559783217715 ], [ 9.995847297010714, 53.504609940390559 ], [ 9.995884503067893, 53.504827740994692 ] ] ] } },
{ "type": "Feature", "properties": { "gebaeude_id": "DEHHALKAJ0000wGO", "dachneig": 0.0, "dachfl_2d": 13.314, "dachfl_3d": 13.314, "area_m2": 13.3, "expo_klasse": "sonnig", "schatten": 5.51, "solar_eignung": "Eignung 2 (geeignet, hohe Einstrahlung)", "ertkwha_k": 84767.64, "pvarea_solar": 648.29, "schatten_klasse": "sonnig", "gruendach_eignung": "sehr gut geeignet" }, "geometry": { "type": "Polygon", "coordinates": [ [ [ 9.995827258085038, 53.504922558091117 ], [ 9.995864638921207, 53.504920736513625 ], [ 9.995858434340567, 53.504872813588207 ], [ 9.995821065882785, 53.504874518203025 ], [ 9.995827258085038, 53.504922558091117 ] ] ] } },
{ "type": "Feature", "properties": { "gebaeude_id": "DEHHALKAJ0000x3X", "dachneig": 11.845, "dachfl_2d": 12.575, "dachfl_3d": 12.849, "area_m2": 12.6, "expo_klasse": "sonnig", "schatten": 5.51, "solar_eignung": "Eignung 2 (geeignet, hohe Einstrahlung)", "ertkwha_k": 84767.64, "pvarea_solar": 648.29, "schatten_klasse": "sonnig", "gruendach_eignung": "sehr gut geeignet" }, "geometry": { "type": "Polygon", "coordinates": [ [ [ 9.99531321589436, 53.505242912650168 ], [ 9.995358161990639, 53.505285317337155 ], [ 9.995347417826752, 53.50519935453346 ], [ 9.99531321589436, 53.505242912650168 ] ] ] } },
{ "type": "Feature", "properties": { "gebaeude_id": "DEHHALKAJ0000x3X", "dachneig": 6.298, "dachfl_2d": 58.291, "dachfl_3d": 58.649, "area_m2": 58.3, "expo_klasse": "sonnig", "schatten": 5.6, "solar_eignung": "Eignung 2 (geeignet, hohe Einstrahlung)", "ertkwha_k": 23767.33, "pvarea_solar": 182.83, "schatten_klasse": "sonnig", "gruendach_eignung": "sehr gut geeignet" }, "geometry": { "type": "Polygon", "coordinates": [ [ [ 9.995177551635773, 53.505248419839397 ], [ 9.99514001260269, 53.505294999044338 ], [ 9.995358161990639, 53.505285317337155 ], [ 9.99531321589436, 53.505242912650168 ], [ 9.995177551635773, 53.505248419839397 ] ] ] } },
{ "type": "Feature", "properties": { "gebaeude_id": "DEHHALKAJ0000x3X", "dachneig": 10.856, "dachfl_2d": 13.753, "dachfl_3d": 14.004, "area_m2": 13.8, "expo_klasse": "sonnig", "schatten": 5.7, "solar_eignung": "Eignung 2 (geeignet, hohe Einstrahlung)", "ertkwha_k": 81388.93, "pvarea_solar": 626.69, "schatten_klasse": "sonnig", "gruendach_eignung": "sehr gut geeignet" }, "geometry": { "type": "Polygon", "coordinates": [ [ [ 9.995177551635773, 53.505248419839397 ], [ 9.995129268877246, 53.505209036219142 ], [ 9.99514001260269, 53.505294999044338 ], [ 9.995177551635773, 53.505248419839397 ] ] ] } },
{ "type": "Feature", "properties": { "gebaeude_id": "DEHHALKAJ0000x3X", "dachneig": 6.808, "dachfl_2d": 54.53, "dachfl_3d": 54.912, "area_m2": 54.5, "expo_klasse": "sonnig", "schatten": 5.7, "solar_eignung": "Eignung 2 (geeignet, hohe Einstrahlung)", "ertkwha_k": 81388.93, "pvarea_solar": 626.69, "schatten_klasse": "sonnig", "gruendach_eignung": "sehr gut geeignet" }, "geometry": { "type": "Polygon", "coordinates": [ [ [ 9.995177551635773, 53.505248419839397 ], [ 9.99531321589436, 53.505242912650168 ], [ 9.995347417826752, 53.50519935453346 ], [ 9.995132642971139, 53.505208891272474 ], [ 9.995129268877246, 53.505209036219142 ], [ 9.995177551635773, 53.505248419839397 ] ] ] } },
{ "type": "Feature", "properties": { "gebaeude_id": "DEHHALKAJ0000x3X", "dachneig": 10.36, "dachfl_2d": 15.0, "dachfl_3d": 15.249, "area_m2": 15.0, "expo_klasse": "sonnig", "schatten": 5.75, "solar_eignung": "Eignung 2 (geeignet, hohe Einstrahlung)", "ertkwha_k": 16323.93, "pvarea_solar": 126.04, "schatten_klasse": "sonnig", "gruendach_eignung": "sehr gut geeignet" }, "geometry": { "type": "Polygon", "coordinates": [ [ [ 9.995129282214265, 53.50518192510475 ], [ 9.995132642971139, 53.505208891272474 ], [ 9.995207608553899, 53.505205561461956 ], [ 9.995204247749804, 53.505178595296563 ], [ 9.995129282214265, 53.50518192510475 ] ] ] } },
{ "type": "Feature", "properties": { "gebaeude_id": "DEHHALKAJ0000wZh", "dachneig": 7.573, "dachfl_2d": 67.714, "dachfl_3d": 68.375, "area_m2": 67.7, "expo_klasse": "sonnig", "schatten": 5.75, "solar_eignung": "Eignung 2 (geeignet, hohe Einstrahlung)", "ertkwha_k": 16323.93, "pvarea_solar": 126.04, "schatten_klasse": "sonnig", "gruendach_eignung": "sehr gut geeignet" }, "geometry": { "type": "Polygon", "coordinates": [ [ [ 10.00761434799163, 53.500664025281694 ], [ 10.00762680075322, 53.500693889887216 ], [ 10.007659027502129, 53.500771166975575 ], [ 10.007661885074173, 53.500770873213654 ], [ 10.007706867832789, 53.500766188227338 ], [ 10.007726294483005, 53.500748729466984 ], [ 10.007689773426609, 53.500644224730685 ], [ 10.007685204309047, 53.500644820572667 ], [ 10.00761489248465, 53.500653925959263 ], [ 10.007610367306688, 53.500654467493518 ], [ 10.00761434799163, 53.500664025281694 ] ] ] } },
{ "type": "Feature", "properties": { "gebaeude_id": "DEHHALKAJ0000wZh", "dachneig": 17.008, "dachfl_2d": 48.436, "dachfl_3d": 50.716, "area_m2": 48.4, "expo_klasse": "sonnig", "schatten": 5.91, "solar_eignung": "Eignung 6 (geringe Einstrahlung / weniger geeignet / vor Ort zu prüfen)", "ertkwha_k": 854.98, "pvarea_solar": 6.54, "schatten_klasse": "sonnig", "gruendach_eignung": "sehr gut geeignet" }, "geometry": { "type": "Polygon", "coordinates": [ [ [ 10.007726294483005, 53.500748729466984 ], [ 10.007788324561643, 53.500693013568124 ], [ 10.007764654546943, 53.500634532442596 ], [ 10.007689773426609, 53.500644224730685 ], [ 10.007726294483005, 53.500748729466984 ] ] ] } },
{ "type": "Feature", "properties": { "gebaeude_id": "DEHHALKAJ0000wZh", "dachneig": 17.093, "dachfl_2d": 54.401, "dachfl_3d": 56.974, "area_m2": 54.4, "expo_klasse": "sonnig", "schatten": 5.95, "solar_eignung": "Eignung 6 (geringe Einstrahlung / weniger geeignet / vor Ort zu prüfen)", "ertkwha_k": 371.61, "pvarea_solar": 2.66, "schatten_klasse": "sonnig", "gruendach_eignung": "sehr gut geeignet" }, "geometry": { "type": "Polygon", "coordinates": [ [ [ 10.007788324561643, 53.500693013568124 ], [ 10.007726294483005, 53.500748729466984 ], [ 10.007914622696498, 53.500729343214822 ], [ 10.007901895998051, 53.50068348938175 ], [ 10.007901235715121, 53.500681076887808 ], [ 10.007788324561643, 53.500693013568124 ] ], [ [ 10.007805640703253, 53.500732140845031 ], [ 10.007818281118736, 53.500731135361185 ], [ 10.007819647231981, 53.500737245403769 ], [ 10.007807006814717, 53.500738250887757 ], [ 10.007805640703253, 53.500732140845031 ] ] ] } },
{ "type": "Feature", "properties": { "gebaeude_id": "DEHHALKAJ0000wZh", "dachneig": 7.942, "dachfl_2d": 68.743, "dachfl_3d": 69.294, "area_m2": 68.7, "expo_klasse": "sonnig", "schatten": 5.95, "solar_eignung": "Eignung 6 (geringe Einstrahlung / weniger geeignet / vor Ort zu prüfen)", "ertkwha_k": 371.61, "pvarea_solar": 2.66, "schatten_klasse": "sonnig", "gruendach_eignung": "sehr gut geeignet" }, "geometry": { "type": "Polygon", "coordinates": [ [ [ 10.007726294483005, 53.500748729466984 ], [ 10.007706867832789, 53.500766188227338 ], [ 10.007714848948631, 53.500793762351009 ], [ 10.007715326150089, 53.500795448274246 ], [ 10.007926855647613, 53.500773448339856 ], [ 10.007926245272298, 53.500771233184935 ], [ 10.007914622696498, 53.500729343214822 ], [ 10.007726294483005, 53.500748729466984 ] ], [ [ 10.007739785888102, 53.500768984971018 ], [ 10.007751499798779, 53.500767690665917 ], [ 10.007754991959134, 53.500778897568971 ], [ 10.007743278045481, 53.500780191874412 ], [ 10.007739785888102, 53.500768984971018 ] ] ] } },
{ "type": "Feature", "properties": { "gebaeude_id": "DEHHALKAJ0000wkm", "dachneig": 21.636, "dachfl_2d": 17.357, "dachfl_3d": 18.707, "area_m2": 17.4, "expo_klasse": "sonnig", "schatten": 6.11, "solar_eignung": "Eignung 2 (geeignet, hohe Einstrahlung)", "ertkwha_k": 166472.59, "pvarea_solar": 1286.55, "schatten_klasse": "sonnig", "gruendach_eignung": "sehr gut geeignet" }, "geometry": { "type": "Polygon", "coordinates": [ [ [ 10.008049276099886, 53.501906531681826 ], [ 10.008005530345182, 53.501789907786275 ], [ 10.007986596120228, 53.501792548440058 ], [ 10.007986627760372, 53.501792611096768 ], [ 10.008029781532779, 53.501909069198796 ], [ 10.008049276099886, 53.501906531681826 ] ] ] } },
{ "type": "Feature", "properties": { "gebaeude_id": "DEHHALKAJ0000wkm", "dachneig": 4.485, "dachfl_2d": 83.678, "dachfl_3d": 83.933, "area_m2": 83.7, "expo_klasse": "sonnig", "schatten": 6.13, "solar_eignung": "Eignung 2 (geeignet, hohe Einstrahlung)", "ertkwha_k": 2805.37, "pvarea_solar": 21.64, "schatten_klasse": "sonnig", "gruendach_eignung": "sehr gut geeignet" }, "geometry": { "type": "Polygon", "coordinates": [ [ [ 10.008058743040587, 53.502014509509614 ], [ 10.008214798856825, 53.501994567974059 ], [ 10.008271226462481, 53.501987350207976 ], [ 10.008270935084946, 53.501986507692749 ], [ 10.008256299437466, 53.501935213637751 ], [ 10.008040054885083, 53.501963339496186 ], [ 10.008058743040587, 53.502014509509614 ] ], [ [ 10.008201877440534, 53.50198374624609 ], [ 10.008210794104011, 53.501982736174085 ], [ 10.008212651785, 53.501988590370999 ], [ 10.008203734907134, 53.501989591455896 ], [ 10.008201877440534, 53.50198374624609 ] ], [ [ 10.008077888248057, 53.501983263830411 ], [ 10.008090228337725, 53.501981658584192 ], [ 10.008094307082159, 53.501992797605325 ], [ 10.008081966989378, 53.501994402851949 ], [ 10.008077888248057, 53.501983263830411 ] ] ] } },
{ "type": "Feature", "properties": { "gebaeude_id": "DEHHALKAJ0000wkm", "dachneig": 11.165, "dachfl_2d": 89.982, "dachfl_3d": 91.713, "area_m2": 90.0, "expo_klasse": "sonnig", "schatten": 6.23, "solar_eignung": "Eignung 2 (geeignet, hohe Einstrahlung)", "ertkwha_k": 68128.89, "pvarea_solar": 531.11, "schatten_klasse": "sonnig", "gruendach_eignung": "sehr gut geeignet" }, "geometry": { "type": "Polygon", "coordinates": [ [ [ 10.008256299437466, 53.501935213637751 ], [ 10.008242294314698, 53.501881262485206 ], [ 10.008227715073684, 53.501883174284416 ], [ 10.008029781532779, 53.501909069198796 ], [ 10.008020673396919, 53.501910269642629 ], [ 10.008040054885083, 53.501963339496186 ], [ 10.008256299437466, 53.501935213637751 ] ] ] } },
{ "type": "Feature", "properties": { "gebaeude_id": "DEHHALKAJ0000wkm", "dachneig": 11.245, "dachfl_2d": 83.714, "dachfl_3d": 85.239, "area_m2": 83.7, "expo_klasse": "sonnig", "schatten": 6.27, "solar_eignung": "Eignung 2 (geeignet, hohe Einstrahlung)", "ertkwha_k": 9827.96, "pvarea_solar": 79.17, "schatten_klasse": "sonnig", "gruendach_eignung": "sehr gut geeignet" }, "geometry": { "type": "Polygon", "coordinates": [ [ [ 10.007972208573165, 53.501738348786859 ], [ 10.007972224713019, 53.501738393596142 ], [ 10.007973206684722, 53.501741019114469 ], [ 10.007973222824576, 53.501741063923731 ], [ 10.007978311076076, 53.501754720366222 ], [ 10.007979825024071, 53.501758797628597 ], [ 10.00797442745543, 53.501758159974848 ], [ 10.007970205860687, 53.501757521393422 ], [ 10.007971429930365, 53.501760819050823 ], [ 10.007965039745487, 53.501761556106409 ], [ 10.007977444065602, 53.501793803185492 ], [ 10.007977459565884, 53.501793821032955 ], [ 10.007986596120228, 53.501792548440058 ], [ 10.008005530345182, 53.501789907786275 ], [ 10.008049276099886, 53.501906531681826 ], [ 10.008098620441627, 53.501900074879487 ], [ 10.008027776968413, 53.501710814081385 ], [ 10.007965106898403, 53.501719261943087 ], [ 10.007965107324797, 53.501719279917658 ], [ 10.007972208573165, 53.501738348786859 ] ] ] } },
{ "type": "Feature", "properties": { "gebaeude_id": "DEHHALKAJ0000wkm", "dachneig": 17.603, "dachfl_2d": 133.06, "dachfl_3d": 139.476, "area_m2": 133.1, "expo_klasse": "sonnig", "schatten": 6.33, "solar_eignung": "Eignung 2 (geeignet, hohe Einstrahlung)", "ertkwha_k": 16987.08, "pvarea_solar": 132.57, "schatten_klasse": "sonnig", "gruendach_eignung": "sehr gut geeignet" }, "geometry": { "type": "Polygon", "coordinates": [ [ [ 10.008189072253757, 53.501888228474449 ], [ 10.00811867123163, 53.501698568477273 ], [ 10.008095541903376, 53.501701684994039 ], [ 10.008027776968413, 53.501710814081385 ], [ 10.008098620441627, 53.501900074879487 ], [ 10.008189072253757, 53.501888228474449 ] ] ] } },
{ "type": "Feature", "properties": { "gebaeude_id": "DEHHALKAJ0000wkm", "dachneig": 0.0, "dachfl_2d": 12.922, "dachfl_3d": 12.922, "area_m2": 12.9, "expo_klasse": "sonnig", "schatten": 6.38, "solar_eignung": "Eignung 3 (geeignet, mittlere Einstrahlung)", "ertkwha_k": 19619.91, "pvarea_solar": 153.93, "schatten_klasse": "sonnig", "gruendach_eignung": "sehr gut geeignet" }, "geometry": { "type": "Polygon", "coordinates": [ [ [ 10.008039425851681, 53.501961609909515 ], [ 10.008011214986327, 53.501988221758118 ], [ 10.008006683102506, 53.50199738388573 ], [ 10.00801130129042, 53.502008383524348 ], [ 10.008022094083842, 53.502015277019744 ], [ 10.008039051590091, 53.502018918415779 ], [ 10.008059120935787, 53.502016456951857 ], [ 10.008058743040587, 53.502014509509614 ], [ 10.008039425851681, 53.501961609909515 ] ] ] } },
{ "type": "Feature", "properties": { "gebaeude_id": "DEHHALKAJ0000wUo", "dachneig": 0.0, "dachfl_2d": 19.682, "dachfl_3d": 19.682, "area_m2": 19.7, "expo_klasse": "sonnig", "schatten": 6.43, "solar_eignung": "Eignung 2 (geeignet, hohe Einstrahlung)", "ertkwha_k": 9152.19, "pvarea_solar": 70.77, "schatten_klasse": "sonnig", "gruendach_eignung": "sehr gut geeignet" }, "geometry": { "type": "Polygon", "coordinates": [ [ [ 10.007895605942876, 53.501521728783558 ], [ 10.007904089579306, 53.501520263942467 ], [ 10.007900681185413, 53.501511321585355 ], [ 10.007900568420876, 53.501511016907656 ], [ 10.007910960729419, 53.501509931491306 ], [ 10.007910911457632, 53.501509761114349 ], [ 10.007905580399129, 53.501494129119479 ], [ 10.007924785886674, 53.501492124414888 ], [ 10.007886887940217, 53.501479625553173 ], [ 10.007873001354849, 53.50147704592078 ], [ 10.007854582904324, 53.501479178817114 ], [ 10.007841452053867, 53.501486849343642 ], [ 10.007836617918699, 53.50149661628209 ], [ 10.007839367163713, 53.501506373215427 ], [ 10.00785180366503, 53.50151519450737 ], [ 10.007877423022283, 53.501524893441029 ], [ 10.007895605942876, 53.501521728783558 ] ] ] } },
{ "type": "Feature", "properties": { "gebaeude_id": "DEHHALKAJ0000wUo", "dachneig": 16.684, "dachfl_2d": 37.214, "dachfl_3d": 38.728, "area_m2": 37.2, "expo_klasse": "sonnig", "schatten": 6.47, "solar_eignung": "Eignung 6 (geringe Einstrahlung / weniger geeignet / vor Ort zu prüfen)", "ertkwha_k": 265.24, "pvarea_solar": 2.21, "schatten_klasse": "sonnig", "gruendach_eignung": "sehr gut geeignet" }, "geometry": { "type": "Polygon", "coordinates": [ [ [ 10.008100867071345, 53.501521337214555 ], [ 10.008099071937357, 53.501514304919212 ], [ 10.007977161911551, 53.501528322225454 ], [ 10.007977407632294, 53.501529147148261 ], [ 10.007979006171553, 53.501534248451989 ], [ 10.007972870995763, 53.501534929423258 ], [ 10.008072442098946, 53.501575133849734 ], [ 10.008112685833899, 53.501567666111178 ], [ 10.008112285895535, 53.501566060439735 ], [ 10.008100867071345, 53.501521337214555 ] ] ] } },
{ "type": "Feature", "properties": { "gebaeude_id": "DEHHALKAJ0000wUo", "dachneig": 16.726, "dachfl_2d": 166.784, "dachfl_3d": 173.218, "area_m2": 166.8, "expo_klasse": "sonnig", "schatten": 6.49, "solar_eignung": "Eignung 2 (geeignet, hohe Einstrahlung)", "ertkwha_k": 76073.95, "pvarea_solar": 591.96, "schatten_klasse": "sonnig", "gruendach_eignung": "sehr gut geeignet" }, "geometry": { "type": "Polygon", "coordinates": [ [ [ 10.008078945128345, 53.501592499833961 ], [ 10.008072442098946, 53.501575133849734 ], [ 10.007972870995763, 53.501534929423258 ], [ 10.007970555177742, 53.50153518266773 ], [ 10.0079632321583, 53.501535999502202 ], [ 10.007960555422324, 53.501536291746206 ], [ 10.007951999337644, 53.501537244824924 ], [ 10.007948964729055, 53.501527535245827 ], [ 10.007951761628311, 53.501527224010665 ], [ 10.007953355610562, 53.501527048766071 ], [ 10.007910960729419, 53.501509931491306 ], [ 10.007900568420876, 53.501511016907656 ], [ 10.007900681185413, 53.501511321585355 ], [ 10.007904089579306, 53.501520263942467 ], [ 10.007951164001017, 53.501643763418869 ], [ 10.008027776968413, 53.501710814081385 ], [ 10.00811867123163, 53.501698568477273 ], [ 10.008078945128345, 53.501592499833961 ] ], [ [ 10.007986980486965, 53.501569148708811 ], [ 10.007988916258897, 53.501575119108871 ], [ 10.007978135855588, 53.501576369607953 ], [ 10.007976963084863, 53.501576505344637 ], [ 10.007975012240756, 53.501570535071494 ], [ 10.007975944470326, 53.501570428330467 ], [ 10.007986980486965, 53.501569148708811 ] ] ] } },
{ "type": "Feature", "properties": { "gebaeude_id": "DEHHALKAJ0000wUo", "dachneig": 11.174, "dachfl_2d": 25.796, "dachfl_3d": 26.309, "area_m2": 25.8, "expo_klasse": "sonnig", "schatten": 6.56, "solar_eignung": "Eignung 2 (geeignet, hohe Einstrahlung)", "ertkwha_k": 15614.3, "pvarea_solar": 121.7, "schatten_klasse": "sonnig", "gruendach_eignung": "sehr gut geeignet" }, "geometry": { "type": "Polygon", "coordinates": [ [ [ 10.007943477088833, 53.501685807218109 ], [ 10.007950280826742, 53.501682801429496 ], [ 10.007951414711876, 53.501682297468939 ], [ 10.00795180164055, 53.501683354917013 ], [ 10.007958115863651, 53.501700389903696 ], [ 10.007958147930074, 53.501700470534992 ], [ 10.0079589693547, 53.501702683909791 ], [ 10.007959001421113, 53.501702764541065 ], [ 10.007965106472012, 53.501719243968573 ], [ 10.007957607438181, 53.501720269035538 ], [ 10.007965106898403, 53.501719261943087 ], [ 10.008027776968413, 53.501710814081385 ], [ 10.007951164001017, 53.501643763418869 ], [ 10.007923037920971, 53.501647883868223 ], [ 10.007935131380775, 53.501680376278358 ], [ 10.007941126010303, 53.501679489745491 ], [ 10.007943477088833, 53.501685807218109 ] ] ] } },
{ "type": "Feature", "properties": { "gebaeude_id": "DEHHALKAJ0000wUo", "dachneig": 8.844, "dachfl_2d": 50.871, "dachfl_3d": 51.765, "area_m2": 50.9, "expo_klasse": "sonnig", "schatten": 6.68, "solar_eignung": "Eignung 2 (geeignet, hohe Einstrahlung)", "ertkwha_k": 16785.6, "pvarea_solar": 115.71, "schatten_klasse": "sonnig", "gruendach_eignung": "sehr gut geeignet" }, "geometry": { "type": "Polygon", "coordinates": [ [ [ 10.007954654575943, 53.501489014024642 ], [ 10.007905580399129, 53.501494129119479 ], [ 10.007910911457632, 53.501509761114349 ], [ 10.007910960729419, 53.501509931491306 ], [ 10.007953355610562, 53.501527048766071 ], [ 10.007955851673936, 53.501526767034797 ], [ 10.00796048309607, 53.501526251559184 ], [ 10.007968437933098, 53.501525375462535 ], [ 10.007973535575774, 53.501524811109569 ], [ 10.007975971556998, 53.501524538873618 ], [ 10.007977161911551, 53.501528322225454 ], [ 10.008099071937357, 53.501514304919212 ], [ 10.008089048335222, 53.501475008316206 ], [ 10.008037281959426, 53.501480397864377 ], [ 10.007954654575943, 53.501489014024642 ] ] ] } },
{ "type": "Feature", "properties": { "gebaeude_id": "DEHHALKAJ0000wUo", "dachneig": 12.03, "dachfl_2d": 18.376, "dachfl_3d": 18.779, "area_m2": 18.4, "expo_klasse": "sonnig", "schatten": 6.7, "solar_eignung": "Eignung 2 (geeignet, hohe Einstrahlung)", "ertkwha_k": 22573.87, "pvarea_solar": 175.24, "schatten_klasse": "sonnig", "gruendach_eignung": "sehr gut geeignet" }, "geometry": { "type": "Polygon", "coordinates": [ [ [ 10.007951164001017, 53.501643763418869 ], [ 10.007904089579306, 53.501520263942467 ], [ 10.007895605942876, 53.501521728783558 ], [ 10.007885440865358, 53.501523495452254 ], [ 10.007885553629823, 53.501523800129988 ], [ 10.007890702760932, 53.501537483030411 ], [ 10.007931722018078, 53.501646606105517 ], [ 10.007951164001017, 53.501643763418869 ] ] ] } },
{ "type": "Feature", "properties": { "gebaeude_id": "DEHHALKAJ0000wUo", "dachneig": 9.79, "dachfl_2d": 78.904, "dachfl_3d": 80.089, "area_m2": 78.9, "expo_klasse": "sonnig", "schatten": 6.71, "solar_eignung": "Eignung 3 (geeignet, mittlere Einstrahlung)", "ertkwha_k": 19364.0, "pvarea_solar": 151.92, "schatten_klasse": "sonnig", "gruendach_eignung": "sehr gut geeignet" }, "geometry": { "type": "Polygon", "coordinates": [ [ [ 10.008037281959426, 53.501480397864377 ], [ 10.008009714157422, 53.501354882171348 ], [ 10.007925750994186, 53.501363743293297 ], [ 10.007954654575943, 53.501489014024642 ], [ 10.008037281959426, 53.501480397864377 ] ] ] } },
{ "type": "Feature", "properties": { "gebaeude_id": "DEHHALKAJ0000vQo", "dachneig": 3.191, "dachfl_2d": 275.733, "dachfl_3d": 276.018, "area_m2": 178.0, "expo_klasse": "sonnig", "schatten": 6.88, "solar_eignung": "Eignung 2 (geeignet, hohe Einstrahlung)", "ertkwha_k": 12807.93, "pvarea_solar": 100.07, "schatten_klasse": "sonnig", "gruendach_eignung": "sehr gut geeignet" }, "geometry": { "type": "Polygon", "coordinates": [ [ [ 10.009902853452836, 53.497149047207444 ], [ 10.009897280579716, 53.497149256097181 ], [ 10.009896401361539, 53.497140804798626 ], [ 10.009858556636908, 53.497141825697085 ], [ 10.009861783906219, 53.497175498502813 ], [ 10.009877343043367, 53.497174926579696 ], [ 10.009885538546733, 53.497258437829387 ], [ 10.00998209456198, 53.497253316212536 ], [ 10.009984383193849, 53.497253197993949 ], [ 10.009987168569042, 53.497253048610695 ], [ 10.009987334150154, 53.49725303822246 ], [ 10.009993221204045, 53.497252727793835 ], [ 10.010014224722907, 53.497251613362494 ], [ 10.010009414361841, 53.497049210201645 ], [ 10.009934356093048, 53.497026421629961 ], [ 10.00992515090682, 53.497037448112188 ], [ 10.00995168345341, 53.497084398634009 ], [ 10.009965406652061, 53.497087770441638 ], [ 10.009966626431286, 53.497087715189409 ], [ 10.009980435452352, 53.497087086128104 ], [ 10.00998067603039, 53.49708896281367 ], [ 10.009981560967077, 53.497095751083009 ], [ 10.009981634498265, 53.497096307784851 ], [ 10.009973276908241, 53.497096693023039 ], [ 10.009969542422402, 53.497096868404007 ], [ 10.00996612402537, 53.497097023135773 ], [ 10.009965588469822, 53.497092883693725 ], [ 10.009965494313516, 53.49709209345 ], [ 10.009965310059041, 53.49709068372082 ], [ 10.009951738494681, 53.497084811666774 ], [ 10.009952648231515, 53.497091374999705 ], [ 10.009953158034557, 53.497095065205222 ], [ 10.009953959397894, 53.497100874370851 ], [ 10.009942093830363, 53.497101451051478 ], [ 10.009941492862451, 53.497097096423978 ], [ 10.00994060225737, 53.497090703721966 ], [ 10.009939818104062, 53.497084984301665 ], [ 10.009950870409709, 53.497084441460252 ], [ 10.009903149496054, 53.497063810219458 ], [ 10.009883376242303, 53.497087510706208 ], [ 10.00988084072552, 53.49709056144993 ], [ 10.009880737996538, 53.497090679175969 ], [ 10.00987938979693, 53.497092308601928 ], [ 10.009872647088912, 53.497100383833192 ], [ 10.009892580944314, 53.497105644817381 ], [ 10.00989492227918, 53.497126776347741 ], [ 10.009948527506937, 53.49712477729507 ], [ 10.009950885835693, 53.497147257043324 ], [ 10.009902853452836, 53.497149047207444 ] ], [ [ 10.009971732420246, 53.497132563526606 ], [ 10.009971282990662, 53.497125070428815 ], [ 10.009972759639096, 53.497125039973255 ], [ 10.009977626464675, 53.497124935925889 ], [ 10.009978090967611, 53.497132428896307 ], [ 10.009973600732653, 53.49713252077251 ], [ 10.009971732420246, 53.497132563526606 ] ], [ [ 10.009924389952436, 53.49708979797358 ], [ 10.009922565302636, 53.497092312355875 ], [ 10.009917074357803, 53.49709089353027 ], [ 10.009918125383592, 53.497089446396465 ], [ 10.009922752910756, 53.497083078982229 ], [ 10.009928243854761, 53.497084497807606 ], [ 10.009924389952436, 53.49708979797358 ] ], [ [ 10.009977528892538, 53.497189972767039 ], [ 10.009976667413886, 53.497180999952356 ], [ 10.009979122690632, 53.497180916282062 ], [ 10.009997635128705, 53.497180283431994 ], [ 10.00999849661177, 53.497189256246557 ], [ 10.009980134892031, 53.497189887823161 ], [ 10.009977528892538, 53.497189972767039 ] ], [ [ 10.009903465733968, 53.49716275937498 ], [ 10.009885056244643, 53.497163283471636 ], [ 10.009884905676497, 53.497161388047282 ], [ 10.009884173888068, 53.49715216244185 ], [ 10.00989015477918, 53.497151995050771 ], [ 10.009902568300388, 53.497151638472708 ], [ 10.009903465733968, 53.49716275937498 ] ], [ [ 10.00999152174143, 53.497153943141832 ], [ 10.009993336967073, 53.497171330668266 ], [ 10.009981498321093, 53.497171772288951 ], [ 10.009979668028071, 53.497154384889726 ], [ 10.00999152174143, 53.497153943141832 ] ], [ [ 10.009936969904475, 53.497188427769288 ], [ 10.009937508113369, 53.497193313282878 ], [ 10.00993888912002, 53.497205751494135 ], [ 10.00992348154913, 53.497206358100883 ], [ 10.009921562339832, 53.497189034375779 ], [ 10.00993377694256, 53.497188553628071 ], [ 10.009936969904475, 53.497188427769288 ] ] ] } },
{ "type": "Feature", "properties": { "gebaeude_id": "DEHHALKAJ0000vSm", "dachneig": 3.256, "dachfl_2d": 135.077, "dachfl_3d": 135.289, "area_m2": 135.1, "expo_klasse": "sonnig", "schatten": 6.89, "solar_eignung": "Eignung 2 (geeignet, hohe Einstrahlung)", "ertkwha_k": 17839.6, "pvarea_solar": 139.73, "schatten_klasse": "sonnig", "gruendach_eignung": "sehr gut geeignet" }, "geometry": { "type": "Polygon", "coordinates": [ [ [ 10.009925165764111, 53.497028557783231 ], [ 10.009925678339739, 53.497027924216432 ], [ 10.009960264495458, 53.496984942821868 ], [ 10.009961669987023, 53.496983187063684 ], [ 10.009922921349235, 53.496972808474112 ], [ 10.00992822027529, 53.496966147735918 ], [ 10.009879083420806, 53.496951901709657 ], [ 10.009887554337469, 53.496941061216461 ], [ 10.009821940830763, 53.49692175868838 ], [ 10.009812683126755, 53.49693374743768 ], [ 10.00977500536664, 53.496922119259587 ], [ 10.009765804859027, 53.496933343449967 ], [ 10.009709981394574, 53.496916205423972 ], [ 10.009707127313668, 53.496919807189279 ], [ 10.009670425401222, 53.496909276392039 ], [ 10.009669664070234, 53.496910226676945 ], [ 10.009643316132495, 53.496943367265224 ], [ 10.009659950494592, 53.496948080857621 ], [ 10.009664837459306, 53.496949459851493 ], [ 10.009658557912257, 53.496957360365812 ], [ 10.009637036582316, 53.496951267778428 ], [ 10.00992160830603, 53.497033010470631 ], [ 10.009925165764111, 53.497028557783231 ] ], [ [ 10.009917478623679, 53.497029242981526 ], [ 10.009916878177798, 53.49702998515972 ], [ 10.009916159717481, 53.497030836204061 ], [ 10.009900461904877, 53.497026204624916 ], [ 10.009903715449822, 53.497022284861949 ], [ 10.009905810571988, 53.497022905384689 ], [ 10.00991276381262, 53.497024959069435 ], [ 10.009918229089504, 53.497026566882838 ], [ 10.00991941326132, 53.497026916440667 ], [ 10.009918797743365, 53.497027658746276 ], [ 10.009917478623679, 53.497029242981526 ] ], [ [ 10.009820873744662, 53.496980897893913 ], [ 10.009795981591612, 53.496973791079839 ], [ 10.009801223238849, 53.496967256678403 ], [ 10.009826130461084, 53.496974363364075 ], [ 10.009820873744662, 53.496980897893913 ] ] ] } },
{ "type": "Feature", "properties": { "gebaeude_id": "DEHHALKAJ0000vSm", "dachneig": 2.966, "dachfl_2d": 127.124, "dachfl_3d": 127.287, "area_m2": 127.1, "expo_klasse": "sonnig", "schatten": 6.91, "solar_eignung": "Eignung 2 (geeignet, hohe Einstrahlung)", "ertkwha_k": 54853.12, "pvarea_solar": 385.12, "schatten_klasse": "sonnig", "gruendach_eignung": "sehr gut geeignet" }, "geometry": { "type": "Polygon", "coordinates": [ [ [ 10.009736016452765, 53.497042479866096 ], [ 10.00974414268579, 53.497031723196962 ], [ 10.009747434486432, 53.497032585307409 ], [ 10.009758207293677, 53.497019010674308 ], [ 10.009789984299015, 53.497027830180748 ], [ 10.009775124026035, 53.497046392333111 ], [ 10.009767115937381, 53.497056410901408 ], [ 10.009872308435627, 53.49708803569419 ], [ 10.009876362395188, 53.497089250924915 ], [ 10.009878002428122, 53.497087214524569 ], [ 10.00992160830603, 53.497033010470631 ], [ 10.009637036582316, 53.496951267778428 ], [ 10.009633713635655, 53.496955439814634 ], [ 10.009594762150485, 53.4970044177483 ], [ 10.009688806814024, 53.497030671500589 ], [ 10.009703512316438, 53.497034781134168 ], [ 10.009700988445488, 53.497037687950318 ], [ 10.009700768128182, 53.497037932516754 ], [ 10.009692961550614, 53.497046915633192 ], [ 10.009727495241039, 53.497056916406322 ], [ 10.009735691038367, 53.497047183905636 ], [ 10.009735852134519, 53.497046984784888 ], [ 10.009733312873944, 53.497046071371429 ], [ 10.009736016452765, 53.497042479866096 ] ], [ [ 10.009731330114137, 53.497033683186658 ], [ 10.00972427180254, 53.497031648357137 ], [ 10.009722162678067, 53.497031072894998 ], [ 10.009717989859329, 53.497029930575764 ], [ 10.009718678606349, 53.497029097761796 ], [ 10.009722792417589, 53.497030294513962 ], [ 10.009737031112879, 53.497034426065028 ], [ 10.00973644530888, 53.497035150140455 ], [ 10.009731330114137, 53.497033683186658 ] ], [ [ 10.00980843739849, 53.497001228399526 ], [ 10.00980559262668, 53.497004587383273 ], [ 10.009790758219523, 53.497000128277051 ], [ 10.009793602778654, 53.496996760306381 ], [ 10.00980843739849, 53.497001228399526 ] ], [ [ 10.00974576930868, 53.496989784371451 ], [ 10.009742608319831, 53.496993793239042 ], [ 10.009728069262218, 53.496989709171437 ], [ 10.009731230252157, 53.496985700304258 ], [ 10.00974576930868, 53.496989784371451 ] ], [ [ 10.009661039846069, 53.496976800765523 ], [ 10.00966265230301, 53.496974872470048 ], [ 10.009667856441217, 53.49696866199843 ], [ 10.009683099907878, 53.496973207555172 ], [ 10.009676283101395, 53.496981337335853 ], [ 10.009666520820018, 53.496978435425092 ], [ 10.009666490462207, 53.496978426692422 ], [ 10.009661039846069, 53.496976800765523 ] ], [ [ 10.009735064864257, 53.497027808732192 ], [ 10.009744839032162, 53.497015348193891 ], [ 10.009755886945532, 53.497018428008076 ], [ 10.009746097707996, 53.497030888674587 ], [ 10.009735064864257, 53.497027808732192 ] ], [ [ 10.009819963836716, 53.497018102407836 ], [ 10.009807017163714, 53.49701441839435 ], [ 10.009813151094958, 53.497006734840497 ], [ 10.009815918370023, 53.497003286620497 ], [ 10.009828865040353, 53.497006970633066 ], [ 10.009819963836716, 53.497018102407836 ] ], [ [ 10.009873097767251, 53.497036242916721 ], [ 10.009867886053508, 53.497042768079247 ], [ 10.009841856609876, 53.497035383232891 ], [ 10.009847053254557, 53.497028858198824 ], [ 10.009873097767251, 53.497036242916721 ] ], [ [ 10.009708463755432, 53.496988112932172 ], [ 10.009703012148803, 53.496994694048489 ], [ 10.009677446583247, 53.496987161422503 ], [ 10.009682898192912, 53.496980580307337 ], [ 10.009708463755432, 53.496988112932172 ] ] ] } },
{ "type": "Feature", "properties": { "gebaeude_id": "DEHHALKAJ0000vgl", "dachneig": 3.186, "dachfl_2d": 121.113, "dachfl_3d": 121.281, "area_m2": 121.1, "expo_klasse": "sonnig", "schatten": 6.91, "solar_eignung": "Eignung 2 (geeignet, hohe Einstrahlung)", "ertkwha_k": 54853.12, "pvarea_solar": 385.12, "schatten_klasse": "sonnig", "gruendach_eignung": "sehr gut geeignet" }, "geometry": { "type": "Polygon", "coordinates": [ [ [ 10.008353285376696, 53.497171927884644 ], [ 10.008350356819047, 53.497171125595102 ], [ 10.008347898467157, 53.497174256556598 ], [ 10.008352725766931, 53.497175663074586 ], [ 10.00834580999115, 53.497184081263619 ], [ 10.008341225552217, 53.49718274460912 ], [ 10.008320358403312, 53.497209303600464 ], [ 10.008323972250576, 53.49721039674936 ], [ 10.008317034780971, 53.497218536458099 ], [ 10.008313861226686, 53.497217574430962 ], [ 10.008290506178696, 53.497247291593922 ], [ 10.00829991929918, 53.497246915547549 ], [ 10.008312419885327, 53.497246414574988 ], [ 10.008394908332713, 53.497243093871035 ], [ 10.008393245827902, 53.497226397193849 ], [ 10.008392909203748, 53.497223011149998 ], [ 10.008414231535278, 53.497197212377614 ], [ 10.008427669546334, 53.49718094562359 ], [ 10.008432066936475, 53.497182023169536 ], [ 10.008423199099356, 53.497193307371298 ], [ 10.008396063415738, 53.497225699241909 ], [ 10.008398132493401, 53.497248729791593 ], [ 10.008407485963875, 53.497248381207207 ], [ 10.008405235594479, 53.497223428523689 ], [ 10.008434628841547, 53.497188338857683 ], [ 10.008449886689881, 53.497192857482794 ], [ 10.008459192933177, 53.497195601536937 ], [ 10.008484535591883, 53.497165157432548 ], [ 10.008459243355327, 53.497157703142172 ], [ 10.008513654273726, 53.497091821518879 ], [ 10.008503968472379, 53.497088963813468 ], [ 10.008447280926999, 53.497072245987752 ], [ 10.008441184064488, 53.497079596561669 ], [ 10.008436493062289, 53.497078215864533 ], [ 10.008427535852451, 53.497075567743842 ], [ 10.008433632716777, 53.497068217170593 ], [ 10.008431674329515, 53.497067640413924 ], [ 10.008415724191201, 53.497087946482729 ], [ 10.008424629788626, 53.497090325367331 ], [ 10.008418434094212, 53.497098593660205 ], [ 10.008409270561998, 53.497096145038675 ], [ 10.00837615548626, 53.497138295560148 ], [ 10.008378598745855, 53.497138976096096 ], [ 10.00837479363148, 53.497143799378392 ], [ 10.008372365443924, 53.497143118715208 ], [ 10.008362473250903, 53.497155705982188 ], [ 10.008365250019283, 53.497156464606569 ], [ 10.008353285376696, 53.497171927884644 ] ], [ [ 10.008458100800478, 53.49714957766291 ], [ 10.008457221632783, 53.497150645792203 ], [ 10.008448889941388, 53.497161017575237 ], [ 10.008444472149211, 53.497159715475021 ], [ 10.008455922802456, 53.497146099286049 ], [ 10.008457374218104, 53.497144370125632 ], [ 10.008503968472379, 53.497088963813468 ], [ 10.008458100800478, 53.49714957766291 ] ], [ [ 10.008366737528748, 53.497160703893137 ], [ 10.008372455904214, 53.497153284603662 ], [ 10.008384018556921, 53.497156459081673 ], [ 10.008392364149097, 53.497158743813266 ], [ 10.008386645776399, 53.497166163103699 ], [ 10.008378300183063, 53.497163878371744 ], [ 10.008366737528748, 53.497160703893137 ] ] ] } },
{ "type": "Feature", "properties": { "gebaeude_id": "DEHHALKAJ0000vgl", "dachneig": 3.257, "dachfl_2d": 175.838, "dachfl_3d": 176.011, "area_m2": 175.8, "expo_klasse": "sonnig", "schatten": 6.91, "solar_eignung": "Eignung 2 (geeignet, hohe Einstrahlung)", "ertkwha_k": 54853.12, "pvarea_solar": 385.12, "schatten_klasse": "sonnig", "gruendach_eignung": "sehr gut geeignet" }, "geometry": { "type": "Polygon", "coordinates": [ [ [ 10.008200821053309, 53.497201439729601 ], [ 10.008201592672416, 53.497199015158031 ], [ 10.008202457201703, 53.497197965132301 ], [ 10.008202618076556, 53.497199662711736 ], [ 10.008202901153391, 53.497202698633636 ], [ 10.00820734010234, 53.497250644908846 ], [ 10.008277583995413, 53.497247814098756 ], [ 10.008278005592004, 53.49724779256416 ], [ 10.008283066030438, 53.497247588072732 ], [ 10.008285355306825, 53.497247496848537 ], [ 10.008303596694143, 53.497214469897131 ], [ 10.008310533952471, 53.497206321201915 ], [ 10.008320358403312, 53.497209303600464 ], [ 10.008341225552217, 53.49718274460912 ], [ 10.008324648332151, 53.497177895515307 ], [ 10.008331564324388, 53.497169486314796 ], [ 10.008347898467157, 53.497174256556598 ], [ 10.008350356819047, 53.497171125595102 ], [ 10.00834289095989, 53.497169067155191 ], [ 10.008354855605466, 53.497153603878076 ], [ 10.008362473250903, 53.497155705982188 ], [ 10.008372365443924, 53.497143118715208 ], [ 10.008369224170943, 53.497142246308009 ], [ 10.008373014000341, 53.497137414165785 ], [ 10.00837615548626, 53.497138295560148 ], [ 10.008409270561998, 53.497096145038675 ], [ 10.008404795048072, 53.497094951292951 ], [ 10.008410990957886, 53.497086691988052 ], [ 10.008415724191201, 53.497087946482729 ], [ 10.008431674329515, 53.497067640413924 ], [ 10.008358135170566, 53.497045940943671 ], [ 10.008357755807149, 53.497045836275099 ], [ 10.008351591934639, 53.497044009557008 ], [ 10.00833071106649, 53.497070622601242 ], [ 10.008308623239513, 53.497064157012836 ], [ 10.00826774122819, 53.4971144362313 ], [ 10.008252200680117, 53.497110072782135 ], [ 10.008244977057688, 53.497108057238187 ], [ 10.008212632787236, 53.497147756181413 ], [ 10.008229460240555, 53.49715235148561 ], [ 10.00819455134701, 53.497194517086783 ], [ 10.008193554792035, 53.497195721040491 ], [ 10.008193709270234, 53.497197149001472 ], [ 10.008200234840245, 53.497256161214104 ], [ 10.008206846869486, 53.497255907681975 ], [ 10.008200821053309, 53.497201439729601 ] ], [ [ 10.008332675683938, 53.497075909585959 ], [ 10.008331173088436, 53.497075481796955 ], [ 10.008335785266329, 53.497072269742304 ], [ 10.008332675683938, 53.497075909585959 ] ], [ [ 10.008356649492024, 53.497106584835194 ], [ 10.008368582759665, 53.497091706111561 ], [ 10.008378645570854, 53.497094569636353 ], [ 10.008366712305957, 53.497109448360945 ], [ 10.008356649492024, 53.497106584835194 ] ], [ [ 10.008269903332499, 53.49720556728203 ], [ 10.008278432081532, 53.497195238794866 ], [ 10.008282638404463, 53.497190169426133 ], [ 10.008294009173023, 53.497193516324117 ], [ 10.008281289176461, 53.497208914054028 ], [ 10.008280196085915, 53.497208590678945 ], [ 10.008269903332499, 53.49720556728203 ] ] ] } },
{ "type": "Feature", "properties": { "gebaeude_id": "DEHHALKAJ0000vYP", "dachneig": 0.0, "dachfl_2d": 263.855, "dachfl_3d": 264.304, "area_m2": 263.9, "expo_klasse": "sonnig", "schatten": 6.99, "solar_eignung": "Eignung 2 (geeignet, hohe Einstrahlung)", "ertkwha_k": 3539.41, "pvarea_solar": 28.69, "schatten_klasse": "sonnig", "gruendach_eignung": "sehr gut geeignet" }, "geometry": { "type": "Polygon", "coordinates": [ [ [ 10.008362937791652, 53.497015175744828 ], [ 10.008374016177317, 53.497018273407463 ], [ 10.008376816145011, 53.497011750679363 ], [ 10.008384749215313, 53.497013805175484 ], [ 10.008384470307799, 53.497014122146361 ], [ 10.008378047825769, 53.497021727158511 ], [ 10.008361918168946, 53.497040821208692 ], [ 10.008362358460769, 53.497040952330501 ], [ 10.008421102854854, 53.497058587707542 ], [ 10.008427935453255, 53.497060642496244 ], [ 10.008435329775125, 53.497062863337923 ], [ 10.008435633351437, 53.497062950667463 ], [ 10.008438791611383, 53.497063903831332 ], [ 10.008440416064582, 53.497064384525359 ], [ 10.008443589610218, 53.497065346549192 ], [ 10.008443665397671, 53.497065363887955 ], [ 10.008507678299043, 53.497084572806912 ], [ 10.008517319949457, 53.497087475829929 ], [ 10.008523484261865, 53.497089320513993 ], [ 10.008591053342412, 53.497007462098786 ], [ 10.008600109654212, 53.497009839698464 ], [ 10.008596022897718, 53.497014863124427 ], [ 10.00861824447181, 53.497021246629522 ], [ 10.008621555011031, 53.49701718259562 ], [ 10.00862258020099, 53.497015915473042 ], [ 10.008642868142898, 53.496991006316819 ], [ 10.008620440903279, 53.496984849278903 ], [ 10.008674821063069, 53.496917691388454 ], [ 10.008661353320418, 53.49691364309615 ], [ 10.008660691285765, 53.496914331853226 ], [ 10.008656601985832, 53.496919247433866 ], [ 10.008582098995419, 53.496897583202241 ], [ 10.008579867396197, 53.496896927851708 ], [ 10.008578622098023, 53.496898448525592 ], [ 10.008571560595858, 53.496907074706911 ], [ 10.00855880936107, 53.496903361942294 ], [ 10.008556608332739, 53.496902724311532 ], [ 10.008564915135839, 53.496892577457309 ], [ 10.008561439091579, 53.496891573043762 ], [ 10.008514426734076, 53.496877892822141 ], [ 10.008499142867567, 53.496896413443089 ], [ 10.008493750519968, 53.496902958047379 ], [ 10.008487461820115, 53.496900952607895 ], [ 10.008487218959907, 53.496900882744342 ], [ 10.008466096669592, 53.49692557418679 ], [ 10.008465216440364, 53.496926597379804 ], [ 10.008458483655536, 53.496934465697912 ], [ 10.00845614633803, 53.496933802247916 ], [ 10.008450166328993, 53.496932099830836 ], [ 10.008456763739348, 53.496928691240122 ], [ 10.008440748540036, 53.496924017202325 ], [ 10.008420843504892, 53.496947278091618 ], [ 10.008400989817886, 53.496940937496561 ], [ 10.008369280700393, 53.496980073802654 ], [ 10.008387944271812, 53.496985813185844 ], [ 10.008362937791652, 53.497015175744828 ] ], [ [ 10.008387944271812, 53.496985813185844 ], [ 10.008392593982656, 53.496980371519882 ], [ 10.008392943414517, 53.49698048542998 ], [ 10.008399203896749, 53.496982572014225 ], [ 10.008391550760139, 53.496991679597372 ], [ 10.008391272705818, 53.496992032517397 ], [ 10.008379015707808, 53.497006608346041 ], [ 10.008387944271812, 53.496985813185844 ] ], [ [ 10.008616398301575, 53.496989827387601 ], [ 10.008616200870398, 53.496989766130064 ], [ 10.008607772686867, 53.496987176482271 ], [ 10.008616648537771, 53.496976233783521 ], [ 10.008643232979905, 53.496943495937785 ], [ 10.008620440903279, 53.496984849278903 ], [ 10.008616398301575, 53.496989827387601 ] ], [ [ 10.008437939891579, 53.49693843241954 ], [ 10.008424045461338, 53.496953885019899 ], [ 10.008421768858383, 53.496953239035157 ], [ 10.008417155364089, 53.496951947574168 ], [ 10.0084169125037, 53.49695187771048 ], [ 10.008420843504892, 53.496947278091618 ], [ 10.008437939891579, 53.49693843241954 ] ], [ [ 10.008538617303291, 53.496958356733991 ], [ 10.008543902934303, 53.496960020060378 ], [ 10.008541862292457, 53.496962329494984 ], [ 10.008536561589098, 53.496960666295699 ], [ 10.008538617303291, 53.496958356733991 ] ], [ [ 10.008503817731597, 53.496992404364953 ], [ 10.008505214180955, 53.496992806080137 ], [ 10.008503193086327, 53.496995304119878 ], [ 10.008501766279361, 53.496994893671719 ], [ 10.008496969779472, 53.496993513867118 ], [ 10.008498990874356, 53.496991015827476 ], [ 10.008503817731597, 53.496992404364953 ] ], [ [ 10.008435719893043, 53.497056432852801 ], [ 10.008437311365304, 53.497054253056881 ], [ 10.008437763887994, 53.497053628992269 ], [ 10.008441586389631, 53.497054621497313 ], [ 10.00844361885774, 53.497055143694297 ], [ 10.008441574863118, 53.497057947554921 ], [ 10.008441195712681, 53.497057851873926 ], [ 10.00843772221681, 53.497056955304259 ], [ 10.008435719893043, 53.497056432852801 ] ], [ [ 10.008570831094781, 53.496923342112503 ], [ 10.008584383506054, 53.496927146995304 ], [ 10.008578412383891, 53.496934712253527 ], [ 10.008564859970738, 53.496930907370064 ], [ 10.008570831094781, 53.496923342112503 ] ], [ [ 10.008494043560134, 53.4970042445538 ], [ 10.008508470672981, 53.497008698267962 ], [ 10.008502014017509, 53.497016132782655 ], [ 10.008487830190115, 53.497011766905835 ], [ 10.008484489147561, 53.497010734383721 ], [ 10.008490945592058, 53.497003290882688 ], [ 10.008494043560134, 53.4970042445538 ] ], [ [ 10.008532085646099, 53.49698041712012 ], [ 10.008543879464487, 53.496983805370114 ], [ 10.008553487537489, 53.4969865648482 ], [ 10.008548024731743, 53.49699331679826 ], [ 10.008538431729688, 53.496990557192518 ], [ 10.008526637696612, 53.49698715995472 ], [ 10.008532085646099, 53.49698041712012 ] ], [ [ 10.008547851484082, 53.496951078562454 ], [ 10.008560200973912, 53.496936591826447 ], [ 10.008570177167275, 53.496939617869494 ], [ 10.008557827679995, 53.496954104606502 ], [ 10.008547851484082, 53.496951078562454 ] ], [ [ 10.008478041150862, 53.497023616207841 ], [ 10.008487406367777, 53.497026305827625 ], [ 10.008475660994067, 53.497040841393122 ], [ 10.008466083484594, 53.497038099629052 ], [ 10.00846527890106, 53.497037863712251 ], [ 10.008477024064257, 53.497023319160483 ], [ 10.008478041150862, 53.497023616207841 ] ], [ [ 10.008483983425455, 53.496983070255681 ], [ 10.008496409160156, 53.49696861883951 ], [ 10.008507130077037, 53.496971899287644 ], [ 10.008494704345052, 53.496986350704873 ], [ 10.008483983425455, 53.496983070255681 ] ] ] } },
{ "type": "Feature", "properties": { "gebaeude_id": "DEHHALKAJ0000wsp", "dachneig": 1.943, "dachfl_2d": 23.359, "dachfl_3d": 23.375, "area_m2": 15.0, "expo_klasse": "sonnig", "schatten": 7.06, "solar_eignung": "Eignung 2 (geeignet, hohe Einstrahlung)", "ertkwha_k": 79920.25, "pvarea_solar": 626.5, "schatten_klasse": "sonnig", "gruendach_eignung": "sehr gut geeignet" }, "geometry": { "type": "Polygon", "coordinates": [ [ [ 10.008750977856728, 53.496712430191543 ], [ 10.008747826319652, 53.496716205236815 ], [ 10.008747811887543, 53.496716232325852 ], [ 10.008757483827667, 53.496719144062865 ], [ 10.008755269810466, 53.49672176958245 ], [ 10.008750562872343, 53.496727337593171 ], [ 10.008750357409872, 53.49672757304333 ], [ 10.008750313473612, 53.496727627348662 ], [ 10.00879031636301, 53.496739424995233 ], [ 10.008817207224791, 53.4967062710245 ], [ 10.008824665982297, 53.496697075162892 ], [ 10.008763364684496, 53.496697592544123 ], [ 10.008750977856728, 53.496712430191543 ] ] ] } },
{ "type": "Feature", "properties": { "gebaeude_id": "DEHHALKAJ0000wsp", "dachneig": 1.7, "dachfl_2d": 270.129, "dachfl_3d": 270.216, "area_m2": 254.7, "expo_klasse": "sonnig", "schatten": 7.58, "solar_eignung": "Eignung 2 (geeignet, hohe Einstrahlung)", "ertkwha_k": 7365.13, "pvarea_solar": 58.4, "schatten_klasse": "sonnig", "gruendach_eignung": "sehr gut geeignet" }, "geometry": { "type": "Polygon", "coordinates": [ [ [ 10.008624556425005, 53.496728868403729 ], [ 10.00861720823594, 53.496738117254104 ], [ 10.008599731977631, 53.496760171120414 ], [ 10.008592035405501, 53.496757916883126 ], [ 10.008588270656015, 53.496756816026675 ], [ 10.008520185485995, 53.496736868451073 ], [ 10.008493710212178, 53.496765946792934 ], [ 10.008524824521562, 53.49677544640705 ], [ 10.00848529967949, 53.496821273646169 ], [ 10.008509069366928, 53.496828102552492 ], [ 10.008510207665692, 53.496828425544059 ], [ 10.008515110505121, 53.496829840407194 ], [ 10.008508810996794, 53.496837543269109 ], [ 10.008487335050328, 53.496863846745498 ], [ 10.008553079893934, 53.496882996081183 ], [ 10.008562764798281, 53.496885817833792 ], [ 10.008565360473696, 53.496886568992466 ], [ 10.008566316842566, 53.496886848573226 ], [ 10.008569535167474, 53.496887792237708 ], [ 10.008570476250972, 53.496888062958348 ], [ 10.008573679290635, 53.496888997762611 ], [ 10.008587523393768, 53.496893024910712 ], [ 10.008589602991883, 53.496893627609239 ], [ 10.00865121908474, 53.496911580226232 ], [ 10.008661277319831, 53.496913616770271 ], [ 10.008711843109129, 53.496852801386353 ], [ 10.0086830446192, 53.496844334000137 ], [ 10.00869541919713, 53.496829002064139 ], [ 10.008709472594886, 53.496832955519217 ], [ 10.008737566071868, 53.496799018357088 ], [ 10.008736140335854, 53.496798652848071 ], [ 10.008746673182763, 53.496785754513049 ], [ 10.008743241079362, 53.496784695799441 ], [ 10.008730762657425, 53.496781043674368 ], [ 10.008742807181275, 53.496766415667103 ], [ 10.00874575207021, 53.496767271743657 ], [ 10.00875455631979, 53.496756491441779 ], [ 10.008713227508366, 53.496744722951227 ], [ 10.00872194410233, 53.496734060249523 ], [ 10.008728785437512, 53.496725687611253 ], [ 10.008731759525352, 53.496722057889428 ], [ 10.008732052647149, 53.496721704841391 ], [ 10.00873892966888, 53.496713565617469 ], [ 10.008738944314313, 53.496713547515697 ], [ 10.008752474332653, 53.496697684455093 ], [ 10.008648596256382, 53.496698561101866 ], [ 10.008624556425005, 53.496728868403729 ] ], [ [ 10.0085637198159, 53.496881593895672 ], [ 10.008561717072331, 53.496881053471739 ], [ 10.008564786239033, 53.496876982486938 ], [ 10.0085670802577, 53.496873915830982 ], [ 10.008572921201429, 53.496875475590365 ], [ 10.008567558016894, 53.496882613231371 ], [ 10.0085637198159, 53.496881593895672 ] ], [ [ 10.008582373733672, 53.4968126070873 ], [ 10.008585628024443, 53.496808714321411 ], [ 10.008600871106262, 53.496813251029877 ], [ 10.008597601744436, 53.496817143923302 ], [ 10.008582373733672, 53.4968126070873 ] ], [ [ 10.008683277375182, 53.496767124805167 ], [ 10.00868846978234, 53.496768672053761 ], [ 10.008692872895608, 53.496769992246932 ], [ 10.00868268384818, 53.496782132592962 ], [ 10.008673088325693, 53.496779265150387 ], [ 10.008683277375182, 53.496767124805167 ] ], [ [ 10.00870295669133, 53.496728647258429 ], [ 10.008709661314303, 53.496720230829553 ], [ 10.008719860561635, 53.496723129130459 ], [ 10.008723928032676, 53.496724281362511 ], [ 10.008717223198593, 53.49673268880489 ], [ 10.008716949981519, 53.496732610208895 ], [ 10.00870295669133, 53.496728647258429 ] ], [ [ 10.008610339458249, 53.496829180688266 ], [ 10.008607578845591, 53.496828466878704 ], [ 10.008613711189899, 53.496820073262754 ], [ 10.0086168509508, 53.496820882752665 ], [ 10.008628788840088, 53.496823991116941 ], [ 10.008622699794895, 53.496832303466533 ], [ 10.008622641426165, 53.496832384860816 ], [ 10.008610339458249, 53.496829180688266 ] ], [ [ 10.008601741263538, 53.496767974667236 ], [ 10.008594476456716, 53.496776926172743 ], [ 10.008588116462988, 53.496775092132744 ], [ 10.008580587601219, 53.496772917381278 ], [ 10.008587852410303, 53.49676396587661 ], [ 10.008590478436139, 53.496764725767719 ], [ 10.008601741263538, 53.496767974667236 ] ], [ [ 10.008625781268474, 53.496792545718378 ], [ 10.008637838344285, 53.496777809746987 ], [ 10.008647887306449, 53.496780727300397 ], [ 10.008635815374543, 53.496795472387305 ], [ 10.008625781268474, 53.496792545718378 ] ], [ [ 10.008713342389635, 53.496702563183469 ], [ 10.008701443901181, 53.496716992195751 ], [ 10.008698863305829, 53.496716240912718 ], [ 10.008690802233986, 53.496713872899797 ], [ 10.008702700938581, 53.496699452875909 ], [ 10.008710291148187, 53.496701672047323 ], [ 10.008713342389635, 53.496702563183469 ] ], [ [ 10.00869740567914, 53.496813613968648 ], [ 10.008680394245907, 53.496808885446768 ], [ 10.008688763776377, 53.496798207698383 ], [ 10.008705760134127, 53.496802936346313 ], [ 10.00869740567914, 53.496813613968648 ] ], [ [ 10.008588774198953, 53.496834567341878 ], [ 10.008600402187966, 53.496837956985566 ], [ 10.008587274892218, 53.496853969444381 ], [ 10.008575631827698, 53.496850579926601 ], [ 10.008588774198953, 53.496834567341878 ] ] ] } },
{ "type": "Feature", "properties": { "gebaeude_id": "DEHHALKAJ0000w5A", "dachneig": 2.141, "dachfl_2d": 194.446, "dachfl_3d": 194.563, "area_m2": 192.5, "expo_klasse": "sonnig", "schatten": 8.09, "solar_eignung": "Eignung 2 (geeignet, hohe Einstrahlung)", "ertkwha_k": 4958.43, "pvarea_solar": 34.22, "schatten_klasse": "sonnig", "gruendach_eignung": "sehr gut geeignet" }, "geometry": { "type": "Polygon", "coordinates": [ [ [ 10.00903259199811, 53.49679800233401 ], [ 10.009064643904296, 53.496759366342729 ], [ 10.009060635642186, 53.496758168676962 ], [ 10.009062568821038, 53.496755779238704 ], [ 10.00906241724676, 53.496755744562023 ], [ 10.008949815525805, 53.496721844442064 ], [ 10.00894200721601, 53.496731393836406 ], [ 10.008884283345358, 53.496714190566415 ], [ 10.008893508286242, 53.496703352768591 ], [ 10.008870933092235, 53.49669668464896 ], [ 10.008824665995959, 53.496697075162778 ], [ 10.00879031636301, 53.496739424995233 ], [ 10.008751635033391, 53.496787114933987 ], [ 10.008751254038701, 53.496787576592645 ], [ 10.008800073176515, 53.496801798795055 ], [ 10.008823821921956, 53.496772815309967 ], [ 10.008859889842169, 53.496783324750162 ], [ 10.008836155974366, 53.496812299127846 ], [ 10.008878311152975, 53.496824581967807 ], [ 10.008872051380699, 53.496832050797586 ], [ 10.008944402349822, 53.496852600390056 ], [ 10.008955172459462, 53.496839538230248 ], [ 10.008990060712444, 53.496849248571898 ], [ 10.009026026198757, 53.496805914220531 ], [ 10.00903259199811, 53.49679800233401 ] ], [ [ 10.008860236130809, 53.49677124050001 ], [ 10.008856039945142, 53.49677673229121 ], [ 10.008848301553888, 53.496774622248644 ], [ 10.008852482668273, 53.496769130584966 ], [ 10.008860236130809, 53.49677124050001 ] ], [ [ 10.008837375838866, 53.496771604243122 ], [ 10.008841857329218, 53.496766065099102 ], [ 10.008851480657302, 53.49676883341359 ], [ 10.008846984095824, 53.496774372685159 ], [ 10.008837375838866, 53.496771604243122 ] ], [ [ 10.008973887058806, 53.49681250289543 ], [ 10.008982441916734, 53.496814713906645 ], [ 10.008976266563751, 53.496823197795628 ], [ 10.008963479704763, 53.496819889883561 ], [ 10.008968341032128, 53.496813205914975 ], [ 10.008969655059863, 53.496811405995174 ], [ 10.008973887058806, 53.49681250289543 ] ], [ [ 10.008889295321339, 53.496799580505183 ], [ 10.008881453639324, 53.496808995340814 ], [ 10.008864768866809, 53.496804057338935 ], [ 10.008872610551624, 53.496794642504391 ], [ 10.008889295321339, 53.496799580505183 ] ], [ [ 10.008879818341683, 53.496745824880634 ], [ 10.008885138236586, 53.496739406717154 ], [ 10.008910673370112, 53.496746939768727 ], [ 10.00890535347818, 53.496753357933294 ], [ 10.008879818341683, 53.496745824880634 ] ], [ [ 10.008820507262991, 53.496759557421932 ], [ 10.008795230997432, 53.496752768260244 ], [ 10.008800463172244, 53.496745829474143 ], [ 10.008825754506574, 53.4967526185076 ], [ 10.008820507262991, 53.496759557421932 ] ], [ [ 10.008960762280756, 53.496800676185075 ], [ 10.008966569307276, 53.496793822429993 ], [ 10.008992062685587, 53.496801499642068 ], [ 10.008986255662176, 53.496808353398357 ], [ 10.008960762280756, 53.496800676185075 ] ] ] } },
{ "type": "Feature", "properties": { "gebaeude_id": "DEHHALKAJ0000vXE", "dachneig": 0.0, "dachfl_2d": 118.378, "dachfl_3d": 118.784, "area_m2": 118.4, "expo_klasse": "sonnig", "schatten": 8.11, "solar_eignung": "Eignung 2 (geeignet, hohe Einstrahlung)", "ertkwha_k": 11509.29, "pvarea_solar": 90.96, "schatten_klasse": "sonnig", "gruendach_eignung": "sehr gut geeignet" }, "geometry": { "type": "Polygon", "coordinates": [ [ [ 10.009089432906149, 53.496895467519188 ], [ 10.009140185433269, 53.496910473289255 ], [ 10.009151051825183, 53.496897023768234 ], [ 10.009172429167046, 53.496903405309219 ], [ 10.009296323005417, 53.496929694995785 ], [ 10.009290742096287, 53.496928294879332 ], [ 10.009286412814832, 53.496926911161076 ], [ 10.009322181780647, 53.496884198626432 ], [ 10.009322900463951, 53.496883356572866 ], [ 10.009326638411187, 53.496878884401156 ], [ 10.009236503265296, 53.496854089542595 ], [ 10.009228104571616, 53.496864803532262 ], [ 10.009214704552125, 53.496861069348235 ], [ 10.009223058885842, 53.496850391690387 ], [ 10.009223439662517, 53.496849921042958 ], [ 10.009216594630173, 53.49684861249856 ], [ 10.009214663803508, 53.496851100799269 ], [ 10.009197410718091, 53.496846356412959 ], [ 10.009199341545585, 53.496843868112478 ], [ 10.009040512974805, 53.496800182735953 ], [ 10.009067659057957, 53.49682730734434 ], [ 10.009090605131137, 53.496833729590662 ], [ 10.009085556553625, 53.496840145472667 ], [ 10.009081732136037, 53.496839072102688 ], [ 10.009060789235534, 53.496833208244738 ], [ 10.00899877355449, 53.496851763877089 ], [ 10.008998700114347, 53.496851845398794 ], [ 10.009100094916146, 53.496882298389927 ], [ 10.009089432906149, 53.496895467519188 ] ], [ [ 10.00913957185726, 53.496892886834395 ], [ 10.009142284866803, 53.496889690782574 ], [ 10.009162993049042, 53.496865353289472 ], [ 10.009195001315437, 53.496875033952783 ], [ 10.009179309467299, 53.496894771632739 ], [ 10.009172825016893, 53.496902934534695 ], [ 10.009152782131617, 53.496896883312246 ], [ 10.009151051825183, 53.496897023768234 ], [ 10.00913957185726, 53.496892886834395 ] ], [ [ 10.009155420686653, 53.496836589233986 ], [ 10.009152539834178, 53.496840335037284 ], [ 10.009135908984268, 53.496835765170268 ], [ 10.009138804910027, 53.496832019240102 ], [ 10.009155420686653, 53.496836589233986 ] ], [ [ 10.009252852505103, 53.496879174860901 ], [ 10.0092578505097, 53.496872534671795 ], [ 10.009284355658011, 53.496879645955424 ], [ 10.00927935744331, 53.496886277158367 ], [ 10.009252852505103, 53.496879174860901 ] ] ] } },
{ "type": "Feature", "properties": { "gebaeude_id": "DEHHALKAJ0000vXE", "dachneig": 5.124, "dachfl_2d": 10.136, "dachfl_3d": 10.177, "area_m2": 10.1, "expo_klasse": "sonnig", "schatten": 8.11, "solar_eignung": "Eignung 2 (geeignet, hohe Einstrahlung)", "ertkwha_k": 11509.29, "pvarea_solar": 90.96, "schatten_klasse": "sonnig", "gruendach_eignung": "sehr gut geeignet" }, "geometry": { "type": "Polygon", "coordinates": [ [ [ 10.0090374079537, 53.496804011330646 ], [ 10.00899877355449, 53.496851763877089 ], [ 10.009060789235534, 53.496833208244738 ], [ 10.009060106296408, 53.496833016250413 ], [ 10.009060369912184, 53.496832690417968 ], [ 10.009065155090321, 53.496826609356781 ], [ 10.009067659057957, 53.49682730734434 ], [ 10.009040512974805, 53.496800182735953 ], [ 10.009040439534816, 53.496800264257672 ], [ 10.009038359686143, 53.496802825726263 ], [ 10.0090374079537, 53.496804011330646 ] ] ] } },
{ "type": "Feature", "properties": { "gebaeude_id": "DEHHALKAJ0000vXE", "dachneig": 6.524, "dachfl_2d": 142.86, "dachfl_3d": 143.409, "area_m2": 142.9, "expo_klasse": "sonnig", "schatten": 8.12, "solar_eignung": "Eignung 2 (geeignet, hohe Einstrahlung)", "ertkwha_k": 2925.84, "pvarea_solar": 23.58, "schatten_klasse": "sonnig", "gruendach_eignung": "sehr gut geeignet" }, "geometry": { "type": "Polygon", "coordinates": [ [ [ 10.009040512974805, 53.496800182735953 ], [ 10.009199341545585, 53.496843868112478 ], [ 10.009200570253874, 53.496842284648508 ], [ 10.00921782333795, 53.49684702903442 ], [ 10.009216594630173, 53.49684861249856 ], [ 10.009223439662517, 53.496849921042958 ], [ 10.009236839679261, 53.496853655226012 ], [ 10.009236503265296, 53.496854089542595 ], [ 10.009326638411187, 53.496878884401156 ], [ 10.009327078194779, 53.496878359320611 ], [ 10.009328896123247, 53.496876195578416 ], [ 10.009332282370609, 53.496872148863304 ], [ 10.009336929599872, 53.496866608301055 ], [ 10.009356236333101, 53.496843568047296 ], [ 10.009360624189009, 53.496844879355706 ], [ 10.009337491854959, 53.496872509380637 ], [ 10.009334603545541, 53.496875940633416 ], [ 10.009332507358174, 53.496878448310653 ], [ 10.009331481125527, 53.496879670502821 ], [ 10.009331114781554, 53.496880114061447 ], [ 10.009338398490755, 53.496882120043423 ], [ 10.009378174004704, 53.496832919496228 ], [ 10.009332485319225, 53.496819758773221 ], [ 10.009337752763845, 53.496813673628473 ], [ 10.009287495397182, 53.496799203106079 ], [ 10.00929646594853, 53.496788448326789 ], [ 10.00923107915602, 53.496768514325581 ], [ 10.009220569694516, 53.496780486630932 ], [ 10.009182712086147, 53.496769524977658 ], [ 10.009174182361345, 53.496779799604965 ], [ 10.009117750476076, 53.4967624147463 ], [ 10.009114652640925, 53.496765910686285 ], [ 10.009077184812455, 53.496754855818153 ], [ 10.009072688922139, 53.496760422059907 ], [ 10.00907185392712, 53.496761444875574 ], [ 10.009046766524504, 53.496792453266359 ], [ 10.009043398102225, 53.496796616680903 ], [ 10.009040512974805, 53.496800182735953 ] ], [ [ 10.00905165110442, 53.496793733425413 ], [ 10.009056278178805, 53.496794961823703 ], [ 10.009068323517532, 53.496798150138815 ], [ 10.00906582514504, 53.496801497191413 ], [ 10.009049152944252, 53.496797089464927 ], [ 10.009050161123582, 53.496795741580421 ], [ 10.00905165110442, 53.496793733425413 ] ], [ [ 10.009307560344512, 53.4968728340463 ], [ 10.009310502327647, 53.496869123679382 ], [ 10.009323357200534, 53.496872754587102 ], [ 10.009328107429543, 53.496874089803981 ], [ 10.009327258860536, 53.496875175659611 ], [ 10.009325180519745, 53.496877800044068 ], [ 10.009307560344512, 53.4968728340463 ] ], [ [ 10.009218439806826, 53.49681522045347 ], [ 10.009222611780938, 53.49680998054825 ], [ 10.009223592585348, 53.496808749751438 ], [ 10.009248877702264, 53.496815907300594 ], [ 10.009243710068027, 53.496822387118264 ], [ 10.009241554890348, 53.496821776080161 ], [ 10.009218439806826, 53.49681522045347 ] ] ] } },
{ "type": "Feature", "properties": { "gebaeude_id": "DEHHALKAJ0000vYC", "dachneig": 3.581, "dachfl_2d": 118.626, "dachfl_3d": 118.807, "area_m2": 118.6, "expo_klasse": "sonnig", "schatten": 8.26, "solar_eignung": "Eignung 2 (geeignet, hohe Einstrahlung)", "ertkwha_k": 12799.2, "pvarea_solar": 101.95, "schatten_klasse": "sonnig", "gruendach_eignung": "sehr gut geeignet" }, "geometry": { "type": "Polygon", "coordinates": [ [ [ 10.009625503405857, 53.496951239351468 ], [ 10.009625928114311, 53.496950714397158 ], [ 10.009626808102491, 53.496949682208509 ], [ 10.009628596514906, 53.496947545678267 ], [ 10.009631909513606, 53.496943589464202 ], [ 10.009624731420072, 53.496895900086976 ], [ 10.009629799691735, 53.496889681775464 ], [ 10.009581745014113, 53.496875291650149 ], [ 10.009590635235401, 53.496864330778287 ], [ 10.009524682708491, 53.496844707344351 ], [ 10.009515150436613, 53.49685656355328 ], [ 10.009477225138795, 53.496845296935781 ], [ 10.009468902423933, 53.496855399043277 ], [ 10.009411456645998, 53.496837861082092 ], [ 10.009408248926036, 53.49684180741189 ], [ 10.009378174004704, 53.496832919496228 ], [ 10.009347727278985, 53.496870580185117 ], [ 10.00951851126983, 53.496921256566615 ], [ 10.0095193766149, 53.49692024248057 ], [ 10.009533301514336, 53.496924493564158 ], [ 10.009532509395319, 53.496925417140986 ], [ 10.009604533394501, 53.496946778114449 ], [ 10.009605428028225, 53.49694572782407 ], [ 10.009616330316296, 53.496949024619155 ], [ 10.009616682439757, 53.496948617136077 ], [ 10.009620979668117, 53.496949920211399 ], [ 10.009619791705235, 53.496951314564761 ], [ 10.009624315870109, 53.49695265167945 ], [ 10.009625503405857, 53.496951239351468 ] ], [ [ 10.009511605501912, 53.496891372256606 ], [ 10.009537450732779, 53.496898623894182 ], [ 10.009531992364836, 53.496905555634108 ], [ 10.009506147130697, 53.496898303995373 ], [ 10.009511605501912, 53.496891372256606 ] ] ] } },
{ "type": "Feature", "properties": { "gebaeude_id": "DEHHALKAJ0000vYC", "dachneig": 2.588, "dachfl_2d": 140.573, "dachfl_3d": 140.705, "area_m2": 140.6, "expo_klasse": "sonnig", "schatten": 8.41, "solar_eignung": "Eignung 2 (geeignet, hohe Einstrahlung)", "ertkwha_k": 22216.27, "pvarea_solar": 176.92, "schatten_klasse": "sonnig", "gruendach_eignung": "sehr gut geeignet" }, "geometry": { "type": "Polygon", "coordinates": [ [ [ 10.009619791705235, 53.496951314564761 ], [ 10.009617225179092, 53.496954329608549 ], [ 10.0096129279504, 53.496953026533077 ], [ 10.00961355854481, 53.496952284101731 ], [ 10.009602656256085, 53.496948987306425 ], [ 10.009604533394501, 53.496946778114449 ], [ 10.009532509395319, 53.496925417140986 ], [ 10.00951935070133, 53.496940728819858 ], [ 10.009505425797887, 53.496936477734657 ], [ 10.00951851126983, 53.496921256566615 ], [ 10.009347727278985, 53.496870580185117 ], [ 10.009299135042214, 53.496930669038683 ], [ 10.009394312288462, 53.496958288787653 ], [ 10.009383591983795, 53.496971539337309 ], [ 10.009433887073742, 53.496986953354892 ], [ 10.009445209527653, 53.49697303252325 ], [ 10.009432827400881, 53.496969631352179 ], [ 10.009432944349065, 53.49696947755011 ], [ 10.009445098288497, 53.496953751879616 ], [ 10.009448057209179, 53.496954562875032 ], [ 10.009458061071568, 53.496941615009959 ], [ 10.00948947174308, 53.496950248919042 ], [ 10.009473939478978, 53.496970353842464 ], [ 10.009467197010903, 53.496979076262733 ], [ 10.009575121514857, 53.497011496249058 ], [ 10.009620417065046, 53.496957331968147 ], [ 10.009621003296996, 53.49695662586786 ], [ 10.009621809632815, 53.496955666214021 ], [ 10.009624315870109, 53.49695265167945 ], [ 10.009619791705235, 53.496951314564761 ] ], [ [ 10.009502976343164, 53.496926017151601 ], [ 10.009492219325558, 53.496923123628022 ], [ 10.009494820827952, 53.49691967681558 ], [ 10.009505593130488, 53.496922579198895 ], [ 10.009511282539538, 53.496924104236079 ], [ 10.009508665966084, 53.496927551176185 ], [ 10.009502976343164, 53.496926017151601 ] ], [ [ 10.009444895192113, 53.496917275895804 ], [ 10.009429155244369, 53.496912770458032 ], [ 10.009432420694507, 53.496908715771198 ], [ 10.009448160641126, 53.496913221208544 ], [ 10.009444895192113, 53.496917275895804 ] ], [ [ 10.009377183376289, 53.496903555087847 ], [ 10.009364973815934, 53.4968998018783 ], [ 10.009371766715304, 53.496891933000732 ], [ 10.009383976273979, 53.496895686209598 ], [ 10.009377183376289, 53.496903555087847 ] ], [ [ 10.009371814123076, 53.496913605279595 ], [ 10.009347086809591, 53.49690645203497 ], [ 10.009352140051172, 53.496900233862299 ], [ 10.009376867361865, 53.496907387105935 ], [ 10.009371814123076, 53.496913605279595 ] ], [ [ 10.009573885954124, 53.4969639274684 ], [ 10.009572085028131, 53.496966171972488 ], [ 10.009567455571906, 53.496964844734279 ], [ 10.009558970890584, 53.496962417434041 ], [ 10.009547161926411, 53.49695902941184 ], [ 10.0095525653474, 53.496952322862498 ], [ 10.009577488446066, 53.496959465422016 ], [ 10.009576419350632, 53.496960786858288 ], [ 10.009573885954124, 53.4969639274684 ] ] ] } },
{ "type": "Feature", "properties": { "gebaeude_id": "20210930093556_15", "dachneig": 0.0, "dachfl_2d": 13.507, "dachfl_3d": 13.507, "area_m2": 13.5, "expo_klasse": "sonnig", "schatten": 8.43, "solar_eignung": "Eignung 2 (geeignet, hohe Einstrahlung)", "ertkwha_k": 12872.22, "pvarea_solar": 102.28, "schatten_klasse": "sonnig", "gruendach_eignung": "sehr gut geeignet" }, "geometry": { "type": "Polygon", "coordinates": [ [ [ 10.0090072868866, 53.497362721347429 ], [ 10.009049230988976, 53.497361009909291 ], [ 10.009044689243156, 53.497317028715607 ], [ 10.009003754599505, 53.497318713652632 ], [ 10.0090072868866, 53.497362721347429 ] ] ] } },
{ "type": "Feature", "properties": { "gebaeude_id": "DEHHALKAJ0000wsj", "dachneig": 15.259, "dachfl_2d": 89.475, "dachfl_3d": 93.16, "area_m2": 89.5, "expo_klasse": "sonnig", "schatten": 8.52, "solar_eignung": "Eignung 2 (geeignet, hohe Einstrahlung)", "ertkwha_k": 9004.96, "pvarea_solar": 68.18, "schatten_klasse": "sonnig", "gruendach_eignung": "sehr gut geeignet" }, "geometry": { "type": "Polygon", "coordinates": [ [ [ 10.008253938375649, 53.497483869080902 ], [ 10.008255750187992, 53.497503683710868 ], [ 10.008477019781777, 53.497495785336099 ], [ 10.008472373818678, 53.497450564509855 ], [ 10.008170726494903, 53.497461163408268 ], [ 10.00817109182109, 53.49746512451172 ], [ 10.008173099517258, 53.497486843175814 ], [ 10.008253938375649, 53.497483869080902 ] ] ] } },
{ "type": "Feature", "properties": { "gebaeude_id": "DEHHALKAJ0000wsj", "dachneig": 20.517, "dachfl_2d": 224.72, "dachfl_3d": 240.245, "area_m2": 224.7, "expo_klasse": "sonnig", "schatten": 8.52, "solar_eignung": "Eignung 2 (geeignet, hohe Einstrahlung)", "ertkwha_k": 9004.96, "pvarea_solar": 68.18, "schatten_klasse": "sonnig", "gruendach_eignung": "sehr gut geeignet" }, "geometry": { "type": "Polygon", "coordinates": [ [ [ 10.007965606150837, 53.497326196400394 ], [ 10.00797263274252, 53.497399353211804 ], [ 10.008064886664553, 53.497395878471259 ], [ 10.008113762396338, 53.497394036988879 ], [ 10.00811362171315, 53.497392554977004 ], [ 10.008391996579254, 53.497382772808812 ], [ 10.008392134926327, 53.497384155960205 ], [ 10.008397272447921, 53.497384022726337 ], [ 10.008390214694613, 53.497312124671268 ], [ 10.007965606150837, 53.497326196400394 ] ] ] } },
{ "type": "Feature", "properties": { "gebaeude_id": "DEHHALKAJ0000wsj", "dachneig": 14.857, "dachfl_2d": 131.742, "dachfl_3d": 136.421, "area_m2": 131.7, "expo_klasse": "sonnig", "schatten": 8.6, "solar_eignung": "Eignung 2 (geeignet, hohe Einstrahlung)", "ertkwha_k": 18643.35, "pvarea_solar": 151.67, "schatten_klasse": "sonnig", "gruendach_eignung": "sehr gut geeignet" }, "geometry": { "type": "Polygon", "coordinates": [ [ [ 10.008112217694379, 53.497428693936463 ], [ 10.008113167463508, 53.497428694915016 ], [ 10.008116710310661, 53.497428700990177 ], [ 10.00811721866009, 53.497434242965774 ], [ 10.008117238422722, 53.497434440558877 ], [ 10.008120015553576, 53.497463811431516 ], [ 10.008120629810731, 53.497464920896732 ], [ 10.008121346802678, 53.497465912637459 ], [ 10.008122706639595, 53.497467312453971 ], [ 10.008123215112727, 53.49746777559757 ], [ 10.008124197650417, 53.49746852239339 ], [ 10.008125880977278, 53.497469577896361 ], [ 10.008127391686262, 53.497470347204661 ], [ 10.008129051413029, 53.497471043343381 ], [ 10.008131512105424, 53.497471822617257 ], [ 10.008132634919923, 53.497472127764873 ], [ 10.008134770565514, 53.497472550217012 ], [ 10.008137476827711, 53.497472877965485 ], [ 10.008140284332351, 53.497473025078364 ], [ 10.008142153088309, 53.497473000327375 ], [ 10.008143959209756, 53.497472877224759 ], [ 10.008145733267719, 53.497472673490826 ], [ 10.008147520052763, 53.497472370769593 ], [ 10.008149304492555, 53.497471969188268 ], [ 10.008151056229213, 53.497471460013728 ], [ 10.00815276040359, 53.497470852360465 ], [ 10.008154372011912, 53.497470155597156 ], [ 10.008155875555399, 53.497469351876241 ], [ 10.008157241742273, 53.497468477401249 ], [ 10.008158470572477, 53.497467532172173 ], [ 10.008159532114522, 53.497466525430461 ], [ 10.008160411722569, 53.497465475277906 ], [ 10.008161124895324, 53.497464399561899 ], [ 10.008161656773687, 53.497463307396877 ], [ 10.008162177286943, 53.497461100681662 ], [ 10.008162211138821, 53.497459985750062 ], [ 10.008164352262154, 53.497460003646808 ], [ 10.008165588619383, 53.49746001119675 ], [ 10.008166779972896, 53.497460028115349 ], [ 10.008166749958818, 53.497461304818053 ], [ 10.008170726494903, 53.497461163408268 ], [ 10.008472373818678, 53.497450564509855 ], [ 10.008467875467595, 53.497402034455703 ], [ 10.008394169181653, 53.497405083358082 ], [ 10.008394027209127, 53.497403547422884 ], [ 10.008115652207529, 53.497413329596391 ], [ 10.008115800074982, 53.49741447895164 ], [ 10.008116477689402, 53.497414446269254 ], [ 10.00811660025119, 53.497415164362039 ], [ 10.008116964099072, 53.497417156869311 ], [ 10.008115292351548, 53.497417224903721 ], [ 10.008115111483795, 53.497417226429206 ], [ 10.008114915756924, 53.497417237069072 ], [ 10.008114509017711, 53.497417249488677 ], [ 10.00811429821851, 53.497417260255695 ], [ 10.008114057274707, 53.497417271276937 ], [ 10.008106957882234, 53.497428756276832 ], [ 10.008108029509076, 53.49742881016212 ], [ 10.008109115355467, 53.497428827971177 ], [ 10.008109913975058, 53.497428812246376 ], [ 10.008110847605913, 53.497428768415617 ], [ 10.008111238846556, 53.497428738148592 ], [ 10.008111886103416, 53.497428696733159 ], [ 10.008112217694379, 53.497428693936463 ] ] ] } },
{ "type": "Feature", "properties": { "gebaeude_id": "DEHHALKA900014Ln", "dachneig": 3.432, "dachfl_2d": 62.645, "dachfl_3d": 62.868, "area_m2": 62.6, "expo_klasse": "sonnig", "schatten": 8.69, "solar_eignung": "Eignung 3 (geeignet, mittlere Einstrahlung)", "ertkwha_k": 23888.56, "pvarea_solar": 190.87, "schatten_klasse": "sonnig", "gruendach_eignung": "sehr gut geeignet" }, "geometry": { "type": "Polygon", "coordinates": [ [ [ 10.007164949607089, 53.497545330645082 ], [ 10.007100594324228, 53.497327195542539 ], [ 10.007093181364771, 53.497328004095699 ], [ 10.007063649676303, 53.497331219313267 ], [ 10.007130208245343, 53.497553911311883 ], [ 10.007131534109996, 53.497558331756785 ], [ 10.007151336707153, 53.497556151344803 ], [ 10.007164949607089, 53.497545330645082 ] ] ] } },
{ "type": "Feature", "properties": { "gebaeude_id": "DEHHALKA900014Ln", "dachneig": 2.702, "dachfl_2d": 50.084, "dachfl_3d": 50.133, "area_m2": 50.1, "expo_klasse": "sonnig", "schatten": 8.74, "solar_eignung": "Eignung 2 (geeignet, hohe Einstrahlung)", "ertkwha_k": 34633.2, "pvarea_solar": 277.17, "schatten_klasse": "sonnig", "gruendach_eignung": "sehr gut geeignet" }, "geometry": { "type": "Polygon", "coordinates": [ [ [ 10.007107174806418, 53.497560982035168 ], [ 10.007120737708648, 53.497559501416227 ], [ 10.007120736430736, 53.497559447492499 ], [ 10.007119456849212, 53.497555071602918 ], [ 10.00705456773791, 53.497332212718412 ], [ 10.007032809888662, 53.497334580380667 ], [ 10.007025652516546, 53.497335359809036 ], [ 10.00702538185427, 53.49733538905663 ], [ 10.007088611612456, 53.497553120183497 ], [ 10.007107174806418, 53.497560982035168 ] ] ] } },
{ "type": "Feature", "properties": { "gebaeude_id": "DEHHALKA900014Ln", "dachneig": 2.564, "dachfl_2d": 46.776, "dachfl_3d": 46.835, "area_m2": 46.8, "expo_klasse": "sonnig", "schatten": 8.74, "solar_eignung": "Eignung 2 (geeignet, hohe Einstrahlung)", "ertkwha_k": 34633.2, "pvarea_solar": 277.17, "schatten_klasse": "sonnig", "gruendach_eignung": "sehr gut geeignet" }, "geometry": { "type": "Polygon", "coordinates": [ [ [ 10.007085852571533, 53.497285925035698 ], [ 10.007307938046052, 53.49720945323827 ], [ 10.007314472851277, 53.497207213819458 ], [ 10.0073066059519, 53.497199046119704 ], [ 10.007288270658496, 53.497196342110868 ], [ 10.007068613719099, 53.497272236087433 ], [ 10.007061170179748, 53.497275570827924 ], [ 10.007054248467018, 53.497279296690969 ], [ 10.007047907805065, 53.497283368232203 ], [ 10.007042223129353, 53.497287766842248 ], [ 10.007037208660353, 53.49729245644496 ], [ 10.007032938694714, 53.497297391469196 ], [ 10.007029412380843, 53.497302535965829 ], [ 10.007026673870918, 53.497307844617509 ], [ 10.00702475245793, 53.497313281221238 ], [ 10.00702366214959, 53.497318800713586 ], [ 10.007023401881485, 53.497324358158131 ], [ 10.007023985448388, 53.497329899504194 ], [ 10.00702538185427, 53.49733538905663 ], [ 10.007025652516546, 53.497335359809036 ], [ 10.007032794816356, 53.497334580507669 ], [ 10.00705456773791, 53.497332212718412 ], [ 10.007054496161363, 53.4973317369002 ], [ 10.007053273232694, 53.497324025583609 ], [ 10.007053234655446, 53.497319216750526 ], [ 10.00705455871101, 53.497314018895409 ], [ 10.007057113155957, 53.497308576957657 ], [ 10.007063459868986, 53.497300307464343 ], [ 10.0070717824228, 53.49729335170715 ], [ 10.007085852571533, 53.497285925035698 ] ] ] } },
{ "type": "Feature", "properties": { "gebaeude_id": "DEHHALKA900014Ln", "dachneig": 0.278, "dachfl_2d": 47.901, "dachfl_3d": 47.911, "area_m2": 47.9, "expo_klasse": "sonnig", "schatten": 8.78, "solar_eignung": "Eignung 2 (geeignet, hohe Einstrahlung)", "ertkwha_k": 1397.59, "pvarea_solar": 11.0, "schatten_klasse": "sonnig", "gruendach_eignung": "sehr gut geeignet" }, "geometry": { "type": "Polygon", "coordinates": [ [ [ 10.007067392578465, 53.497312948933136 ], [ 10.007063087583784, 53.497323403549025 ], [ 10.007063649676303, 53.497331219313267 ], [ 10.007093181364771, 53.497328004095699 ], [ 10.007100594324228, 53.497327195542539 ], [ 10.007100442633577, 53.497320158370577 ], [ 10.007102477046731, 53.49731567365604 ], [ 10.007107250453441, 53.497312262531125 ], [ 10.007117569507006, 53.497307492273386 ], [ 10.007296640725329, 53.497246727284377 ], [ 10.007325986487514, 53.497219135188445 ], [ 10.007319696575133, 53.497212626168299 ], [ 10.007313192765977, 53.497214901282526 ], [ 10.007093425683058, 53.497291874922169 ], [ 10.007081361277335, 53.497297423955345 ], [ 10.007073267151158, 53.497304476668461 ], [ 10.007067392578465, 53.497312948933136 ] ] ] } },
{ "type": "Feature", "properties": { "gebaeude_id": "DEHHALKAJ00059QU", "dachneig": 5.753, "dachfl_2d": 44.047, "dachfl_3d": 44.274, "area_m2": 44.0, "expo_klasse": "sonnig", "schatten": 8.79, "solar_eignung": "Eignung 2 (geeignet, hohe Einstrahlung)", "ertkwha_k": 1040.05, "pvarea_solar": 8.02, "schatten_klasse": "sonnig", "gruendach_eignung": "sehr gut geeignet" }, "geometry": { "type": "Polygon", "coordinates": [ [ [ 10.0074924464191, 53.497246434343928 ], [ 10.007514686206965, 53.497462793840604 ], [ 10.007534735334909, 53.497462112463282 ], [ 10.007542251740494, 53.497461851344745 ], [ 10.007521521576425, 53.497255124411588 ], [ 10.007504448992176, 53.497245910686473 ], [ 10.007492445566854, 53.497246398394779 ], [ 10.0074924464191, 53.497246434343928 ] ] ] } },
{ "type": "Feature", "properties": { "gebaeude_id": "DEHHALKAJ00059QU", "dachneig": 2.486, "dachfl_2d": 58.448, "dachfl_3d": 58.533, "area_m2": 58.4, "expo_klasse": "sonnig", "schatten": 8.93, "solar_eignung": "Eignung 2 (geeignet, hohe Einstrahlung)", "ertkwha_k": 3023.54, "pvarea_solar": 24.43, "schatten_klasse": "sonnig", "gruendach_eignung": "sehr gut geeignet" }, "geometry": { "type": "Polygon", "coordinates": [ [ [ 10.007446761673323, 53.497277948600718 ], [ 10.007464948048188, 53.497464507510578 ], [ 10.007472449595422, 53.497464255510764 ], [ 10.007503600002178, 53.497463183927536 ], [ 10.007483588421387, 53.497251785598472 ], [ 10.00748310801289, 53.497246782729682 ], [ 10.007479839677201, 53.4972469091582 ], [ 10.007446761673323, 53.497277948600718 ] ] ] } },
{ "type": "Feature", "properties": { "gebaeude_id": "DEHHALKAJ00059QU", "dachneig": 0.812, "dachfl_2d": 52.782, "dachfl_3d": 52.788, "area_m2": 52.8, "expo_klasse": "sonnig", "schatten": 9.11, "solar_eignung": "Eignung 2 (geeignet, hohe Einstrahlung)", "ertkwha_k": 19851.98, "pvarea_solar": 136.85, "schatten_klasse": "sonnig", "gruendach_eignung": "sehr gut geeignet" }, "geometry": { "type": "Polygon", "coordinates": [ [ [ 10.007472480379269, 53.49746428221853 ], [ 10.007464948048188, 53.497464507510578 ], [ 10.007467108030681, 53.497488849713172 ], [ 10.007465250790615, 53.497494447586512 ], [ 10.00745942313169, 53.497499809253057 ], [ 10.00745228529173, 53.49750332122273 ], [ 10.007286802259941, 53.497568160839897 ], [ 10.007278314272407, 53.497598031171655 ], [ 10.007279793812938, 53.497599394032569 ], [ 10.007286156066479, 53.497596868419187 ], [ 10.007486955030339, 53.497517159832697 ], [ 10.007494098401613, 53.497511337620594 ], [ 10.00750042007512, 53.497501378368078 ], [ 10.007506457438016, 53.497488329267824 ], [ 10.007504160661362, 53.497463305048797 ], [ 10.007472480379269, 53.49746428221853 ] ] ] } },
{ "type": "Feature", "properties": { "gebaeude_id": "DEHHALKAJ00059QU", "dachneig": 2.696, "dachfl_2d": 45.501, "dachfl_3d": 45.55, "area_m2": 45.5, "expo_klasse": "sonnig", "schatten": 9.24, "solar_eignung": "Eignung 3 (geeignet, mittlere Einstrahlung)", "ertkwha_k": 2611.72, "pvarea_solar": 21.05, "schatten_klasse": "sonnig", "gruendach_eignung": "sehr gut geeignet" }, "geometry": { "type": "Polygon", "coordinates": [ [ [ 10.007291014637607, 53.49760150179636 ], [ 10.007284875700103, 53.497603908669994 ], [ 10.007284786117891, 53.497603945381265 ], [ 10.007284711395041, 53.497603972978204 ], [ 10.007290846537341, 53.497609674287055 ], [ 10.007313273655923, 53.497612640451834 ], [ 10.007496553529851, 53.497541133706648 ], [ 10.007513934008305, 53.497532807141326 ], [ 10.007522575081348, 53.497527206019193 ], [ 10.007529955021058, 53.497519916590768 ], [ 10.007539101374707, 53.497505106389639 ], [ 10.007543493563769, 53.497495154410046 ], [ 10.007544107505106, 53.497487984937528 ], [ 10.007542251740494, 53.497461851344745 ], [ 10.007534735334909, 53.497462112463282 ], [ 10.007514686206965, 53.497462793840604 ], [ 10.007513785063118, 53.497462936272711 ], [ 10.007515625848994, 53.497490346441616 ], [ 10.007508952041045, 53.497503257081654 ], [ 10.007502026094485, 53.49751443495407 ], [ 10.007495916537199, 53.497519987769223 ], [ 10.007480944544255, 53.497526891734488 ], [ 10.007291014637607, 53.49760150179636 ] ] ] } },
{ "type": "Feature", "properties": { "gebaeude_id": "DEHHALKAJ0000vlA", "dachneig": 0.0, "dachfl_2d": 78.696, "dachfl_3d": 78.696, "area_m2": 78.7, "expo_klasse": "sonnig", "schatten": 9.25, "solar_eignung": "Eignung 2 (geeignet, hohe Einstrahlung)", "ertkwha_k": 1697.78, "pvarea_solar": 13.59, "schatten_klasse": "sonnig", "gruendach_eignung": "sehr gut geeignet" }, "geometry": { "type": "Polygon", "coordinates": [ [ [ 10.007421459954429, 53.497179785354788 ], [ 10.007411964502468, 53.497180503611041 ], [ 10.007402615778432, 53.497181688062085 ], [ 10.007393474284061, 53.497183347187132 ], [ 10.007384599668862, 53.497185453516231 ], [ 10.007376037149283, 53.497188006668317 ], [ 10.007318296206925, 53.497241951362874 ], [ 10.007424421385766, 53.49728308988054 ], [ 10.007489860365217, 53.497221924939673 ], [ 10.007488580914336, 53.497216919816914 ], [ 10.007486565054494, 53.497212010792154 ], [ 10.007483813638148, 53.497207233814478 ], [ 10.007480357449218, 53.49720261559159 ], [ 10.007476212838402, 53.497198209920128 ], [ 10.007471410376491, 53.497194034520462 ], [ 10.007466011630873, 53.49719014280808 ], [ 10.007460047172142, 53.497186552503436 ], [ 10.00745354799702, 53.497183299301426 ], [ 10.007440560519619, 53.497179795157798 ], [ 10.007431012127364, 53.497179552030097 ], [ 10.007421459954429, 53.497179785354788 ] ], [ [ 10.0074198352749, 53.497206640444332 ], [ 10.007417298241284, 53.497208998988569 ], [ 10.007408778746544, 53.49720573584495 ], [ 10.007405918747919, 53.497204645303889 ], [ 10.007408440709673, 53.497202286886932 ], [ 10.0074198352749, 53.497206640444332 ] ], [ [ 10.007413041523634, 53.497201771688374 ], [ 10.007410377890354, 53.497200697470511 ], [ 10.007409434250652, 53.497200318893363 ], [ 10.007418249797022, 53.497192540950152 ], [ 10.007421841997413, 53.497193993871946 ], [ 10.007413041523634, 53.497201771688374 ] ] ] } },
{ "type": "Feature", "properties": { "gebaeude_id": "20210930093556_5", "dachneig": 0.0, "dachfl_2d": 18.847, "dachfl_3d": 18.847, "area_m2": 18.8, "expo_klasse": "sonnig", "schatten": 9.57, "solar_eignung": "Eignung 2 (geeignet, hohe Einstrahlung)", "ertkwha_k": 28972.58, "pvarea_solar": 205.28, "schatten_klasse": "sonnig", "gruendach_eignung": "sehr gut geeignet" }, "geometry": { "type": "Polygon", "coordinates": [ [ [ 10.006778832499077, 53.497556502924866 ], [ 10.006848075855707, 53.4975476856686 ], [ 10.006835451406081, 53.49751241998122 ], [ 10.00676619303173, 53.497521237356978 ], [ 10.006778832499077, 53.497556502924866 ] ] ] } },
{ "type": "Feature", "properties": { "gebaeude_id": "20210930093556_271", "dachneig": 0.0, "dachfl_2d": 19.396, "dachfl_3d": 19.396, "area_m2": 19.4, "expo_klasse": "sonnig", "schatten": 9.92, "solar_eignung": "Eignung 6 (geringe Einstrahlung / weniger geeignet / vor Ort zu prüfen)", "ertkwha_k": 12412.97, "pvarea_solar": 101.98, "schatten_klasse": "sonnig", "gruendach_eignung": "sehr gut geeignet" }, "geometry": { "type": "Polygon", "coordinates": [ [ [ 10.006867559115166, 53.497600745890551 ], [ 10.006854852883329, 53.497565211221939 ], [ 10.006784121167021, 53.497574202822058 ], [ 10.006796842627931, 53.497609746358684 ], [ 10.006867559115166, 53.497600745890551 ] ] ] } },
{ "type": "Feature", "properties": { "gebaeude_id": "DEHHALKA4xn0009Y", "dachneig": 0.0, "dachfl_2d": 10.446, "dachfl_3d": 10.446, "area_m2": 10.4, "expo_klasse": "sonnig", "schatten": 9.94, "solar_eignung": "Eignung 2 (geeignet, hohe Einstrahlung)", "ertkwha_k": 19631.82, "pvarea_solar": 159.44, "schatten_klasse": "sonnig", "gruendach_eignung": "sehr gut geeignet" }, "geometry": { "type": "Polygon", "coordinates": [ [ [ 10.006820099162388, 53.497472098439438 ], [ 10.00675041456666, 53.497480739614957 ], [ 10.006757207386544, 53.497500206682119 ], [ 10.006826892012691, 53.497491565502521 ], [ 10.006820099162388, 53.497472098439438 ] ] ] } },
{ "type": "Feature", "properties": { "gebaeude_id": "DEHHALKA4xn0009Z", "dachneig": 0.0, "dachfl_2d": 20.579, "dachfl_3d": 20.579, "area_m2": 20.6, "expo_klasse": "sonnig", "schatten": 9.94, "solar_eignung": "Eignung 3 (geeignet, mittlere Einstrahlung)", "ertkwha_k": 3512.98, "pvarea_solar": 28.48, "schatten_klasse": "sonnig", "gruendach_eignung": "sehr gut geeignet" }, "geometry": { "type": "Polygon", "coordinates": [ [ [ 10.006734190544327, 53.497430977881834 ], [ 10.006747703565148, 53.497470029487495 ], [ 10.006816187254335, 53.497461605178003 ], [ 10.006802674173459, 53.497422553580314 ], [ 10.006734190544327, 53.497430977881834 ] ] ] } },
{ "type": "Feature", "properties": { "gebaeude_id": "DEHHALKA4xn0009a", "dachneig": 0.0, "dachfl_2d": 20.544, "dachfl_3d": 20.544, "area_m2": 20.5, "expo_klasse": "sonnig", "schatten": 10.11, "solar_eignung": "Eignung 3 (geeignet, mittlere Einstrahlung)", "ertkwha_k": 13130.74, "pvarea_solar": 106.96, "schatten_klasse": "sonnig", "gruendach_eignung": "sehr gut geeignet" }, "geometry": { "type": "Polygon", "coordinates": [ [ [ 10.006785515630304, 53.497372799725241 ], [ 10.006717674607943, 53.497380346664137 ], [ 10.006730071011596, 53.497419991966979 ], [ 10.006797912307732, 53.497412454008064 ], [ 10.006785515630304, 53.497372799725241 ] ] ] } },
{ "type": "Feature", "properties": { "gebaeude_id": "DEHHALKA4xn0009b", "dachneig": 0.0, "dachfl_2d": 21.428, "dachfl_3d": 21.428, "area_m2": 21.4, "expo_klasse": "sonnig", "schatten": 10.11, "solar_eignung": "Eignung 3 (geeignet, mittlere Einstrahlung)", "ertkwha_k": 13130.74, "pvarea_solar": 106.96, "schatten_klasse": "sonnig", "gruendach_eignung": "sehr gut geeignet" }, "geometry": { "type": "Polygon", "coordinates": [ [ [ 10.006697473878242, 53.497330079074622 ], [ 10.006710994114039, 53.497370074477487 ], [ 10.00678074478764, 53.497361684461822 ], [ 10.006767224489076, 53.497321689067071 ], [ 10.006697473878242, 53.497330079074622 ] ] ] } },
{ "type": "Feature", "properties": { "gebaeude_id": "DEHHALKA4xn0009d", "dachneig": 0.0, "dachfl_2d": 11.171, "dachfl_3d": 11.171, "area_m2": 11.2, "expo_klasse": "sonnig", "schatten": 10.11, "solar_eignung": "Eignung 3 (geeignet, mittlere Einstrahlung)", "ertkwha_k": 13130.74, "pvarea_solar": 106.96, "schatten_klasse": "sonnig", "gruendach_eignung": "sehr gut geeignet" }, "geometry": { "type": "Polygon", "coordinates": [ [ [ 10.006764187953646, 53.497312509825356 ], [ 10.006756921445799, 53.497291500626091 ], [ 10.006687821757875, 53.497300002003648 ], [ 10.006695088233126, 53.497321011207234 ], [ 10.006764187953646, 53.497312509825356 ] ] ] } },
{ "type": "Feature", "properties": { "gebaeude_id": "DEHHALKA4xn0009e", "dachneig": 0.0, "dachfl_2d": 28.489, "dachfl_3d": 28.489, "area_m2": 28.5, "expo_klasse": "sonnig", "schatten": 10.11, "solar_eignung": "Eignung 3 (geeignet, mittlere Einstrahlung)", "ertkwha_k": 13130.74, "pvarea_solar": 106.96, "schatten_klasse": "sonnig", "gruendach_eignung": "sehr gut geeignet" }, "geometry": { "type": "Polygon", "coordinates": [ [ [ 10.00672153898822, 53.497183282463851 ], [ 10.006650971543118, 53.497192182713704 ], [ 10.006669548306785, 53.497244540466554 ], [ 10.006740100975255, 53.497235649319769 ], [ 10.00672153898822, 53.497183282463851 ] ] ] } },
{ "type": "Feature", "properties": { "gebaeude_id": "DEHHALKA4xn0009e", "dachneig": 0.0, "dachfl_2d": 27.681, "dachfl_3d": 27.681, "area_m2": 27.7, "expo_klasse": "sonnig", "schatten": 10.22, "solar_eignung": "Eignung 3 (geeignet, mittlere Einstrahlung)", "ertkwha_k": 4751.94, "pvarea_solar": 39.6, "schatten_klasse": "sonnig", "gruendach_eignung": "sehr gut geeignet" }, "geometry": { "type": "Polygon", "coordinates": [ [ [ 10.006668632476282, 53.49724724490396 ], [ 10.006686431403081, 53.497298584449801 ], [ 10.006756492520942, 53.49728994013887 ], [ 10.006738678441126, 53.497238600730711 ], [ 10.006668632476282, 53.49724724490396 ] ] ] } },
{ "type": "Feature", "properties": { "gebaeude_id": "DEHHALKAJ00058qk", "dachneig": 0.0, "dachfl_2d": 1783.809, "dachfl_3d": 1783.809, "area_m2": 1783.8, "expo_klasse": "sonnig", "schatten": 10.22, "solar_eignung": "Eignung 3 (geeignet, mittlere Einstrahlung)", "ertkwha_k": 4751.94, "pvarea_solar": 39.6, "schatten_klasse": "sonnig", "gruendach_eignung": "sehr gut geeignet" }, "geometry": { "type": "Polygon", "coordinates": [ [ [ 10.007283678982688, 53.499775032965793 ], [ 10.007283829766745, 53.499775669919593 ], [ 10.007308175519309, 53.499773666938687 ], [ 10.007230954358528, 53.499481678264111 ], [ 10.007120866149922, 53.4991196089507 ], [ 10.006919953878544, 53.498467651801086 ], [ 10.006788554326286, 53.498043862870318 ], [ 10.00665774604974, 53.498075779169056 ], [ 10.00702480271589, 53.499267218948098 ], [ 10.007123096816535, 53.499592217879659 ], [ 10.007176441454137, 53.499785177385249 ], [ 10.007199672869069, 53.499783228761459 ], [ 10.007199506374082, 53.499782564972691 ], [ 10.007283678982688, 53.499775032965793 ] ] ] } },
{ "type": "Feature", "properties": { "gebaeude_id": "DEHHALKAJ0000wUS", "dachneig": 4.672, "dachfl_2d": 895.814, "dachfl_3d": 898.41, "area_m2": 847.2, "expo_klasse": "sonnig", "schatten": 10.29, "solar_eignung": "Eignung 3 (geeignet, mittlere Einstrahlung)", "ertkwha_k": 789.2, "pvarea_solar": 6.62, "schatten_klasse": "sonnig", "gruendach_eignung": "sehr gut geeignet" }, "geometry": { "type": "Polygon", "coordinates": [ [ [ 10.00970866704084, 53.498994698981896 ], [ 10.009710014963439, 53.499008917309446 ], [ 10.009938717028041, 53.499000701779472 ], [ 10.009937312917483, 53.498986025485863 ], [ 10.009988410582146, 53.498984353240743 ], [ 10.009989776661261, 53.498998697259253 ], [ 10.01005020904717, 53.498996505646232 ], [ 10.010055691941099, 53.498996306628847 ], [ 10.010053130583181, 53.498888545266688 ], [ 10.008955124754431, 53.498927855026537 ], [ 10.008967293491335, 53.499036538150342 ], [ 10.009097962178368, 53.499031704609131 ], [ 10.009096573429753, 53.499017028177114 ], [ 10.009147656096598, 53.499015356418361 ], [ 10.009149021893174, 53.4990297004477 ], [ 10.009377983976172, 53.49902099838603 ], [ 10.009376634883342, 53.499006726130595 ], [ 10.009427732598116, 53.499005054124957 ], [ 10.009429062578935, 53.499019155748783 ], [ 10.009658954662576, 53.499010894748466 ], [ 10.00965756935113, 53.49899637110753 ], [ 10.00970866704084, 53.498994698981896 ] ], [ [ 10.009107817203889, 53.498968023670365 ], [ 10.009108316367145, 53.498971902738695 ], [ 10.009091765806829, 53.498972653721331 ], [ 10.009091266858499, 53.498968783640201 ], [ 10.009107817203889, 53.498968023670365 ] ], [ [ 10.009125625772112, 53.498966920479653 ], [ 10.009141189631064, 53.498966519407745 ], [ 10.009141487167973, 53.498970795697758 ], [ 10.009125938166898, 53.498971187655172 ], [ 10.009125625772112, 53.498966920479653 ] ], [ [ 10.009406624820224, 53.498956754271092 ], [ 10.009422576937235, 53.498956197069369 ], [ 10.009422995725663, 53.498960499302022 ], [ 10.009407043607014, 53.498961056503816 ], [ 10.009406624820224, 53.498956754271092 ] ], [ [ 10.009388862199842, 53.498961695452842 ], [ 10.009373138521239, 53.49896234960088 ], [ 10.009372610171923, 53.49895787750075 ], [ 10.009388348921707, 53.498957223225489 ], [ 10.009388862199842, 53.498961695452842 ] ], [ [ 10.009670173828566, 53.49895136418111 ], [ 10.009653708599547, 53.498951898782963 ], [ 10.009653281887188, 53.498947264021936 ], [ 10.009669762187281, 53.498946729292868 ], [ 10.009670173828566, 53.49895136418111 ] ], [ [ 10.009685827045146, 53.498950917338021 ], [ 10.009685302631924, 53.498945977773722 ], [ 10.009702052106887, 53.498945350875609 ], [ 10.009702576735563, 53.498950299427115 ], [ 10.009685827045146, 53.498950917338021 ] ], [ [ 10.009988636963767, 53.498922200825078 ], [ 10.009970590811459, 53.498922820741647 ], [ 10.009970051413577, 53.49891725206944 ], [ 10.009988112850024, 53.498916641012833 ], [ 10.009988636963767, 53.498922200825078 ] ], [ [ 10.009402508342598, 53.498983378732966 ], [ 10.009416485497869, 53.498982820232158 ], [ 10.009418068937611, 53.498996802857661 ], [ 10.009404076918434, 53.498997370473234 ], [ 10.009402508342598, 53.498983378732966 ] ] ] } },
{ "type": "Feature", "properties": { "gebaeude_id": "DEHHALKA1fo000Be", "dachneig": 10.065, "dachfl_2d": 58.314, "dachfl_3d": 59.099, "area_m2": 58.3, "expo_klasse": "sonnig", "schatten": 11.05, "solar_eignung": "Eignung 2 (geeignet, hohe Einstrahlung)", "ertkwha_k": 20845.86, "pvarea_solar": 161.13, "schatten_klasse": "sonnig", "gruendach_eignung": "sehr gut geeignet" }, "geometry": { "type": "Polygon", "coordinates": [ [ [ 10.008574385648544, 53.49860143873186 ], [ 10.008577622659448, 53.498601258603692 ], [ 10.008577640291817, 53.498601366323847 ], [ 10.00864411941863, 53.49859988846913 ], [ 10.008634808850292, 53.498492808213243 ], [ 10.008560146980249, 53.498489339201832 ], [ 10.00856658127474, 53.498540028266788 ], [ 10.008574385648544, 53.49860143873186 ] ] ] } },
{ "type": "Feature", "properties": { "gebaeude_id": "DEHHALKA1fo000Be", "dachneig": 0.653, "dachfl_2d": 103.625, "dachfl_3d": 103.635, "area_m2": 103.6, "expo_klasse": "sonnig", "schatten": 11.12, "solar_eignung": "Eignung 6 (geringe Einstrahlung / weniger geeignet / vor Ort zu prüfen)", "ertkwha_k": 134.18, "pvarea_solar": 1.12, "schatten_klasse": "sonnig", "gruendach_eignung": "sehr gut geeignet" }, "geometry": { "type": "Polygon", "coordinates": [ [ [ 10.008645360608503, 53.498614071752549 ], [ 10.00864411941863, 53.49859988846913 ], [ 10.008577640291817, 53.498601366323847 ], [ 10.008577716367068, 53.49860203087384 ], [ 10.008578128027036, 53.498606036529878 ], [ 10.008581354902935, 53.498636554194945 ], [ 10.008581841785833, 53.49864118845187 ], [ 10.008578302250513, 53.498641326187389 ], [ 10.00857794604684, 53.498637751539277 ], [ 10.008574385648544, 53.49860143873186 ], [ 10.008490867929462, 53.498604696320577 ], [ 10.008497198205927, 53.498665615838512 ], [ 10.008498704841424, 53.498665576159276 ], [ 10.008500152733005, 53.498685294972972 ], [ 10.008500514265974, 53.498685282933536 ], [ 10.008502100663531, 53.498698132921646 ], [ 10.008502177164409, 53.498698815446247 ], [ 10.008652227733231, 53.49869315366314 ], [ 10.008645360608503, 53.498614071752549 ] ], [ [ 10.008569035627799, 53.498623749825875 ], [ 10.008567807975162, 53.498614582334113 ], [ 10.008574674743297, 53.498614254720415 ], [ 10.008575917470134, 53.49862342208489 ], [ 10.008569035627799, 53.498623749825875 ] ], [ [ 10.008528749683521, 53.498615343373707 ], [ 10.008514458668095, 53.498616012288302 ], [ 10.008513558004896, 53.49860918818689 ], [ 10.008527864090794, 53.498608519145286 ], [ 10.008528749683521, 53.498615343373707 ] ] ] } },
{ "type": "Feature", "properties": { "gebaeude_id": "DEHHALKA1fo000Be", "dachneig": 0.0, "dachfl_2d": 75.509, "dachfl_3d": 75.509, "area_m2": 75.5, "expo_klasse": "sonnig", "schatten": 11.27, "solar_eignung": "Eignung 6 (geringe Einstrahlung / weniger geeignet / vor Ort zu prüfen)", "ertkwha_k": 60.35, "pvarea_solar": 0.5, "schatten_klasse": "sonnig", "gruendach_eignung": "sehr gut geeignet" }, "geometry": { "type": "Polygon", "coordinates": [ [ [ 10.007370789927064, 53.498325079644317 ], [ 10.007370215462487, 53.498325012573225 ], [ 10.007310101626217, 53.498326615859732 ], [ 10.007309955107823, 53.498326158651473 ], [ 10.007309006383728, 53.498326202603053 ], [ 10.007301355874189, 53.498326536749019 ], [ 10.007316500660218, 53.498475097476863 ], [ 10.007385705561525, 53.49847223101014 ], [ 10.007370789927064, 53.498325079644317 ] ], [ [ 10.007361501733335, 53.498393061428999 ], [ 10.00734757565872, 53.498393223740166 ], [ 10.007347466475544, 53.498389889711937 ], [ 10.007361407621715, 53.498389727273739 ], [ 10.007361501733335, 53.498393061428999 ] ] ] } },
{ "type": "Feature", "properties": { "gebaeude_id": "DEHHALKA1fo000Be", "dachneig": 0.0, "dachfl_2d": 50.157, "dachfl_3d": 50.157, "area_m2": 50.2, "expo_klasse": "sonnig", "schatten": 11.4, "solar_eignung": "Eignung 6 (geringe Einstrahlung / weniger geeignet / vor Ort zu prüfen)", "ertkwha_k": 90.42, "pvarea_solar": 0.76, "schatten_klasse": "sonnig", "gruendach_eignung": "sehr gut geeignet" }, "geometry": { "type": "Polygon", "coordinates": [ [ [ 10.007384741126335, 53.498477335946312 ], [ 10.007406794249594, 53.498690901389622 ], [ 10.00740942000224, 53.498692281555577 ], [ 10.007497892945532, 53.498738413901158 ], [ 10.007500655637584, 53.498739846845332 ], [ 10.008502591591045, 53.498702937937125 ], [ 10.00850263680935, 53.498702937555592 ], [ 10.008502100663531, 53.498698132921646 ], [ 10.007502684960615, 53.498735146430143 ], [ 10.007414078494687, 53.498689105104255 ], [ 10.007391805105607, 53.498477060672855 ], [ 10.007386140756191, 53.498477234259397 ], [ 10.007384741126335, 53.498477335946312 ] ] ] } },
{ "type": "Feature", "properties": { "gebaeude_id": "DEHHALKA1fo000Be", "dachneig": 0.198, "dachfl_2d": 4183.612, "dachfl_3d": 4183.854, "area_m2": 4183.6, "expo_klasse": "sonnig", "schatten": 11.81, "solar_eignung": "Eignung 6 (geringe Einstrahlung / weniger geeignet / vor Ort zu prüfen)", "ertkwha_k": 33.46, "pvarea_solar": 0.26, "schatten_klasse": "sonnig", "gruendach_eignung": "sehr gut geeignet" }, "geometry": { "type": "Polygon", "coordinates": [ [ [ 10.007389375377883, 53.498239742489616 ], [ 10.007369647092299, 53.498240618896794 ], [ 10.007378650387427, 53.498324698778951 ], [ 10.007378667590544, 53.498324788524812 ], [ 10.007393583465177, 53.498471948876798 ], [ 10.007394019032992, 53.498476331876425 ], [ 10.007414222989938, 53.49847580203069 ], [ 10.007435804623864, 53.498682827393722 ], [ 10.007511018400482, 53.498721646503618 ], [ 10.008497561924461, 53.49868538874513 ], [ 10.008495827438527, 53.49866566336037 ], [ 10.008439177200936, 53.498667759356202 ], [ 10.008423430064829, 53.498516219467433 ], [ 10.008480998896205, 53.4985140887607 ], [ 10.008458938277728, 53.498299795436935 ], [ 10.008458799498595, 53.49829839431132 ], [ 10.008438252450075, 53.498098956146237 ], [ 10.00843825181027, 53.498098929184401 ], [ 10.008396474814347, 53.498100090661289 ], [ 10.008396444669279, 53.498100090915607 ], [ 10.008219731310763, 53.498105914366995 ], [ 10.008210436874025, 53.498106217492584 ], [ 10.008190341810552, 53.498106881391351 ], [ 10.008190485041828, 53.498110376935479 ], [ 10.008178947564515, 53.498110815836192 ], [ 10.007948048944547, 53.498119666786415 ], [ 10.007954278930042, 53.498188470603566 ], [ 10.007955070407156, 53.498202136319904 ], [ 10.007958262812217, 53.498201983551759 ], [ 10.007961567909815, 53.498227556580133 ], [ 10.007957938823747, 53.498227731008996 ], [ 10.007961488391656, 53.498261068540735 ], [ 10.007642562281529, 53.49827309722906 ], [ 10.007639391113893, 53.498240448658045 ], [ 10.007639390687689, 53.49824043068346 ], [ 10.007628982335616, 53.498240806077746 ], [ 10.007626381587039, 53.498215047321665 ], [ 10.007636443476203, 53.498214683837418 ], [ 10.007636442836903, 53.498214656875533 ], [ 10.007635242600808, 53.498203457611247 ], [ 10.007631868683955, 53.498203584933691 ], [ 10.007627530973442, 53.49820375633719 ], [ 10.007582887342274, 53.498205463061737 ], [ 10.007582775810949, 53.49820457408304 ], [ 10.007582584811338, 53.49820287675702 ], [ 10.00758222512969, 53.498199787545623 ], [ 10.007574409885006, 53.498132767923359 ], [ 10.007578823164458, 53.498132604873817 ], [ 10.007578680948916, 53.498130421726252 ], [ 10.007529563396545, 53.498132274013763 ], [ 10.007451280045647, 53.498134992358125 ], [ 10.007444817961156, 53.498135217616827 ], [ 10.007378966913652, 53.49813772325782 ], [ 10.007387095828756, 53.498217351926606 ], [ 10.007389041381145, 53.498236464290571 ], [ 10.007389375377883, 53.498239742489616 ] ] ] } },
{ "type": "Feature", "properties": { "gebaeude_id": "DEHHALKA1fo000Be", "dachneig": 7.433, "dachfl_2d": 192.294, "dachfl_3d": 193.728, "area_m2": 192.3, "expo_klasse": "sonnig", "schatten": 12.02, "solar_eignung": "Eignung 6 (geringe Einstrahlung / weniger geeignet / vor Ort zu prüfen)", "ertkwha_k": 31.92, "pvarea_solar": 0.27, "schatten_klasse": "sonnig", "gruendach_eignung": "sehr gut geeignet" }, "geometry": { "type": "Polygon", "coordinates": [ [ [ 10.007634893299768, 53.498200170552771 ], [ 10.007634875883094, 53.498200071819703 ], [ 10.007635116831443, 53.498200060799391 ], [ 10.007954278930042, 53.498188470603566 ], [ 10.007948048944547, 53.498119666786415 ], [ 10.007813094479088, 53.498124840846195 ], [ 10.007806768477673, 53.49812508295522 ], [ 10.007806404730919, 53.498121822986135 ], [ 10.007797382659158, 53.4981221687285 ], [ 10.007589902340776, 53.498130003526207 ], [ 10.007578680948916, 53.498130421726252 ], [ 10.007578823164458, 53.498132604873817 ], [ 10.007586938816345, 53.498202120927623 ], [ 10.007634893299768, 53.498200170552771 ] ] ] } },
{ "type": "Feature", "properties": { "gebaeude_id": "DEHHALKA1fo000Be", "dachneig": 0.0, "dachfl_2d": 1407.507, "dachfl_3d": 1407.507, "area_m2": 1407.5, "expo_klasse": "sonnig", "schatten": 12.57, "solar_eignung": "Eignung 3 (geeignet, mittlere Einstrahlung)", "ertkwha_k": 4066.95, "pvarea_solar": 33.87, "schatten_klasse": "sonnig", "gruendach_eignung": "sehr gut geeignet" }, "geometry": { "type": "Polygon", "coordinates": [ [ [ 10.009412513808922, 53.498531916556765 ], [ 10.009410007804805, 53.498513366279134 ], [ 10.009396716949295, 53.498505999604028 ], [ 10.009396420069441, 53.498503655961066 ], [ 10.009394671637205, 53.498503670726301 ], [ 10.009383259817989, 53.498402774774121 ], [ 10.009132455098333, 53.498412056790677 ], [ 10.009136525971996, 53.498450801315414 ], [ 10.008860990345402, 53.498461082592549 ], [ 10.008856920361771, 53.498422365019174 ], [ 10.008639179075432, 53.498431124223345 ], [ 10.008638640008629, 53.498428737676925 ], [ 10.008553671818616, 53.498431845747319 ], [ 10.008559994617453, 53.498488001114531 ], [ 10.008638370480654, 53.498491061244138 ], [ 10.008651301612399, 53.498614120498786 ], [ 10.008645360608503, 53.498614071752549 ], [ 10.008652227733231, 53.49869315366314 ], [ 10.008748356467304, 53.498690212020257 ], [ 10.008748493893641, 53.49868901531282 ], [ 10.008735326914225, 53.498689405095114 ], [ 10.008735210228432, 53.498686394738094 ], [ 10.009412568312241, 53.498661781343785 ], [ 10.009401483986775, 53.498541672964613 ], [ 10.009412771364939, 53.498533874001296 ], [ 10.009412513808922, 53.498531916556765 ] ] ] } },
{ "type": "Feature", "properties": { "gebaeude_id": "DEHHALKA1fo000Be", "dachneig": 6.017, "dachfl_2d": 32.246, "dachfl_3d": 32.423, "area_m2": 32.2, "expo_klasse": "sonnig", "schatten": 12.57, "solar_eignung": "Eignung 3 (geeignet, mittlere Einstrahlung)", "ertkwha_k": 4066.95, "pvarea_solar": 33.87, "schatten_klasse": "sonnig", "gruendach_eignung": "sehr gut geeignet" }, "geometry": { "type": "Polygon", "coordinates": [ [ [ 10.007311665100612, 53.498305442390986 ], [ 10.007316599163412, 53.498320888993099 ], [ 10.0073168112982, 53.498321570375367 ], [ 10.007317006869124, 53.498322188973695 ], [ 10.007322805573741, 53.498321960323572 ], [ 10.007369843331558, 53.498320125650331 ], [ 10.007369824211107, 53.498319955018943 ], [ 10.007368368445425, 53.498306240963842 ], [ 10.007361906323588, 53.498245412390858 ], [ 10.007327555310722, 53.498249495282543 ], [ 10.007325961874585, 53.498249688492876 ], [ 10.007323451352539, 53.498249988311898 ], [ 10.007295083468104, 53.498253355579159 ], [ 10.007311665100612, 53.498305442390986 ] ] ] } },
{ "type": "Feature", "properties": { "gebaeude_id": "DEHHALKA1fo000Be", "dachneig": 0.0, "dachfl_2d": 1185.834, "dachfl_3d": 1185.834, "area_m2": 1134.1, "expo_klasse": "sonnig", "schatten": 12.73, "solar_eignung": "Eignung 6 (geringe Einstrahlung / weniger geeignet / vor Ort zu prüfen)", "ertkwha_k": 118.34, "pvarea_solar": 1.0, "schatten_klasse": "sonnig", "gruendach_eignung": "sehr gut geeignet" }, "geometry": { "type": "Polygon", "coordinates": [ [ [ 10.010025029664048, 53.498095697866006 ], [ 10.009664682540432, 53.49810856737453 ], [ 10.009692785593147, 53.498384034094705 ], [ 10.009787279416541, 53.498380206515577 ], [ 10.009815201870936, 53.49865056892623 ], [ 10.010047283836979, 53.498642558544553 ], [ 10.010046841844339, 53.498623962699604 ], [ 10.01000734957432, 53.498625492930351 ], [ 10.010005185946182, 53.49860550151849 ], [ 10.010046365119917, 53.498603905569873 ], [ 10.010042282049849, 53.49843211840097 ], [ 10.01003164808033, 53.498432516760559 ], [ 10.010030439516528, 53.498420993981789 ], [ 10.01004200733812, 53.498420560379742 ], [ 10.010037050149604, 53.498211993859933 ], [ 10.010025029664048, 53.498095697866006 ] ], [ [ 10.00979872268608, 53.498334562166036 ], [ 10.009798777874011, 53.498337519107558 ], [ 10.009786537829774, 53.498337577568243 ], [ 10.009786482856224, 53.498334629614 ], [ 10.00979872268608, 53.498334562166036 ] ], [ [ 10.009893873926353, 53.498405347312172 ], [ 10.009888783854155, 53.49840557908886 ], [ 10.009887802822005, 53.498397919691271 ], [ 10.009892892893266, 53.498397687914604 ], [ 10.009893873926353, 53.498405347312172 ] ], [ [ 10.009798202786596, 53.498328543873818 ], [ 10.009798624606603, 53.498328531321086 ], [ 10.009798916561866, 53.498331935716386 ], [ 10.009798298797616, 53.498331949924498 ], [ 10.009786081515616, 53.498332331799759 ], [ 10.009785789774932, 53.498328936391722 ], [ 10.009785985505546, 53.498328925749071 ], [ 10.009798202786596, 53.498328543873818 ] ], [ [ 10.010011772756577, 53.498559143103478 ], [ 10.010011428262903, 53.498552260378283 ], [ 10.01002274508836, 53.498552047892616 ], [ 10.010023089583866, 53.498558930617783 ], [ 10.010011772756577, 53.498559143103478 ] ], [ [ 10.009995152278547, 53.498279750083306 ], [ 10.009994554621221, 53.498279341635694 ], [ 10.009994030831747, 53.498278869640338 ], [ 10.009993641841408, 53.498278360549605 ], [ 10.009993372577521, 53.498277814490855 ], [ 10.009993223894515, 53.498277267413243 ], [ 10.009993225937626, 53.498276719061998 ], [ 10.009993348988793, 53.49827618766642 ], [ 10.009993563329987, 53.498275691455802 ], [ 10.009993884461029, 53.498275248277288 ], [ 10.009994266736873, 53.498274840538436 ], [ 10.009994695512161, 53.498274486341153 ], [ 10.009995185218653, 53.49827415859626 ], [ 10.00999578107419, 53.498273856921678 ], [ 10.009996452933567, 53.498273581572114 ], [ 10.009997231582757, 53.498273359254625 ], [ 10.009998071590392, 53.498273181364091 ], [ 10.009998973597227, 53.49827307486229 ], [ 10.009999907671691, 53.498273048991315 ], [ 10.010000858527524, 53.498273094891147 ], [ 10.010001766087976, 53.498273222058515 ], [ 10.010002645425631, 53.49827343036614 ], [ 10.010003435822814, 53.498273702348868 ], [ 10.010004152138617, 53.498274028892055 ], [ 10.010004748727939, 53.498274392403225 ], [ 10.01000525530884, 53.49827477465314 ], [ 10.010005656808692, 53.498275175769145 ], [ 10.010005952800322, 53.498275577776703 ], [ 10.010006173856105, 53.498275998395613 ], [ 10.01000632040323, 53.498276455600461 ], [ 10.010006377155539, 53.498276940531326 ], [ 10.010006329040387, 53.498277453315545 ], [ 10.010006160557943, 53.498277976105946 ], [ 10.010005856208444, 53.498278491055338 ], [ 10.010005430850843, 53.498278989049055 ], [ 10.010004884057958, 53.498279452112605 ], [ 10.010004245547771, 53.49827986201668 ], [ 10.010003500034133, 53.498280209901317 ], [ 10.010002707593827, 53.49828048626982 ], [ 10.010001883299497, 53.498280690994854 ], [ 10.010001057296357, 53.498280823821673 ], [ 10.010000244657009, 53.498280884622929 ], [ 10.00999946088127, 53.49828089124577 ], [ 10.009998736114396, 53.498280843435474 ], [ 10.00999802535215, 53.498280750561428 ], [ 10.00999728294946, 53.498280595031233 ], [ 10.009996539265178, 53.498280385577303 ], [ 10.009995824017336, 53.498280103970458 ], [ 10.009995152278547, 53.498279750083306 ] ], [ [ 10.00999899150181, 53.498496471361399 ], [ 10.009990567578791, 53.498496614454993 ], [ 10.009990077358662, 53.498486137328555 ], [ 10.00999848620688, 53.498485994362404 ], [ 10.00999899150181, 53.498496471361399 ] ], [ [ 10.009909699176037, 53.498403901197406 ], [ 10.009897320133279, 53.498404455243218 ], [ 10.009896447049018, 53.498397532038311 ], [ 10.009896262790608, 53.49839612230938 ], [ 10.00990865690358, 53.498395568136281 ], [ 10.009909699176037, 53.498403901197406 ] ], [ [ 10.009965886097712, 53.498222476242596 ], [ 10.009964064268859, 53.498202275191844 ], [ 10.010017286224345, 53.498200584981149 ], [ 10.010019092792195, 53.498220777171035 ], [ 10.009965886097712, 53.498222476242596 ] ], [ [ 10.009718625587345, 53.498232403727869 ], [ 10.009715628236558, 53.498200158245965 ], [ 10.009749837998307, 53.49819902427884 ], [ 10.00975283537495, 53.498231269759742 ], [ 10.009718625587345, 53.498232403727869 ] ], [ [ 10.009868301480941, 53.498497162108713 ], [ 10.009832571277048, 53.498498398845044 ], [ 10.009829432611658, 53.498465920844794 ], [ 10.00986516278836, 53.498464684109479 ], [ 10.009868301480941, 53.498497162108713 ] ], [ [ 10.009721806900174, 53.49830665363244 ], [ 10.009717942506557, 53.498258855375568 ], [ 10.009793570456846, 53.498256679346987 ], [ 10.00982303837184, 53.498255837113305 ], [ 10.009843828524858, 53.498255238980306 ], [ 10.009847693059635, 53.498303037232446 ], [ 10.009826902669742, 53.49830362637897 ], [ 10.009797434935267, 53.49830447760101 ], [ 10.009721806900174, 53.49830665363244 ] ] ] } },
{ "type": "Feature", "properties": { "gebaeude_id": "DEHHALKA1fo000Be", "dachneig": 0.0, "dachfl_2d": 2591.44, "dachfl_3d": 2591.44, "area_m2": 2591.4, "expo_klasse": "sonnig", "schatten": 12.73, "solar_eignung": "Eignung 6 (geringe Einstrahlung / weniger geeignet / vor Ort zu prüfen)", "ertkwha_k": 118.34, "pvarea_solar": 1.0, "schatten_klasse": "sonnig", "gruendach_eignung": "sehr gut geeignet" }, "geometry": { "type": "Polygon", "coordinates": [ [ [ 10.010024601519147, 53.498091638418927 ], [ 10.00999159244299, 53.497772211654116 ], [ 10.008039798344369, 53.497843179976464 ], [ 10.008064272703127, 53.498111027946059 ], [ 10.008210436874025, 53.498106217492584 ], [ 10.008188908823586, 53.497898418723807 ], [ 10.008609333345571, 53.497883132048095 ], [ 10.008622238884463, 53.498011477112527 ], [ 10.008747983005051, 53.498006991125472 ], [ 10.008748218915253, 53.498009308317414 ], [ 10.008886928290124, 53.4980042003859 ], [ 10.008886811535225, 53.498002457489662 ], [ 10.009643902885893, 53.497976351707457 ], [ 10.009651178421198, 53.497976101480283 ], [ 10.00966432582341, 53.498104974755144 ], [ 10.010024601519147, 53.498091638418927 ] ], [ [ 10.009729341758959, 53.498058446387191 ], [ 10.009729592457324, 53.498061383699067 ], [ 10.009716682342869, 53.498061789398555 ], [ 10.009716416572886, 53.49805885221398 ], [ 10.009729341758959, 53.498058446387191 ] ], [ [ 10.009505382839867, 53.497865670558362 ], [ 10.009507053408788, 53.497875706242404 ], [ 10.009503139263742, 53.497875937060336 ], [ 10.009501593417214, 53.497866709340244 ], [ 10.009501468695765, 53.497865901376251 ], [ 10.009505382839867, 53.497865670558362 ] ], [ [ 10.009706720569746, 53.498039715464678 ], [ 10.009706509767943, 53.498039726234531 ], [ 10.009705845852999, 53.498031452898715 ], [ 10.00971095308935, 53.498031310875419 ], [ 10.009711616791748, 53.498039575223885 ], [ 10.009706720569746, 53.498039715464678 ] ], [ [ 10.009068969918077, 53.497977089765108 ], [ 10.00906918671846, 53.497979236325264 ], [ 10.009049243522359, 53.497979944032039 ], [ 10.00904902672298, 53.497977797471854 ], [ 10.009068969918077, 53.497977089765108 ] ], [ [ 10.009712080869084, 53.498045782759007 ], [ 10.009712321815979, 53.498045771734532 ], [ 10.009712959003977, 53.498054189121348 ], [ 10.00971181391872, 53.498054216772672 ], [ 10.009707851551347, 53.498054322157472 ], [ 10.009707214577894, 53.498045913757842 ], [ 10.009712080869084, 53.498045782759007 ] ], [ [ 10.009847943560409, 53.49800271888904 ], [ 10.009856441467281, 53.498002521245546 ], [ 10.009856772934569, 53.498007588287244 ], [ 10.0098482900992, 53.498007785803402 ], [ 10.009847943560409, 53.49800271888904 ] ], [ [ 10.008710532414398, 53.497933192210255 ], [ 10.008710750836828, 53.497936678130372 ], [ 10.008698214574919, 53.497936954717815 ], [ 10.008697981294343, 53.497933477912163 ], [ 10.008710532414398, 53.497933192210255 ] ], [ [ 10.009733125089241, 53.498057785191072 ], [ 10.00974782230284, 53.498057723955974 ], [ 10.009747866257905, 53.498060842796008 ], [ 10.009733153970666, 53.498060904158443 ], [ 10.009733125089241, 53.498057785191072 ] ], [ [ 10.009682156469029, 53.49806357324082 ], [ 10.009681810641057, 53.498060438972601 ], [ 10.009697053154508, 53.498059851770769 ], [ 10.009697399197133, 53.498062995026167 ], [ 10.009682156469029, 53.49806357324082 ] ], [ [ 10.009018882291961, 53.497979346374734 ], [ 10.00903390339365, 53.497978958886279 ], [ 10.009034149640573, 53.497982345691064 ], [ 10.009019128537691, 53.497982733179619 ], [ 10.009018882291961, 53.497979346374734 ] ], [ [ 10.009712367682008, 53.498064198964407 ], [ 10.009699708247721, 53.498064368828253 ], [ 10.00969952282613, 53.498059102792794 ], [ 10.009712182258895, 53.498058932928977 ], [ 10.009712367682008, 53.498064198964407 ] ], [ [ 10.009509949026832, 53.497859887969867 ], [ 10.009520900089022, 53.49785951681671 ], [ 10.009521501923365, 53.497865813079954 ], [ 10.009510550859501, 53.497866184233146 ], [ 10.009510491765061, 53.497865600441969 ], [ 10.009509949026832, 53.497859887969867 ] ], [ [ 10.009997784828872, 53.49797313722712 ], [ 10.009997420265366, 53.497965409697137 ], [ 10.010010259256971, 53.497965184349837 ], [ 10.010010638895327, 53.497972911752434 ], [ 10.009997784828872, 53.49797313722712 ] ], [ [ 10.009686198341953, 53.498082676852555 ], [ 10.009685617995316, 53.498075382620712 ], [ 10.00969934267194, 53.49807499701091 ], [ 10.009699923020912, 53.498082291242703 ], [ 10.009686198341953, 53.498082676852555 ] ], [ [ 10.009507088713372, 53.497836576471336 ], [ 10.009518359066629, 53.497836319479774 ], [ 10.009518932592464, 53.497845231804966 ], [ 10.009507677309323, 53.497845488669292 ], [ 10.009507088713372, 53.497836576471336 ] ], [ [ 10.009995627000253, 53.497963537142873 ], [ 10.009994937129497, 53.497956711269907 ], [ 10.010009924650101, 53.497956180117129 ], [ 10.010010599450752, 53.497963006117359 ], [ 10.009995627000253, 53.497963537142873 ] ], [ [ 10.009843825787765, 53.497993746618704 ], [ 10.009857411580242, 53.49799322732779 ], [ 10.009858280986393, 53.498001265210647 ], [ 10.009847617122974, 53.498001669924406 ], [ 10.009844695191358, 53.498001784501639 ], [ 10.009843825787765, 53.497993746618704 ] ], [ [ 10.009568752681824, 53.497832990374803 ], [ 10.009569056749084, 53.497841347652667 ], [ 10.009555372453343, 53.497841526157821 ], [ 10.009555068388774, 53.497833168879957 ], [ 10.009568752681824, 53.497832990374803 ] ], [ [ 10.009531172215066, 53.497869911327761 ], [ 10.009550959587955, 53.497869627343242 ], [ 10.009551420699522, 53.497880787888157 ], [ 10.009531618248998, 53.497881072000062 ], [ 10.009531172215066, 53.497869911327761 ] ], [ [ 10.008700702754169, 53.497919836487846 ], [ 10.008699549524387, 53.497908088502037 ], [ 10.008718589410947, 53.497907433422121 ], [ 10.008719742432671, 53.497919172420424 ], [ 10.008700702754169, 53.497919836487846 ] ], [ [ 10.00999736961702, 53.498008315013351 ], [ 10.009944129930702, 53.49801051774363 ], [ 10.009941722765772, 53.497989791281853 ], [ 10.009994977498785, 53.49798758842541 ], [ 10.00999736961702, 53.498008315013351 ] ], [ [ 10.008120770641728, 53.49793095860673 ], [ 10.008122845959878, 53.49795171486808 ], [ 10.008069553770442, 53.497953611577316 ], [ 10.008067478478246, 53.497932855314914 ], [ 10.008120770641728, 53.49793095860673 ] ], [ [ 10.008134202008435, 53.498019252929254 ], [ 10.008131195772535, 53.497987852459602 ], [ 10.008166715227917, 53.497986644975171 ], [ 10.008169721489953, 53.498018045443828 ], [ 10.008134202008435, 53.498019252929254 ] ], [ [ 10.009824598904727, 53.498060760859204 ], [ 10.009826608028051, 53.498081868227146 ], [ 10.009772982030018, 53.49808367862498 ], [ 10.009770972933218, 53.498062571256007 ], [ 10.009824598904727, 53.498060760859204 ] ], [ [ 10.008703510498838, 53.497995572767337 ], [ 10.008695573469831, 53.497995900431803 ], [ 10.008695988687426, 53.497999420647474 ], [ 10.008661394208172, 53.498000854199674 ], [ 10.008657704842015, 53.497969270735759 ], [ 10.008692299082391, 53.497967828197453 ], [ 10.008692622937776, 53.497970675003067 ], [ 10.008700650397165, 53.497970346575677 ], [ 10.008702069888058, 53.497982514801144 ], [ 10.008694042639705, 53.497982852215962 ], [ 10.008694172252625, 53.497983866888291 ], [ 10.008702094206914, 53.497983539351168 ], [ 10.008703510498838, 53.497995572767337 ] ], [ [ 10.00840654475134, 53.497846576553563 ], [ 10.008411606326657, 53.497846416992815 ], [ 10.008413450363538, 53.497866950474133 ], [ 10.008361012094628, 53.497868615382544 ], [ 10.0083591831555, 53.497848081773164 ], [ 10.00836376262559, 53.49784793527062 ], [ 10.008363327323249, 53.497842932024902 ], [ 10.00840610944401, 53.49784157330803 ], [ 10.00840654475134, 53.497846576553563 ] ], [ [ 10.009584618032124, 53.497956348374665 ], [ 10.009582866849229, 53.497935939972415 ], [ 10.009586873996357, 53.497935816235312 ], [ 10.009586433851849, 53.497930615274676 ], [ 10.009630045856891, 53.49792928506659 ], [ 10.009630486006719, 53.497934486027027 ], [ 10.009636255780702, 53.497934311443274 ], [ 10.009638006989134, 53.49795471984465 ], [ 10.009584618032124, 53.497956348374665 ] ], [ [ 10.009017635630384, 53.497884935589262 ], [ 10.009018052523512, 53.497889795162955 ], [ 10.009023445695808, 53.497889632777046 ], [ 10.009025238489405, 53.49791053523483 ], [ 10.008972241232035, 53.497912151195663 ], [ 10.008970448464444, 53.49789124873697 ], [ 10.008974907570304, 53.497891112216138 ], [ 10.008974490682093, 53.497886252642317 ], [ 10.009017635630384, 53.497884935589262 ] ], [ [ 10.009704748149149, 53.497808227313556 ], [ 10.009705328870014, 53.4978136338353 ], [ 10.009709516020415, 53.497813472617125 ], [ 10.009711758331727, 53.497834245421686 ], [ 10.009659087329677, 53.497836263440263 ], [ 10.009656859902888, 53.497815481519957 ], [ 10.009661333216657, 53.497815308897181 ], [ 10.009660752714941, 53.497809911362502 ], [ 10.009704748149149, 53.497808227313556 ] ], [ [ 10.009761289454358, 53.497960213486401 ], [ 10.009761026671665, 53.497957402123781 ], [ 10.009752606271228, 53.497957688996578 ], [ 10.009750160746185, 53.497932171674599 ], [ 10.009758581141629, 53.497931884801993 ], [ 10.009758240558556, 53.497928336991897 ], [ 10.009793353168108, 53.497927141449729 ], [ 10.009796417162638, 53.497959017815916 ], [ 10.009761289454358, 53.497960213486401 ] ], [ [ 10.009411712336858, 53.497969485509799 ], [ 10.00940312485298, 53.497969719834437 ], [ 10.009401145930326, 53.497944162609421 ], [ 10.009409733409083, 53.497943928284904 ], [ 10.009409490761533, 53.497940694264713 ], [ 10.009444729309347, 53.49793972248856 ], [ 10.009447205642855, 53.497971621803728 ], [ 10.009411951996146, 53.497972593708056 ], [ 10.009411712336858, 53.497969485509799 ] ], [ [ 10.008936047460871, 53.497954166051272 ], [ 10.008936557767667, 53.497959150683812 ], [ 10.008941498347358, 53.497958974143799 ], [ 10.008943654764604, 53.497979954434783 ], [ 10.008889957116985, 53.497981917855952 ], [ 10.008887800726111, 53.49796093756386 ], [ 10.008892816455409, 53.497960751402523 ], [ 10.00889230615372, 53.497955766769763 ], [ 10.008936047460871, 53.497954166051272 ] ], [ [ 10.009149180323178, 53.497951422943366 ], [ 10.009152705580153, 53.497951321267522 ], [ 10.009152279493966, 53.497946075241394 ], [ 10.009197007321962, 53.497944753748826 ], [ 10.009197448272737, 53.497949990660253 ], [ 10.009202329413885, 53.497949850567629 ], [ 10.009204078361419, 53.497970807327583 ], [ 10.009150929244614, 53.497972379704194 ], [ 10.009149180323178, 53.497951422943366 ] ], [ [ 10.009975585094589, 53.49779135882239 ], [ 10.009983132540615, 53.497791133244561 ], [ 10.009984691106494, 53.497809772420581 ], [ 10.009977158729587, 53.497809997871158 ], [ 10.009977474311128, 53.497813761630006 ], [ 10.009935504052168, 53.497815024159109 ], [ 10.009933363292749, 53.497789648090105 ], [ 10.009938319561222, 53.497789498343487 ], [ 10.009937884074269, 53.49778449510432 ], [ 10.009970559523977, 53.497783517862018 ], [ 10.009970979942326, 53.497788521228401 ], [ 10.0099753335267, 53.497788385561861 ], [ 10.009975585094589, 53.49779135882239 ] ], [ [ 10.009321489634717, 53.497873821531329 ], [ 10.009321338875314, 53.497871917119099 ], [ 10.00933641873146, 53.497871466172711 ], [ 10.009336584350523, 53.497873361470361 ], [ 10.009337210491854, 53.497880682284482 ], [ 10.009338491011519, 53.497880644504008 ], [ 10.009339199215834, 53.497888881511415 ], [ 10.009341633166363, 53.497917095663226 ], [ 10.009308220112786, 53.497918123906956 ], [ 10.009305786184365, 53.497889909754406 ], [ 10.009305077773053, 53.497881663759443 ], [ 10.009301311789603, 53.497881785450694 ], [ 10.009300772625467, 53.497875587537187 ], [ 10.009304553894307, 53.497875474705964 ], [ 10.00930445163727, 53.497874342945174 ], [ 10.009321489634717, 53.497873821531329 ] ], [ [ 10.008802199621091, 53.498004025600224 ], [ 10.008797529227895, 53.49796033313882 ], [ 10.008796077922414, 53.497946825809798 ], [ 10.008795089695459, 53.497937584385895 ], [ 10.008855653521415, 53.49793527540362 ], [ 10.008856641761476, 53.497944516826969 ], [ 10.008858093299464, 53.497958033142503 ], [ 10.008862763541272, 53.498001716613956 ], [ 10.008802199621091, 53.498004025600224 ] ] ] } },
{ "type": "Feature", "properties": { "gebaeude_id": "DEHHALKA1fo000Be", "dachneig": 0.0, "dachfl_2d": 493.135, "dachfl_3d": 493.135, "area_m2": 493.1, "expo_klasse": "sonnig", "schatten": 12.76, "solar_eignung": "Eignung 3 (geeignet, mittlere Einstrahlung)", "ertkwha_k": 118.93, "pvarea_solar": 1.0, "schatten_klasse": "sonnig", "gruendach_eignung": "sehr gut geeignet" }, "geometry": { "type": "Polygon", "coordinates": [ [ [ 10.008039798344369, 53.497843179976464 ], [ 10.008039659580705, 53.497841778850145 ], [ 10.007781219855259, 53.497875437895779 ], [ 10.007806169297629, 53.498119523766739 ], [ 10.007806244660413, 53.498119523131308 ], [ 10.008064272703127, 53.498111027946059 ], [ 10.008039798344369, 53.497843179976464 ] ] ] } },
{ "type": "Feature", "properties": { "gebaeude_id": "DEHHALKA1fo000Be", "dachneig": 0.0, "dachfl_2d": 681.718, "dachfl_3d": 681.718, "area_m2": 681.7, "expo_klasse": "sonnig", "schatten": 12.76, "solar_eignung": "Eignung 3 (geeignet, mittlere Einstrahlung)", "ertkwha_k": 118.93, "pvarea_solar": 1.0, "schatten_klasse": "sonnig", "gruendach_eignung": "sehr gut geeignet" }, "geometry": { "type": "Polygon", "coordinates": [ [ [ 10.007796798979228, 53.498116627387446 ], [ 10.007771979693509, 53.497876756295923 ], [ 10.007339500244319, 53.497932349775454 ], [ 10.007359851270836, 53.498132643729555 ], [ 10.007444230491895, 53.49812951450275 ], [ 10.007441854038941, 53.498106216859988 ], [ 10.007526023676492, 53.498103152265216 ], [ 10.007526325350911, 53.498105702621018 ], [ 10.007528853417782, 53.498126491031016 ], [ 10.007528958925723, 53.498126490141665 ], [ 10.007796798979228, 53.498116627387446 ] ], [ [ 10.007395090925661, 53.497998795972357 ], [ 10.00739553548768, 53.498001650752904 ], [ 10.007381759042129, 53.498002396097675 ], [ 10.00738132976654, 53.497999550177305 ], [ 10.007395090925661, 53.497998795972357 ] ], [ [ 10.007589241989651, 53.49812377067142 ], [ 10.007588238578405, 53.498115149613326 ], [ 10.007593253906064, 53.498114945531803 ], [ 10.007594242245753, 53.498123566716906 ], [ 10.007589241989651, 53.49812377067142 ] ], [ [ 10.007611993644286, 53.498108621049397 ], [ 10.007612269710844, 53.498111998616196 ], [ 10.007598168825481, 53.498112414124797 ], [ 10.00759789276001, 53.498109036558006 ], [ 10.007611993644286, 53.498108621049397 ] ], [ [ 10.007624176885177, 53.498122064887994 ], [ 10.007618603445746, 53.498122255697503 ], [ 10.007617750754187, 53.498113633369066 ], [ 10.007623324192519, 53.49811344255955 ], [ 10.007624176885177, 53.498122064887994 ] ], [ [ 10.007430300965714, 53.497961005759507 ], [ 10.007419262830368, 53.497961521280061 ], [ 10.007418380839518, 53.497954840838325 ], [ 10.007429418973143, 53.497954325317835 ], [ 10.007430300965714, 53.497961005759507 ] ], [ [ 10.007677480196781, 53.498109183628848 ], [ 10.007691066695166, 53.498108691545731 ], [ 10.007691738782029, 53.498115418700493 ], [ 10.007678167354095, 53.498115910656644 ], [ 10.007677480196781, 53.498109183628848 ] ], [ [ 10.007633545496049, 53.498117895878401 ], [ 10.007633039175639, 53.498113073010842 ], [ 10.007632789744704, 53.498110818854535 ], [ 10.007652234781958, 53.498110079627743 ], [ 10.007652990536522, 53.498117156651425 ], [ 10.007633545496049, 53.498117895878401 ] ], [ [ 10.007675263891166, 53.498109175346166 ], [ 10.007675970809025, 53.498116099967099 ], [ 10.007655591057517, 53.498116838088627 ], [ 10.007654884142921, 53.49810991346753 ], [ 10.007675263891166, 53.498109175346166 ] ], [ [ 10.00756225088297, 53.498018610224477 ], [ 10.007561670720634, 53.498006857398423 ], [ 10.007581546905101, 53.498006501078962 ], [ 10.007582127286028, 53.498018262892224 ], [ 10.00756225088297, 53.498018610224477 ] ], [ [ 10.007508504849518, 53.498017265451004 ], [ 10.007506117595055, 53.497989698087082 ], [ 10.007552697317008, 53.497988271709708 ], [ 10.007555084388507, 53.498015830085308 ], [ 10.007508504849518, 53.498017265451004 ] ] ] } },
{ "type": "Feature", "properties": { "gebaeude_id": "DEHHALKA1fo000Be", "dachneig": 0.0, "dachfl_2d": 1724.72, "dachfl_3d": 1724.72, "area_m2": 1724.7, "expo_klasse": "sonnig", "schatten": 12.76, "solar_eignung": "Eignung 3 (geeignet, mittlere Einstrahlung)", "ertkwha_k": 118.93, "pvarea_solar": 1.0, "schatten_klasse": "sonnig", "gruendach_eignung": "sehr gut geeignet" }, "geometry": { "type": "Polygon", "coordinates": [ [ [ 10.00874858870645, 53.498012819927197 ], [ 10.008748558561416, 53.498012820181607 ], [ 10.008753447495275, 53.498063180698026 ], [ 10.008446623675857, 53.498073725082499 ], [ 10.008448866869873, 53.498098372193859 ], [ 10.008448871561828, 53.498098569914035 ], [ 10.008441003476118, 53.498098627307421 ], [ 10.008441023880369, 53.498098851862274 ], [ 10.008474952878354, 53.498431476192074 ], [ 10.008634963621322, 53.498425649489292 ], [ 10.008607402405524, 53.498156209649181 ], [ 10.009502820508295, 53.498123984468577 ], [ 10.009531248778922, 53.49839287745715 ], [ 10.009687497884153, 53.4983873687653 ], [ 10.009644301488706, 53.497980438372593 ], [ 10.00874858870645, 53.498012819927197 ] ], [ [ 10.008572023017626, 53.498249077735942 ], [ 10.008571895821916, 53.498244988777621 ], [ 10.008578240961558, 53.498244917259164 ], [ 10.008578368157908, 53.498249006217506 ], [ 10.008572023017626, 53.498249077735942 ] ], [ [ 10.009071274354984, 53.498044299648768 ], [ 10.009064329759648, 53.498044520079496 ], [ 10.009063876312423, 53.498039391142214 ], [ 10.009070820906926, 53.49803917071155 ], [ 10.009071274354984, 53.498044299648768 ] ], [ [ 10.009375462647602, 53.498051655198353 ], [ 10.009370174323633, 53.4980517897474 ], [ 10.009369928049464, 53.498048402943432 ], [ 10.009369598857942, 53.498044063997064 ], [ 10.009374886967484, 53.498043920460724 ], [ 10.009375462647602, 53.498051655198353 ] ], [ [ 10.009196165525113, 53.498022938896554 ], [ 10.009190619050312, 53.498022994715633 ], [ 10.009190367875821, 53.498014322372903 ], [ 10.009195914349505, 53.498014266553874 ], [ 10.009196165525113, 53.498022938896554 ] ], [ [ 10.008731659425662, 53.498094772424928 ], [ 10.008730971609834, 53.498089294890363 ], [ 10.008740398918253, 53.498088873744877 ], [ 10.008741101807811, 53.498094351152204 ], [ 10.008731659425662, 53.498094772424928 ] ], [ [ 10.008491336629156, 53.498394482730347 ], [ 10.008492433226241, 53.49840321086397 ], [ 10.008485942454874, 53.498403499344413 ], [ 10.008484845859128, 53.498394771210748 ], [ 10.008491336629156, 53.498394482730347 ] ], [ [ 10.009642263387219, 53.497998083177549 ], [ 10.009642013560203, 53.497998354960252 ], [ 10.009641718302079, 53.49799861813765 ], [ 10.009641392258397, 53.497998854607829 ], [ 10.009641020783677, 53.497999082472731 ], [ 10.009640633595831, 53.497999283503084 ], [ 10.009640200763448, 53.497999466940797 ], [ 10.009639752431463, 53.49799963253129 ], [ 10.009639288172888, 53.497999762300012 ], [ 10.009638793342251, 53.497999874348785 ], [ 10.009638282798546, 53.497999959563032 ], [ 10.00963777161425, 53.498000017815457 ], [ 10.0096372597894, 53.498000049106039 ], [ 10.009636732251474, 53.498000053562102 ], [ 10.009636204072995, 53.498000031056343 ], [ 10.009635690326444, 53.497999981461405 ], [ 10.00963519101186, 53.497999904777323 ], [ 10.009634691270236, 53.497999810118706 ], [ 10.009634220819548, 53.497999679256303 ], [ 10.009633749941862, 53.497999530419378 ], [ 10.009633323641093, 53.497999354238651 ], [ 10.009632911772339, 53.497999150968802 ], [ 10.009632544907538, 53.49799893832968 ], [ 10.009632207547238, 53.497998698474113 ], [ 10.009631900118436, 53.497998449376603 ], [ 10.009631622407625, 53.497998182049962 ], [ 10.009631389487319, 53.497997896366783 ], [ 10.009631216857059, 53.497997610174373 ], [ 10.009631073944789, 53.497997305752747 ], [ 10.009630976250046, 53.497997000949191 ], [ 10.009630908486812, 53.497996686903726 ], [ 10.00963090122714, 53.497996381336279 ], [ 10.009630938971499, 53.497996066399558 ], [ 10.009631022146879, 53.497995760068278 ], [ 10.009631150539807, 53.49799545335496 ], [ 10.009631324577271, 53.497995164234283 ], [ 10.009631543832285, 53.49799487473166 ], [ 10.009631793659388, 53.497994602948907 ], [ 10.009632089131026, 53.497994348758866 ], [ 10.009632414961205, 53.497994103301416 ], [ 10.00963278664949, 53.497993884423828 ], [ 10.009633173623779, 53.497993674406253 ], [ 10.009633606456161, 53.497993490968504 ], [ 10.009634055001584, 53.497993334365319 ], [ 10.009634519046584, 53.49799319560934 ], [ 10.009635013877157, 53.497993083560594 ], [ 10.009635509348286, 53.497992998473677 ], [ 10.009636035605, 53.497992940093951 ], [ 10.009636547429778, 53.497992908803369 ], [ 10.009637074967603, 53.497992904347299 ], [ 10.009637603145991, 53.497992926853073 ], [ 10.009638116892461, 53.497992976447989 ], [ 10.009638616206969, 53.497993053132056 ], [ 10.009639116162042, 53.497993156777923 ], [ 10.009639586612673, 53.497993287640313 ], [ 10.009640042417825, 53.497993436604531 ], [ 10.009640483791046, 53.49799361265795 ], [ 10.009640895446303, 53.497993806940521 ], [ 10.00964126252458, 53.497994028566858 ], [ 10.009641599671371, 53.497994259435117 ], [ 10.009641907313719, 53.497994517519814 ], [ 10.009642185024573, 53.497994784846497 ], [ 10.00964240265891, 53.497995061669648 ], [ 10.009642590575258, 53.497995356722036 ], [ 10.009642733274081, 53.497995652156341 ], [ 10.009642830968904, 53.497995956959919 ], [ 10.009642898732224, 53.497996271005377 ], [ 10.009642906205507, 53.497996585560102 ], [ 10.009642868247754, 53.497996891509494 ], [ 10.009642785285967, 53.497997206828138 ], [ 10.009642656679569, 53.497997504554164 ], [ 10.009642482855693, 53.497997802662134 ], [ 10.009642263387219, 53.497998083177549 ] ], [ [ 10.009650463614665, 53.498260108558767 ], [ 10.009650426297293, 53.498260441470009 ], [ 10.009650328475994, 53.498260765903204 ], [ 10.009650185223347, 53.498261081731144 ], [ 10.009650011611983, 53.498261388826378 ], [ 10.009649777496648, 53.498261687443645 ], [ 10.009649497736479, 53.498261968468313 ], [ 10.009649187617521, 53.498262240760297 ], [ 10.009648846926352, 53.498262495332405 ], [ 10.009648460590288, 53.498262732311858 ], [ 10.009648043468401, 53.498262942584191 ], [ 10.009647595560759, 53.498263126149261 ], [ 10.009647117080833, 53.498263291994419 ], [ 10.009646623101258, 53.498263439992343 ], [ 10.009646098122365, 53.498263552295832 ], [ 10.009645572502906, 53.498263637637415 ], [ 10.009645031170249, 53.498263696144519 ], [ 10.009644489197045, 53.498263727689775 ], [ 10.009643931510602, 53.49826373240051 ], [ 10.009643388042695, 53.498263701034823 ], [ 10.009642844147772, 53.498263651694622 ], [ 10.00964231447133, 53.498263566277934 ], [ 10.009641799226925, 53.498263453772104 ], [ 10.00964129862807, 53.498263323164387 ], [ 10.009640812247728, 53.498263156480242 ], [ 10.009640370658197, 53.498262971439623 ], [ 10.009639943714173, 53.498262768297145 ], [ 10.009639546274839, 53.498262537938125 ], [ 10.009639193412719, 53.498262280235387 ], [ 10.009638870482322, 53.498262013290713 ], [ 10.009638592556186, 53.498261736976801 ], [ 10.009638359207333, 53.498261433319094 ], [ 10.009638171076265, 53.498261129279449 ], [ 10.009638027949496, 53.498260815870601 ], [ 10.009637914754448, 53.49826049321981 ], [ 10.009637876708842, 53.498260160945158 ], [ 10.009637869022002, 53.498259837403189 ], [ 10.009637906552996, 53.49825951347924 ], [ 10.00963800437439, 53.498259189046045 ], [ 10.009638147627093, 53.498258873218148 ], [ 10.009638321025037, 53.498258557135621 ], [ 10.009638555140434, 53.498258258518376 ], [ 10.009638819828046, 53.49825797762108 ], [ 10.009639129947026, 53.498257705329102 ], [ 10.00963948592436, 53.498257459616987 ], [ 10.009639872260468, 53.498257222637548 ], [ 10.009640289382299, 53.498257012365272 ], [ 10.009640737076385, 53.498256819812944 ], [ 10.009641215556263, 53.498256653967793 ], [ 10.009641709749303, 53.498256514957198 ], [ 10.009642219655502, 53.498256402781038 ], [ 10.009642760133973, 53.498256308324883 ], [ 10.009643301466552, 53.498256249817764 ], [ 10.009643843439664, 53.498256218272523 ], [ 10.009644401339518, 53.498256222549017 ], [ 10.009644944593777, 53.498256244927461 ], [ 10.00964548870216, 53.498256303254955 ], [ 10.009646018164995, 53.498256379684349 ], [ 10.009646533409336, 53.49825649219013 ], [ 10.009647034221638, 53.49825663178509 ], [ 10.009647520388373, 53.498256789481928 ], [ 10.009647961977901, 53.498256974522548 ], [ 10.00964838913543, 53.498257186652289 ], [ 10.009648786574761, 53.498257417011239 ], [ 10.009649139223374, 53.498257665726712 ], [ 10.009649462153815, 53.498257932671358 ], [ 10.009649740293506, 53.498258217972513 ], [ 10.009649973428912, 53.498258512642927 ], [ 10.009650161560039, 53.498258816682487 ], [ 10.009650304900388, 53.498259139078669 ], [ 10.009650403022961, 53.498259461856726 ], [ 10.00965045592773, 53.498259785016771 ], [ 10.009650463614665, 53.498260108558767 ] ], [ [ 10.008564089433117, 53.498267338577797 ], [ 10.008563435619433, 53.498260116873965 ], [ 10.008575939059586, 53.498259723719954 ], [ 10.008576577802803, 53.498266945550888 ], [ 10.008564089433117, 53.498267338577797 ] ], [ [ 10.009595294155444, 53.498018013189466 ], [ 10.009596038575303, 53.498025234123261 ], [ 10.009583220400048, 53.498025701955363 ], [ 10.009582491268402, 53.498018489881396 ], [ 10.009595294155444, 53.498018013189466 ] ], [ [ 10.008940829648013, 53.498092728325297 ], [ 10.008940041809767, 53.498083673981895 ], [ 10.008952831785749, 53.498083287358646 ], [ 10.008953604340798, 53.498092332841892 ], [ 10.008940829648013, 53.498092728325297 ] ], [ [ 10.009465735208062, 53.49803642940622 ], [ 10.009466551723007, 53.498044782356089 ], [ 10.009451594095086, 53.498045304199046 ], [ 10.009450777583041, 53.498036951249055 ], [ 10.009465735208062, 53.49803642940622 ] ], [ [ 10.009380067593138, 53.498048137536294 ], [ 10.009379298363733, 53.498039235852588 ], [ 10.009394257271374, 53.498038767942383 ], [ 10.009395026503901, 53.498047669625983 ], [ 10.009380067593138, 53.498048137536294 ] ], [ [ 10.009584018149159, 53.498219194184003 ], [ 10.009599176050413, 53.49821885041473 ], [ 10.009599775561275, 53.498228220962716 ], [ 10.009584617870212, 53.498228573719345 ], [ 10.009584018149159, 53.498219194184003 ] ], [ [ 10.008533809976154, 53.498274641508168 ], [ 10.008532529801535, 53.498264530605304 ], [ 10.008549501916908, 53.498263767152942 ], [ 10.008550782095535, 53.498273878055564 ], [ 10.008533809976154, 53.498274641508168 ] ], [ [ 10.009557450733155, 53.498368781153701 ], [ 10.009557953381664, 53.498368363410528 ], [ 10.009558517174803, 53.498367981107187 ], [ 10.00955912682636, 53.498367625383771 ], [ 10.009559782336368, 53.498367296240268 ], [ 10.009560499204499, 53.498367011523925 ], [ 10.009561247071899, 53.498366762502073 ], [ 10.009562025938655, 53.49836654917474 ], [ 10.009562836018176, 53.498366380529106 ], [ 10.009563662237895, 53.498366256692584 ], [ 10.009564504384302, 53.498366168677862 ], [ 10.009565362884373, 53.498366134459509 ], [ 10.009566222238496, 53.498366136190249 ], [ 10.00956706780104, 53.498366191971947 ], [ 10.009567914217627, 53.498366283702772 ], [ 10.009568731556442, 53.498366420624556 ], [ 10.009569534890185, 53.498366602610055 ], [ 10.009570308932711, 53.498366820799298 ], [ 10.009571038824845, 53.498367084306807 ], [ 10.009571739425766, 53.49836738401806 ], [ 10.009572395449279, 53.49836771107308 ], [ 10.009572992036263, 53.498368074586438 ], [ 10.00957352918677, 53.498368474558092 ], [ 10.009574006473702, 53.498368893013605 ], [ 10.009574439183249, 53.498369338812815 ], [ 10.009574781883964, 53.49836980335045 ], [ 10.009575064721142, 53.498370286371937 ], [ 10.009575287481235, 53.498370778889857 ], [ 10.00957542001902, 53.498371281158931 ], [ 10.009575492479721, 53.498371792924523 ], [ 10.009575474504555, 53.498372305454005 ], [ 10.009575396025317, 53.498372809505391 ], [ 10.009575227110178, 53.498373314320617 ], [ 10.009574997690994, 53.498373810657846 ], [ 10.009574692267989, 53.498374280669765 ], [ 10.009574326340903, 53.498374742203652 ], [ 10.009573884623578, 53.498375186399514 ], [ 10.009573396834256, 53.4983755950282 ], [ 10.009572833254662, 53.498375986318862 ], [ 10.009572223603115, 53.49837634204237 ], [ 10.009571552806895, 53.498376662325974 ], [ 10.009570851224835, 53.498376955902309 ], [ 10.009570103357314, 53.498377204924296 ], [ 10.009569324490419, 53.498377418251671 ], [ 10.009568514410711, 53.498377586897305 ], [ 10.009567688190788, 53.498377710733855 ], [ 10.009566845830651, 53.498377789761307 ], [ 10.009565987543843, 53.498377832967009 ], [ 10.009565127975987, 53.49837782224899 ], [ 10.009564282626721, 53.498377775454514 ], [ 10.009563436209916, 53.49837768372371 ], [ 10.009562618870897, 53.498377546801848 ], [ 10.009561815536935, 53.498377364816299 ], [ 10.009561041280794, 53.498377137639757 ], [ 10.009560311602012, 53.498376883119427 ], [ 10.009559611001041, 53.49837658340811 ], [ 10.009558954763994, 53.498376247365769 ], [ 10.009558358176973, 53.498375883852354 ], [ 10.00955782124006, 53.498375492867865 ], [ 10.009557328667073, 53.498375065552352 ], [ 10.009556911243784, 53.498374628613014 ], [ 10.009556568329716, 53.498374155088044 ], [ 10.009556285706232, 53.498373681053856 ], [ 10.009556062732793, 53.498373179548587 ], [ 10.009555930195271, 53.49837267727947 ], [ 10.009555857734806, 53.498372165513871 ], [ 10.009555875923702, 53.498371661971724 ], [ 10.009555954189663, 53.498371148933053 ], [ 10.009556123318529, 53.498370653105091 ], [ 10.009556352737931, 53.498370156767884 ], [ 10.009556642874973, 53.498369677896093 ], [ 10.009557023874839, 53.498369216234927 ], [ 10.009557450733155, 53.498368781153701 ] ], [ [ 10.008483585216904, 53.49829972232385 ], [ 10.008484792710076, 53.498316935213708 ], [ 10.008472844806661, 53.498317233780178 ], [ 10.008471637318276, 53.498300020890163 ], [ 10.008483585216904, 53.49829972232385 ] ], [ [ 10.009619736467609, 53.498041061487648 ], [ 10.009620731941057, 53.498056945775311 ], [ 10.009602922186083, 53.498057347903128 ], [ 10.009601926505763, 53.498041454627987 ], [ 10.009619736467609, 53.498041061487648 ] ], [ [ 10.009578661150398, 53.498199939873913 ], [ 10.009575203970201, 53.498173082732372 ], [ 10.009590263092635, 53.498172389224294 ], [ 10.009593705209724, 53.498199246492682 ], [ 10.009578661150398, 53.498199939873913 ] ], [ [ 10.009329823719467, 53.498059052080755 ], [ 10.009340835765327, 53.498058707396595 ], [ 10.009339736240722, 53.498046689290618 ], [ 10.009352831707771, 53.498046470837373 ], [ 10.009355083443232, 53.498073994367694 ], [ 10.009363460573303, 53.498073788790187 ], [ 10.009363464202188, 53.498073941573914 ], [ 10.009363515813781, 53.498077383956257 ], [ 10.009355172883856, 53.498077760037489 ], [ 10.00935528465477, 53.498081831147466 ], [ 10.009355288710552, 53.498082001905772 ], [ 10.009364026302423, 53.498081739349786 ], [ 10.009364490246121, 53.498087308662399 ], [ 10.009355737153623, 53.498087553371114 ], [ 10.009355942785806, 53.498088594368092 ], [ 10.009332753610128, 53.498089104805764 ], [ 10.009329823719467, 53.498059052080755 ] ] ] } },
{ "type": "Feature", "properties": { "gebaeude_id": "DEHHALKA1fo000Be", "dachneig": 0.0, "dachfl_2d": 155.511, "dachfl_3d": 155.511, "area_m2": 155.5, "expo_klasse": "sonnig", "schatten": 12.76, "solar_eignung": "Eignung 3 (geeignet, mittlere Einstrahlung)", "ertkwha_k": 118.93, "pvarea_solar": 1.0, "schatten_klasse": "sonnig", "gruendach_eignung": "sehr gut geeignet" }, "geometry": { "type": "Polygon", "coordinates": [ [ [ 10.00978027379254, 53.498386108602581 ], [ 10.009699333382367, 53.498389318297285 ], [ 10.009712151256002, 53.498515731334727 ], [ 10.009718446604191, 53.498523714393016 ], [ 10.009719775526534, 53.498532692247828 ], [ 10.009714882501102, 53.498542486734607 ], [ 10.009726536543999, 53.498654176495791 ], [ 10.009804510688616, 53.498651099713449 ], [ 10.009804611926583, 53.498650919076539 ], [ 10.00978027379254, 53.498386108602581 ] ] ] } },
{ "type": "Feature", "properties": { "gebaeude_id": "DEHHALKA1fo000Be", "dachneig": 0.0, "dachfl_2d": 13.51, "dachfl_3d": 13.51, "area_m2": 13.5, "expo_klasse": "sonnig", "schatten": 12.82, "solar_eignung": "Eignung 6 (geringe Einstrahlung / weniger geeignet / vor Ort zu prüfen)", "ertkwha_k": 929.74, "pvarea_solar": 7.66, "schatten_klasse": "sonnig", "gruendach_eignung": "sehr gut geeignet" }, "geometry": { "type": "Polygon", "coordinates": [ [ [ 10.009412513808922, 53.498531916556765 ], [ 10.009523348631472, 53.498527393864194 ], [ 10.009521648094633, 53.498511021132494 ], [ 10.009410299562033, 53.498515494227362 ], [ 10.009412513808922, 53.498531916556765 ] ] ] } },
{ "type": "Feature", "properties": { "gebaeude_id": "DEHHALKA1fo000Be", "dachneig": 0.0, "dachfl_2d": 68.086, "dachfl_3d": 68.086, "area_m2": 68.1, "expo_klasse": "sonnig", "schatten": 12.98, "solar_eignung": "Eignung 3 (geeignet, mittlere Einstrahlung)", "ertkwha_k": 771.54, "pvarea_solar": 6.53, "schatten_klasse": "sonnig", "gruendach_eignung": "sehr gut geeignet" }, "geometry": { "type": "Polygon", "coordinates": [ [ [ 10.009390143119534, 53.498434879577374 ], [ 10.00939816871519, 53.498503650183054 ], [ 10.009396420069441, 53.498503655961066 ], [ 10.009396716949295, 53.498505999604028 ], [ 10.009410007804805, 53.498513366279134 ], [ 10.009521493993498, 53.4985096111483 ], [ 10.009513218617521, 53.498430334424228 ], [ 10.009390143119534, 53.498434879577374 ] ], [ [ 10.0094936732563, 53.498435740133623 ], [ 10.009493594263549, 53.4984355879864 ], [ 10.009493483204027, 53.498435355208287 ], [ 10.009493433289174, 53.498435157870063 ], [ 10.009493383587774, 53.498434969519096 ], [ 10.009493374621021, 53.498434592053457 ], [ 10.009493456303764, 53.498434222811262 ], [ 10.009493599131156, 53.498433889008972 ], [ 10.009493802889708, 53.498433581659363 ], [ 10.009494052506703, 53.49843330088968 ], [ 10.009494347982185, 53.498433046699958 ], [ 10.009494615020309, 53.498432864662988 ], [ 10.009494719034514, 53.498432800860975 ], [ 10.009495150590952, 53.498432563500081 ], [ 10.009495658151241, 53.498432352464526 ], [ 10.009495897605941, 53.498432278529513 ], [ 10.009496227069645, 53.498432185856146 ], [ 10.009496527028508, 53.498432120399187 ], [ 10.009496842060013, 53.498432054814984 ], [ 10.009497247954531, 53.498432006441519 ], [ 10.009497503549355, 53.498431977315619 ], [ 10.009498181392345, 53.498431953612567 ], [ 10.009498332332527, 53.498431961326872 ], [ 10.009498860729776, 53.4984319928205 ], [ 10.00949951120287, 53.498432086206691 ], [ 10.009500117738934, 53.498432233898434 ], [ 10.009500436826851, 53.498432339072458 ], [ 10.009500664838342, 53.498432418048466 ], [ 10.009500939135245, 53.498432541578971 ], [ 10.00950135122117, 53.498432753836532 ], [ 10.009501580513595, 53.498432886736204 ], [ 10.009501672657546, 53.498432957870627 ], [ 10.009501918303634, 53.498433144566654 ], [ 10.009502196016511, 53.498433411893622 ], [ 10.009502428938376, 53.498433697577028 ], [ 10.009502554857086, 53.498433921240562 ], [ 10.00950260221007, 53.498434010731458 ], [ 10.009502666984135, 53.498434198955074 ], [ 10.009502730904231, 53.498434351229577 ], [ 10.009502749819845, 53.498434512873288 ], [ 10.009502784875595, 53.498434719326077 ], [ 10.009502748624408, 53.498435097173626 ], [ 10.009502622150743, 53.498435484772273 ], [ 10.009502491834132, 53.498435710599928 ], [ 10.009502404814079, 53.498435855160167 ], [ 10.009502170269766, 53.498436135802557 ], [ 10.009502096827923, 53.498436217324581 ], [ 10.009501697551743, 53.498436544303672 ], [ 10.009501519455164, 53.498436662665881 ], [ 10.009501237130909, 53.49843683584286 ], [ 10.009500968811826, 53.498436963956152 ], [ 10.00950073021108, 53.498437073840265 ], [ 10.009500416247024, 53.498437184360874 ], [ 10.009500177005803, 53.498437267283187 ], [ 10.009499862401212, 53.498437350841961 ], [ 10.009499607660342, 53.498437415917032 ], [ 10.009499352278969, 53.498437454030224 ], [ 10.00949903682041, 53.49843750163987 ], [ 10.009498886520738, 53.498437520887421 ], [ 10.009498495271837, 53.498437551159029 ], [ 10.00949796794195, 53.498437564601808 ], [ 10.009497439758098, 53.498437542095431 ], [ 10.009496895434117, 53.498437474780012 ], [ 10.009496350256114, 53.498437371515415 ], [ 10.009496092312789, 53.498437301781287 ], [ 10.009495788724506, 53.498437214454484 ], [ 10.009495256057246, 53.498437003215301 ], [ 10.009495011905654, 53.49843687943018 ], [ 10.009494752467873, 53.498436746785082 ], [ 10.009494491962636, 53.498436569203619 ], [ 10.009494323174371, 53.498436444782023 ], [ 10.009494030602376, 53.49843618656962 ], [ 10.009493953317579, 53.498436106320653 ], [ 10.0094936732563, 53.498435740133623 ] ], [ [ 10.00943703844835, 53.49847464675954 ], [ 10.009436860991894, 53.498474792083485 ], [ 10.009436609879888, 53.498475009942091 ], [ 10.009436104667143, 53.498475319837461 ], [ 10.009435776697348, 53.4984754754216 ], [ 10.009435538096215, 53.498475585305599 ], [ 10.009435224345186, 53.498475704813309 ], [ 10.009434955171733, 53.498475796977353 ], [ 10.009434685357817, 53.498475862179525 ], [ 10.009434355680156, 53.498475945865451 ], [ 10.009434205593772, 53.498475974100216 ], [ 10.009433770407334, 53.498476058677163 ], [ 10.009433198926304, 53.498476117437917 ], [ 10.009432611518687, 53.498476140376802 ], [ 10.009432158911276, 53.498476126221 ], [ 10.009431992898252, 53.498476118633882 ], [ 10.009431358137796, 53.498476052081891 ], [ 10.009430707023729, 53.498475931733495 ], [ 10.009430069487982, 53.498475748346877 ], [ 10.009429765259085, 53.498475634058096 ], [ 10.009429445744054, 53.498475510909294 ], [ 10.009429110088918, 53.498475342951402 ], [ 10.00942888122345, 53.498475228026187 ], [ 10.009428498001981, 53.498474961590091 ], [ 10.009428390571882, 53.498474881595627 ], [ 10.00942829821448, 53.498474801473904 ], [ 10.009427989715983, 53.498474507439511 ], [ 10.009427678655722, 53.498474105557818 ], [ 10.009427472677292, 53.498473684810541 ], [ 10.009427372421076, 53.498473272159487 ], [ 10.009427362600974, 53.498472858744712 ], [ 10.009427443857426, 53.498472471528011 ], [ 10.009427471867973, 53.498472381400667 ], [ 10.009427586258475, 53.498472119751256 ], [ 10.009427774518025, 53.498471794554483 ], [ 10.009428038354455, 53.49847147770852 ], [ 10.009428377767774, 53.498471169213403 ], [ 10.009428600015319, 53.498471005533055 ], [ 10.00942879297142, 53.498470878056359 ], [ 10.009429016072884, 53.498470750325097 ], [ 10.009429298824623, 53.498470595122868 ], [ 10.009429881108648, 53.498470356489321 ], [ 10.009430195286658, 53.498470254956125 ], [ 10.009430524537322, 53.498470153295699 ], [ 10.00943094465101, 53.498470068846032 ], [ 10.00943122975103, 53.49847001250383 ], [ 10.009431801018501, 53.498469944755854 ], [ 10.009431966391015, 53.49846992538108 ], [ 10.00943213219049, 53.498469923980878 ], [ 10.009432719811503, 53.498469910029279 ], [ 10.009433006619398, 53.498469925585269 ], [ 10.009433459440228, 53.498469948728406 ], [ 10.00943382246542, 53.498469999597042 ], [ 10.009434170417961, 53.498470050592985 ], [ 10.009434534297098, 53.498470137410841 ], [ 10.00943482238589, 53.498470206890509 ], [ 10.009435156760111, 53.49847032092471 ], [ 10.009435415130474, 53.498470408633494 ], [ 10.009435658855152, 53.498470514444207 ], [ 10.0094359482248, 53.498470637847561 ], [ 10.00943607051409, 53.498470708727453 ], [ 10.009436391310041, 53.498470885799861 ], [ 10.009436774531492, 53.498471152235901 ], [ 10.009437083030054, 53.498471446270244 ], [ 10.009437299811571, 53.498471687144672 ], [ 10.009437362237156, 53.498471776508268 ], [ 10.009437487515193, 53.498471973210052 ], [ 10.009437597080144, 53.498472143077301 ], [ 10.009437661427018, 53.498472313326438 ], [ 10.009437742127471, 53.498472537371896 ], [ 10.009437776542518, 53.498472716862885 ], [ 10.009437797379206, 53.498472959392103 ], [ 10.009437787216655, 53.498473166226788 ], [ 10.009437762408325, 53.498473391163301 ], [ 10.009437678163236, 53.498473652558111 ], [ 10.009437621928701, 53.49847382382557 ], [ 10.009437433882699, 53.498474158009657 ], [ 10.009437375726804, 53.498474248391574 ], [ 10.009437302498226, 53.49847433890082 ], [ 10.00943703844835, 53.49847464675954 ] ], [ [ 10.009441835047076, 53.49845127059745 ], [ 10.009456511774347, 53.498450975855611 ], [ 10.009456982265407, 53.498459358694582 ], [ 10.009442305535231, 53.498459653436427 ], [ 10.009441835047076, 53.49845127059745 ] ], [ [ 10.009418989500544, 53.498492912182698 ], [ 10.009404478344567, 53.498493196532586 ], [ 10.009404000818675, 53.498484517113212 ], [ 10.009418511758216, 53.49848422377616 ], [ 10.009418989500544, 53.498492912182698 ] ], [ [ 10.009460148107706, 53.498482838404179 ], [ 10.009460526327366, 53.498491779345365 ], [ 10.009445531351744, 53.498492004862683 ], [ 10.009445153135237, 53.498483063921441 ], [ 10.009460148107706, 53.498482838404179 ] ] ] } },
{ "type": "Feature", "properties": { "gebaeude_id": "DEHHALKA1fo000Be", "dachneig": 0.0, "dachfl_2d": 115.792, "dachfl_3d": 115.792, "area_m2": 115.8, "expo_klasse": "sonnig", "schatten": 13.94, "solar_eignung": "Eignung 3 (geeignet, mittlere Einstrahlung)", "ertkwha_k": 641.37, "pvarea_solar": 5.29, "schatten_klasse": "sonnig", "gruendach_eignung": "sehr gut geeignet" }, "geometry": { "type": "Polygon", "coordinates": [ [ [ 10.009401483986775, 53.498541672964613 ], [ 10.009412568312241, 53.498661781343785 ], [ 10.009438338783596, 53.49866076368199 ], [ 10.00943862943169, 53.498664114154479 ], [ 10.009537242606006, 53.498660413790361 ], [ 10.009523599019406, 53.49852968396506 ], [ 10.009412771364939, 53.498533874001296 ], [ 10.009401483986775, 53.498541672964613 ] ], [ [ 10.009450346243192, 53.498536037662461 ], [ 10.009465160361932, 53.498535813672007 ], [ 10.009465532392079, 53.498544493982045 ], [ 10.009450718270314, 53.498544717972528 ], [ 10.009450346243192, 53.498536037662461 ] ], [ [ 10.009472872559147, 53.498611059056962 ], [ 10.009473333960669, 53.498619693666654 ], [ 10.009458038979719, 53.498619984642595 ], [ 10.009457577367828, 53.498611341045553 ], [ 10.009472872559147, 53.498611059056962 ] ], [ [ 10.00946869269529, 53.498567740021841 ], [ 10.009469390006693, 53.498576786136958 ], [ 10.009454218611699, 53.498577201915886 ], [ 10.009453521303545, 53.498568155800662 ], [ 10.00946869269529, 53.498567740021841 ] ] ] } },
{ "type": "Feature", "properties": { "gebaeude_id": "DEHHALKA1fo000Be", "dachneig": 4.404, "dachfl_2d": 182.275, "dachfl_3d": 182.836, "area_m2": 182.3, "expo_klasse": "sonnig", "schatten": 16.66, "solar_eignung": "Eignung 6 (geringe Einstrahlung / weniger geeignet / vor Ort zu prüfen)", "ertkwha_k": 156.34, "pvarea_solar": 1.3, "schatten_klasse": "sonnig", "gruendach_eignung": "sehr gut geeignet" }, "geometry": { "type": "Polygon", "coordinates": [ [ [ 10.009631811891232, 53.498663543247844 ], [ 10.009727158957499, 53.498660068074898 ], [ 10.009714882501102, 53.498542486734607 ], [ 10.009719775526534, 53.498532692247828 ], [ 10.009718446604191, 53.498523714393016 ], [ 10.009712151256002, 53.498515731334727 ], [ 10.009699333382367, 53.498389318297285 ], [ 10.009693399242574, 53.498389557195864 ], [ 10.00969345479866, 53.498390626427202 ], [ 10.009606692272094, 53.498393714447893 ], [ 10.009631811891232, 53.498663543247844 ] ], [ [ 10.009666481698588, 53.498542796711185 ], [ 10.009657896349005, 53.498539318545262 ], [ 10.009651746197065, 53.498534273686808 ], [ 10.009650824515274, 53.498527207065571 ], [ 10.009657738375099, 53.498520613602345 ], [ 10.009671174540328, 53.498517596632759 ], [ 10.00968417711473, 53.498518538519846 ], [ 10.009689898222723, 53.49852202290085 ], [ 10.009691957153144, 53.498538248777635 ], [ 10.009683337378101, 53.498542204874262 ], [ 10.009675151367757, 53.498543478560073 ], [ 10.009666481698588, 53.498542796711185 ] ] ] } },
{ "type": "Feature", "properties": { "gebaeude_id": "DEHHALKA1fo000Be", "dachneig": 4.332, "dachfl_2d": 189.981, "dachfl_3d": 190.543, "area_m2": 190.0, "expo_klasse": "sonnig", "schatten": 16.66, "solar_eignung": "Eignung 6 (geringe Einstrahlung / weniger geeignet / vor Ort zu prüfen)", "ertkwha_k": 156.34, "pvarea_solar": 1.3, "schatten_klasse": "sonnig", "gruendach_eignung": "sehr gut geeignet" }, "geometry": { "type": "Polygon", "coordinates": [ [ [ 10.009606692272094, 53.498393714447893 ], [ 10.009531603565858, 53.498396389191257 ], [ 10.009523725692238, 53.4983966714654 ], [ 10.009523591147632, 53.498395450086761 ], [ 10.009509629686717, 53.498396026446464 ], [ 10.009513218617521, 53.498430334424228 ], [ 10.009521493993498, 53.4985096111483 ], [ 10.009521648094633, 53.498511021132494 ], [ 10.009523348631472, 53.498527393864194 ], [ 10.009523599019406, 53.49852968396506 ], [ 10.009537940870278, 53.498666960932603 ], [ 10.009631811891232, 53.498663543247844 ], [ 10.009606692272094, 53.498393714447893 ] ], [ [ 10.00960647434108, 53.498568562901632 ], [ 10.009605860138052, 53.49856047791684 ], [ 10.009619391802627, 53.498560210805174 ], [ 10.009619990722015, 53.498568286929938 ], [ 10.00960647434108, 53.498568562901632 ] ] ] } },
{ "type": "Feature", "properties": { "gebaeude_id": "DEHHALKA1fo000Be", "dachneig": 12.0, "dachfl_2d": 31.574, "dachfl_3d": 32.289, "area_m2": 31.6, "expo_klasse": "sonnig", "schatten": 16.66, "solar_eignung": "Eignung 6 (geringe Einstrahlung / weniger geeignet / vor Ort zu prüfen)", "ertkwha_k": 156.34, "pvarea_solar": 1.3, "schatten_klasse": "sonnig", "gruendach_eignung": "sehr gut geeignet" }, "geometry": { "type": "Polygon", "coordinates": [ [ [ 10.009390143119534, 53.498434879577374 ], [ 10.009492974618864, 53.498431080701089 ], [ 10.009513218617521, 53.498430334424228 ], [ 10.009509629686717, 53.498396026446464 ], [ 10.009386075080904, 53.498400072253794 ], [ 10.009387305632462, 53.498410624032054 ], [ 10.009390143119534, 53.498434879577374 ] ] ] } },
{ "type": "Feature", "properties": { "gebaeude_id": "DEHHALKA1fo000Be", "dachneig": 5.195, "dachfl_2d": 101.642, "dachfl_3d": 102.291, "area_m2": 101.6, "expo_klasse": "sonnig", "schatten": 17.04, "solar_eignung": "Eignung 3 (geeignet, mittlere Einstrahlung)", "ertkwha_k": 997.55, "pvarea_solar": 8.32, "schatten_klasse": "sonnig", "gruendach_eignung": "sehr gut geeignet" }, "geometry": { "type": "Polygon", "coordinates": [ [ [ 10.008475285894114, 53.498434709451168 ], [ 10.008483379956195, 53.498514050693046 ], [ 10.00848145086391, 53.498514075958276 ], [ 10.008490867929462, 53.498604696320577 ], [ 10.008574385648544, 53.49860143873186 ], [ 10.00856658127474, 53.498540028266788 ], [ 10.008560146980249, 53.498489339201832 ], [ 10.008559994617453, 53.498488001114531 ], [ 10.008553671818616, 53.498431845747319 ], [ 10.008475285894114, 53.498434709451168 ] ] ] } },
{ "type": "Feature", "properties": { "gebaeude_id": "DEHHALKA1fo000Be", "dachneig": 0.0, "dachfl_2d": 522.431, "dachfl_3d": 522.431, "area_m2": 522.4, "expo_klasse": "sonnig", "schatten": 17.64, "solar_eignung": "Eignung 6 (geringe Einstrahlung / weniger geeignet / vor Ort zu prüfen)", "ertkwha_k": 917.73, "pvarea_solar": 7.69, "schatten_klasse": "sonnig", "gruendach_eignung": "sehr gut geeignet" }, "geometry": { "type": "Polygon", "coordinates": [ [ [ 10.008348829210606, 53.498096627310197 ], [ 10.008346114442432, 53.498066716574208 ], [ 10.008393361177967, 53.498064807821194 ], [ 10.008393552064829, 53.498067134382616 ], [ 10.008395908832727, 53.498094027806864 ], [ 10.008395938977834, 53.498094027552554 ], [ 10.008437744406761, 53.498092793923256 ], [ 10.008439416820078, 53.498092752846105 ], [ 10.008436901899589, 53.498068090048903 ], [ 10.008743543957301, 53.498057511266822 ], [ 10.008739516912303, 53.498016150535285 ], [ 10.008613343765996, 53.498020981718646 ], [ 10.008600513821593, 53.497888833634391 ], [ 10.008198893730606, 53.497903709972931 ], [ 10.008219267796221, 53.498100992260717 ], [ 10.008348829210606, 53.498096627310197 ] ], [ [ 10.008415025949139, 53.498000056478439 ], [ 10.008415440002267, 53.498004799219771 ], [ 10.00840814895478, 53.498005031524372 ], [ 10.008407719829954, 53.498000288910127 ], [ 10.008415025949139, 53.498000056478439 ] ], [ [ 10.008221008546352, 53.497959588330822 ], [ 10.008220737630694, 53.497955158999261 ], [ 10.008229100311045, 53.497954980590286 ], [ 10.00822937101435, 53.49795940093454 ], [ 10.008221008546352, 53.497959588330822 ] ], [ [ 10.008220419395544, 53.497965256421061 ], [ 10.008220712177652, 53.497973784588879 ], [ 10.008215271428213, 53.497973848459964 ], [ 10.008214963574671, 53.49796532041924 ], [ 10.008220419395544, 53.497965256421061 ] ], [ [ 10.008330898920679, 53.498081784784667 ], [ 10.00831530480507, 53.498082168029427 ], [ 10.008315097716006, 53.498079158434443 ], [ 10.008329983847343, 53.49807879914038 ], [ 10.008330707116302, 53.498078784049817 ], [ 10.008330898920679, 53.498081784784667 ] ], [ [ 10.008330396321661, 53.498084746432085 ], [ 10.008330740838643, 53.498088465005033 ], [ 10.008315631601066, 53.498088952028361 ], [ 10.008315287085384, 53.498085233455313 ], [ 10.008330396321661, 53.498084746432085 ] ], [ [ 10.008274585745678, 53.498094242271925 ], [ 10.008274155781757, 53.498089463708084 ], [ 10.00828423356046, 53.498089135991435 ], [ 10.008284782534387, 53.498095118088067 ], [ 10.008274704754301, 53.498095445804765 ], [ 10.008274585745678, 53.498094242271925 ] ], [ [ 10.00830954371604, 53.498088428083463 ], [ 10.008301983266806, 53.498088743555883 ], [ 10.008300977153093, 53.498080014656963 ], [ 10.008308537814026, 53.49807970817195 ], [ 10.00830954371604, 53.498088428083463 ] ], [ [ 10.008637262445381, 53.498023260868621 ], [ 10.008638305034383, 53.498034794050469 ], [ 10.008618782128458, 53.498035426226039 ], [ 10.00861772447225, 53.498023893171222 ], [ 10.008637262445381, 53.498023260868621 ] ], [ [ 10.008558707285738, 53.498018961761055 ], [ 10.00856134555608, 53.498045007833767 ], [ 10.008513190019963, 53.498046735550624 ], [ 10.008510551779001, 53.498020689476739 ], [ 10.008558707285738, 53.498018961761055 ] ], [ [ 10.008299453410205, 53.498066624791839 ], [ 10.008296957887056, 53.498033880644925 ], [ 10.008296656649694, 53.498033892175165 ], [ 10.008295858793012, 53.49802313897623 ], [ 10.008295131742772, 53.498013463869668 ], [ 10.008322867889554, 53.498012708526552 ], [ 10.008322738644138, 53.498011073604218 ], [ 10.008348169759188, 53.49801038264566 ], [ 10.008349026281101, 53.498021701661507 ], [ 10.0083499754237, 53.498021675676227 ], [ 10.008350788366627, 53.498032428747614 ], [ 10.008353283931097, 53.498065172893213 ], [ 10.008299453410205, 53.498066624791839 ] ], [ [ 10.008246619871974, 53.498068796371975 ], [ 10.008247535965468, 53.498087710658766 ], [ 10.008247582462491, 53.498087764201003 ], [ 10.008249863588425, 53.498090504606772 ], [ 10.008250054667629, 53.498094745840909 ], [ 10.008238813742045, 53.498094975497061 ], [ 10.008238587653778, 53.498094977404151 ], [ 10.008238555124116, 53.498090429203877 ], [ 10.008235366021104, 53.498087543642498 ], [ 10.008233782329832, 53.498069084440964 ], [ 10.008232309086651, 53.498065447301343 ], [ 10.008231736756528, 53.498065470107207 ], [ 10.008225131045412, 53.498003087674249 ], [ 10.008215897987375, 53.498003435228 ], [ 10.008215023347978, 53.497995163662424 ], [ 10.008224256404183, 53.497994816108758 ], [ 10.008241156253815, 53.497994188145526 ], [ 10.008240554673559, 53.497988530099256 ], [ 10.008254441936629, 53.497988008447678 ], [ 10.008255043305496, 53.497993657506605 ], [ 10.008256444196599, 53.497993609733278 ], [ 10.008262619630246, 53.498051833850035 ], [ 10.008268689811203, 53.498051611852972 ], [ 10.008269354098841, 53.498058006474658 ], [ 10.008263284130249, 53.498058237459098 ], [ 10.008265732768109, 53.498081381664129 ], [ 10.008263001613891, 53.498086995910533 ], [ 10.008264551155593, 53.498089400902167 ], [ 10.008264608314191, 53.49808990380852 ], [ 10.00826520087664, 53.498094546164594 ], [ 10.008265095581987, 53.498094556041856 ], [ 10.008252910203295, 53.498095009404125 ], [ 10.008251379612194, 53.498087049000837 ], [ 10.008249300559639, 53.498082023664139 ], [ 10.008250444793893, 53.498081960077712 ], [ 10.008248636420879, 53.498064833155503 ], [ 10.00824655790273, 53.498064913611955 ], [ 10.008246619871974, 53.498068796371975 ] ] ] } },
{ "type": "Feature", "properties": { "gebaeude_id": "DEHHALKA1fo000Be", "dachneig": 0.0, "dachfl_2d": 1737.018, "dachfl_3d": 1737.018, "area_m2": 1737.0, "expo_klasse": "sonnig", "schatten": 18.98, "solar_eignung": "Eignung 3 (geeignet, mittlere Einstrahlung)", "ertkwha_k": 6697.3, "pvarea_solar": 51.61, "schatten_klasse": "sonnig", "gruendach_eignung": "sehr gut geeignet" }, "geometry": { "type": "Polygon", "coordinates": [ [ [ 10.009386075080904, 53.498400072253794 ], [ 10.009509629686717, 53.498396026446464 ], [ 10.009523591147632, 53.498395450086761 ], [ 10.009496783416104, 53.498150984722145 ], [ 10.009478435491179, 53.498151580147173 ], [ 10.009450647245581, 53.498136182819081 ], [ 10.009450648617966, 53.498130528675333 ], [ 10.009450061215134, 53.498130551614288 ], [ 10.008612499858364, 53.49816137131301 ], [ 10.008639799964222, 53.49842870092138 ], [ 10.008856645763379, 53.4984196885909 ], [ 10.009132181122881, 53.498409407324985 ], [ 10.009132219591489, 53.498409757574343 ], [ 10.009386075080904, 53.498400072253794 ] ] ] } },
{ "type": "Feature", "properties": { "gebaeude_id": "DEHHALKA4xn0009i", "dachneig": 0.0, "dachfl_2d": 80.58, "dachfl_3d": 80.58, "area_m2": 80.6, "expo_klasse": "sonnig", "schatten": 22.18, "solar_eignung": "Eignung 6 (geringe Einstrahlung / weniger geeignet / vor Ort zu prüfen)", "ertkwha_k": 0.0, "pvarea_solar": 0.0, "schatten_klasse": "halbschattig", "gruendach_eignung": "bedingt geeignet" }, "geometry": { "type": "Polygon", "coordinates": [ [ [ 10.007283829766745, 53.499775669919593 ], [ 10.007283678982688, 53.499775032965793 ], [ 10.007199506374082, 53.499782564972691 ], [ 10.007231444805633, 53.499909437349245 ], [ 10.007315602586178, 53.499901905445874 ], [ 10.007283829766745, 53.499775669919593 ] ] ] } },
{ "type": "Feature", "properties": { "gebaeude_id": "DEHHALKA4xn0009h", "dachneig": 1.049, "dachfl_2d": 45.797, "dachfl_3d": 45.805, "area_m2": 45.8, "expo_klasse": "sonnig", "schatten": 22.18, "solar_eignung": "Eignung 6 (geringe Einstrahlung / weniger geeignet / vor Ort zu prüfen)", "ertkwha_k": 0.0, "pvarea_solar": 0.0, "schatten_klasse": "halbschattig", "gruendach_eignung": "bedingt geeignet" }, "geometry": { "type": "Polygon", "coordinates": [ [ [ 10.007544395610227, 53.500146556488438 ], [ 10.007531985103519, 53.500073319220341 ], [ 10.007448061371022, 53.500078017742844 ], [ 10.007460104009674, 53.500151006425476 ], [ 10.007544395610227, 53.500146556488438 ] ] ] } },
{ "type": "Feature", "properties": { "gebaeude_id": "DEHHALKA4xn0009h", "dachneig": 16.273, "dachfl_2d": 30.27, "dachfl_3d": 31.512, "area_m2": 30.3, "expo_klasse": "sonnig", "schatten": 23.88, "solar_eignung": "Eignung 3 (geeignet, mittlere Einstrahlung)", "ertkwha_k": 0.0, "pvarea_solar": 0.0, "schatten_klasse": "halbschattig", "gruendach_eignung": "bedingt geeignet" }, "geometry": { "type": "Polygon", "coordinates": [ [ [ 10.007523815818374, 53.500025080780304 ], [ 10.007439946026023, 53.500028870946096 ], [ 10.007447655877584, 53.500075540175317 ], [ 10.007447991276571, 53.500077604836136 ], [ 10.007531984677335, 53.500073301245756 ], [ 10.007523815818374, 53.500025080780304 ] ] ] } },
{ "type": "Feature", "properties": { "gebaeude_id": "DEHHALKAJ0000wX2", "dachneig": 0.0, "dachfl_2d": 186.733, "dachfl_3d": 186.733, "area_m2": 186.7, "expo_klasse": "sonnig", "schatten": 27.39, "solar_eignung": "Eignung 6 (geringe Einstrahlung / weniger geeignet / vor Ort zu prüfen)", "ertkwha_k": 0.0, "pvarea_solar": 0.0, "schatten_klasse": "halbschattig", "gruendach_eignung": "bedingt geeignet" }, "geometry": { "type": "Polygon", "coordinates": [ [ [ 10.009388019378129, 53.500490708937861 ], [ 10.009390479162077, 53.500489537563958 ], [ 10.009403673516735, 53.50048329559089 ], [ 10.009396755977065, 53.500459919481536 ], [ 10.009379016018796, 53.500456320842893 ], [ 10.009370471072103, 53.500457732373185 ], [ 10.009370321108229, 53.50045713137137 ], [ 10.009358078522226, 53.500410140973756 ], [ 10.009376357439528, 53.500408503420879 ], [ 10.009369997603519, 53.500383216915694 ], [ 10.009243232770682, 53.500395802317279 ], [ 10.009244503908231, 53.50039980970228 ], [ 10.009227956932198, 53.500401369688241 ], [ 10.0092423681158, 53.500453977940154 ], [ 10.009223746754717, 53.500455798145325 ], [ 10.009250330979306, 53.500551837718518 ], [ 10.009232515429085, 53.500553309536123 ], [ 10.009239113495445, 53.500575933269239 ], [ 10.009379905992526, 53.500561063050661 ], [ 10.009371482794629, 53.500529519593982 ], [ 10.009389574263659, 53.500527604960745 ], [ 10.009379431255409, 53.50049157249962 ], [ 10.009379381338505, 53.500491375161445 ], [ 10.009388019378129, 53.500490708937861 ] ], [ [ 10.009326487163491, 53.50049238812781 ], [ 10.009323580851635, 53.50048174263361 ], [ 10.009336456778561, 53.500480501284009 ], [ 10.009339347806685, 53.500491137917884 ], [ 10.009326487163491, 53.50049238812781 ] ] ] } },
{ "type": "Feature", "properties": { "gebaeude_id": "DEHHALKAJ0000wX2", "dachneig": 0.0, "dachfl_2d": 87.119, "dachfl_3d": 87.119, "area_m2": 87.1, "expo_klasse": "sonnig", "schatten": 27.89, "solar_eignung": "Eignung 6 (geringe Einstrahlung / weniger geeignet / vor Ort zu prüfen)", "ertkwha_k": 0.0, "pvarea_solar": 0.0, "schatten_klasse": "halbschattig", "gruendach_eignung": "bedingt geeignet" }, "geometry": { "type": "Polygon", "coordinates": [ [ [ 10.009279878615548, 53.500313081030022 ], [ 10.009381995431511, 53.500303121794772 ], [ 10.009394177041584, 53.500296771516524 ], [ 10.009387719935086, 53.500274371327365 ], [ 10.009372043392037, 53.500270683350493 ], [ 10.009349340746706, 53.500273320089676 ], [ 10.009328743787471, 53.50020021504983 ], [ 10.009274596905637, 53.500205598275556 ], [ 10.009277594479125, 53.500216278957041 ], [ 10.009213315190953, 53.50022225109781 ], [ 10.009227655490481, 53.500275686946367 ], [ 10.009214532685927, 53.500276687663813 ], [ 10.009218058406166, 53.500288658314588 ], [ 10.00927202870805, 53.500282818162987 ], [ 10.009279878615548, 53.500313081030022 ] ], [ [ 10.009306029500037, 53.500286144676892 ], [ 10.009298716245441, 53.500286727795789 ], [ 10.00929775716331, 53.500282529005652 ], [ 10.00930507020373, 53.500281936899512 ], [ 10.009306029500037, 53.500286144676892 ] ], [ [ 10.009287229454854, 53.500271552344621 ], [ 10.009285561088058, 53.50026415044254 ], [ 10.009296154558356, 53.500263296921702 ], [ 10.009297823140429, 53.500270707810913 ], [ 10.009287229454854, 53.500271552344621 ] ], [ [ 10.009325950468254, 53.500282551625219 ], [ 10.009330801585323, 53.500300812424712 ], [ 10.009315473029199, 53.500302254265534 ], [ 10.009310621918566, 53.500283993465388 ], [ 10.009325950468254, 53.500282551625219 ] ] ] } },
{ "type": "Feature", "properties": { "gebaeude_id": "DEHHALKAJ0000wX2", "dachneig": 0.0, "dachfl_2d": 64.164, "dachfl_3d": 64.164, "area_m2": 64.2, "expo_klasse": "sonnig", "schatten": 28.29, "solar_eignung": "Eignung 6 (geringe Einstrahlung / weniger geeignet / vor Ort zu prüfen)", "ertkwha_k": 0.0, "pvarea_solar": 0.0, "schatten_klasse": "halbschattig", "gruendach_eignung": "bedingt geeignet" }, "geometry": { "type": "Polygon", "coordinates": [ [ [ 10.009279878615548, 53.500313081030022 ], [ 10.009275745818671, 53.500297133345448 ], [ 10.009230524189105, 53.500301254630095 ], [ 10.009252365470109, 53.500380416806351 ], [ 10.009375124669097, 53.500368665248487 ], [ 10.009358470483873, 53.500305414905597 ], [ 10.009279878615548, 53.500313081030022 ] ], [ [ 10.00929429833417, 53.500333040873457 ], [ 10.009289440104791, 53.500333522360236 ], [ 10.009288318844622, 53.500329477753745 ], [ 10.009293192360346, 53.500329005126993 ], [ 10.00929429833417, 53.500333040873457 ] ] ] } },
{ "type": "Feature", "properties": { "gebaeude_id": "DEHHALKAJ0000waY", "dachneig": 0.0, "dachfl_2d": 61.031, "dachfl_3d": 61.031, "area_m2": 61.0, "expo_klasse": "sonnig", "schatten": 31.37, "solar_eignung": "Eignung 6 (geringe Einstrahlung / weniger geeignet / vor Ort zu prüfen)", "ertkwha_k": 0.0, "pvarea_solar": 0.0, "schatten_klasse": "halbschattig", "gruendach_eignung": "bedingt geeignet" }, "geometry": { "type": "Polygon", "coordinates": [ [ [ 10.009325483217088, 53.500074368519535 ], [ 10.009322971748151, 53.500074632431733 ], [ 10.009322822640263, 53.500074067378875 ], [ 10.009308788116885, 53.500075399412431 ], [ 10.009308622738075, 53.500075418787063 ], [ 10.009307168342096, 53.5000694083854 ], [ 10.009289173824772, 53.500070953636154 ], [ 10.009268606263191, 53.500072709380724 ], [ 10.009284718807114, 53.500129033731895 ], [ 10.009257398474672, 53.500131484717564 ], [ 10.009273447041899, 53.500192097400223 ], [ 10.009335068466903, 53.500185940921604 ], [ 10.009323789175163, 53.500145225750316 ], [ 10.009373786851558, 53.500140344972081 ], [ 10.009361477308822, 53.500096878856894 ], [ 10.009346430095755, 53.500098102588325 ], [ 10.009350150119509, 53.5001119053669 ], [ 10.009337541140331, 53.500112955693631 ], [ 10.009333639814512, 53.500099136467504 ], [ 10.009332736913334, 53.500099207015296 ], [ 10.009325483217088, 53.500074368519535 ] ], [ [ 10.009289912979135, 53.500149044506955 ], [ 10.00928594131897, 53.500149401649637 ], [ 10.009284677918236, 53.500144450346312 ], [ 10.009288649577938, 53.500144093203666 ], [ 10.009289912979135, 53.500149044506955 ] ], [ [ 10.009290646493463, 53.500077098719871 ], [ 10.009294843461326, 53.50008051508744 ], [ 10.009288531514999, 53.500083265107911 ], [ 10.009284349407128, 53.500079839625563 ], [ 10.009290646493463, 53.500077098719871 ] ], [ [ 10.009320753401335, 53.500103739821128 ], [ 10.009319030802924, 53.500097228295999 ], [ 10.009329154611788, 53.500096279858063 ], [ 10.009330876998234, 53.500102782395757 ], [ 10.009320753401335, 53.500103739821128 ] ] ] } },
{ "type": "Feature", "properties": { "gebaeude_id": "DEHHALKAJ0000waY", "dachneig": 0.0, "dachfl_2d": 169.045, "dachfl_3d": 169.045, "area_m2": 169.0, "expo_klasse": "sonnig", "schatten": 33.53, "solar_eignung": "Eignung 6 (geringe Einstrahlung / weniger geeignet / vor Ort zu prüfen)", "ertkwha_k": 0.0, "pvarea_solar": 0.0, "schatten_klasse": "halbschattig", "gruendach_eignung": "bedingt geeignet" }, "geometry": { "type": "Polygon", "coordinates": [ [ [ 10.009377933293525, 53.500154962154966 ], [ 10.009388324404419, 53.500162092636209 ], [ 10.009426393534989, 53.500158346311601 ], [ 10.009431297567829, 53.500149639425672 ], [ 10.009431146963754, 53.500149011462049 ], [ 10.009427764927068, 53.500135475504003 ], [ 10.009482601440084, 53.500129933569873 ], [ 10.009484747227367, 53.500138392148713 ], [ 10.009605909515189, 53.500126087525118 ], [ 10.009609452502515, 53.500139415370008 ], [ 10.0096274283332, 53.500137717414624 ], [ 10.009631419217911, 53.500152129154195 ], [ 10.009642233062751, 53.500159283010014 ], [ 10.009678674039952, 53.500155541368493 ], [ 10.009685283436026, 53.500146909957444 ], [ 10.009667903671284, 53.500086767015063 ], [ 10.009643318820356, 53.500088862386697 ], [ 10.009635570957379, 53.500056558158803 ], [ 10.009541614672727, 53.500066035193043 ], [ 10.009538095286269, 53.50005433416996 ], [ 10.009347445924988, 53.500073589782779 ], [ 10.009350941945462, 53.500085578659096 ], [ 10.009358070870027, 53.500084853268135 ], [ 10.009377933293525, 53.500154962154966 ] ], [ [ 10.009613675255693, 53.500093787096233 ], [ 10.009618490796482, 53.500093413825688 ], [ 10.009619254079354, 53.500096985031803 ], [ 10.009614438324633, 53.500097349315141 ], [ 10.009613675255693, 53.500093787096233 ] ], [ [ 10.009658971598181, 53.500106780240031 ], [ 10.00965778638591, 53.50010258336264 ], [ 10.009665833068215, 53.500101778288503 ], [ 10.009667018281256, 53.50010597516583 ], [ 10.009658971598181, 53.500106780240031 ] ], [ [ 10.009450135773035, 53.500092219906392 ], [ 10.009450686436539, 53.50009509176104 ], [ 10.009438600118534, 53.500095930935693 ], [ 10.009438034382534, 53.50009305920829 ], [ 10.009450135773035, 53.500092219906392 ] ], [ [ 10.00959970723037, 53.500098552430252 ], [ 10.009598077931123, 53.500091527743457 ], [ 10.00960946831249, 53.500090586561903 ], [ 10.009610290392843, 53.500094094347929 ], [ 10.009611097613597, 53.500097611248535 ], [ 10.00959970723037, 53.500098552430252 ] ], [ [ 10.009403279948607, 53.500087195187547 ], [ 10.009404506681124, 53.500092506362478 ], [ 10.009387262618272, 53.500093910454353 ], [ 10.009386051174619, 53.50008860813923 ], [ 10.009403279948607, 53.500087195187547 ] ], [ [ 10.009450745309966, 53.500117878577647 ], [ 10.009436315882491, 53.500119088113998 ], [ 10.009434188510172, 53.500110134979494 ], [ 10.009448617721148, 53.500108916456078 ], [ 10.009450745309966, 53.500117878577647 ] ], [ [ 10.009408850397438, 53.500112254642225 ], [ 10.009411097367758, 53.500121800046365 ], [ 10.009380568363163, 53.500124359058567 ], [ 10.009378306539782, 53.500114822768417 ], [ 10.009408850397438, 53.500112254642225 ] ], [ [ 10.009665609052535, 53.500118365030708 ], [ 10.009634643883903, 53.500121601973078 ], [ 10.009631904143646, 53.500112258494923 ], [ 10.009662854232394, 53.500109021680657 ], [ 10.009665609052535, 53.500118365030708 ] ] ] } },
{ "type": "Feature", "properties": { "gebaeude_id": "DEHHALKAJ0000waY", "dachneig": 0.0, "dachfl_2d": 32.815, "dachfl_3d": 32.815, "area_m2": 32.8, "expo_klasse": "sonnig", "schatten": 34.37, "solar_eignung": "Eignung 6 (geringe Einstrahlung / weniger geeignet / vor Ort zu prüfen)", "ertkwha_k": 0.0, "pvarea_solar": 0.0, "schatten_klasse": "halbschattig", "gruendach_eignung": "bedingt geeignet" }, "geometry": { "type": "Polygon", "coordinates": [ [ [ 10.009736045526624, 53.500126615289695 ], [ 10.009740439278252, 53.500140214605423 ], [ 10.009754366800987, 53.500138820501597 ], [ 10.00973338912512, 53.500063678222823 ], [ 10.00966296836501, 53.500070044071734 ], [ 10.009667903671284, 53.500086767015063 ], [ 10.009680929832372, 53.500131827102614 ], [ 10.009736045526624, 53.500126615289695 ] ], [ [ 10.009720582323062, 53.500098277502737 ], [ 10.009720156195691, 53.500094937165187 ], [ 10.009725773394347, 53.500094673976356 ], [ 10.009726214808945, 53.500098023173891 ], [ 10.009720582323062, 53.500098277502737 ] ], [ [ 10.009694120768652, 53.500097530211107 ], [ 10.009695978443121, 53.500104013622767 ], [ 10.009684021896348, 53.500105238256459 ], [ 10.009682149150372, 53.500098754971916 ], [ 10.009694120768652, 53.500097530211107 ] ], [ [ 10.00968181394965, 53.500089723779375 ], [ 10.009683806692868, 53.500098084767728 ], [ 10.009673876281651, 53.500098923733177 ], [ 10.009671883540369, 53.500090562744631 ], [ 10.00968181394965, 53.500089723779375 ] ] ] } },
{ "type": "Feature", "properties": { "gebaeude_id": "DEHHALKAJ0000wyO", "dachneig": 9.98, "dachfl_2d": 136.414, "dachfl_3d": 138.308, "area_m2": 136.4, "expo_klasse": "sonnig", "schatten": 34.37, "solar_eignung": "Eignung 6 (geringe Einstrahlung / weniger geeignet / vor Ort zu prüfen)", "ertkwha_k": 0.0, "pvarea_solar": 0.0, "schatten_klasse": "halbschattig", "gruendach_eignung": "bedingt geeignet" }, "geometry": { "type": "Polygon", "coordinates": [ [ [ 10.008563003370094, 53.500256145499705 ], [ 10.008545271755118, 53.500270677636621 ], [ 10.008553501613109, 53.500312524264366 ], [ 10.008559886344758, 53.500346503039104 ], [ 10.008569539828509, 53.500400688645414 ], [ 10.008573137883985, 53.500400469515199 ], [ 10.008673956228073, 53.500394225342632 ], [ 10.00867674117403, 53.500394049027101 ], [ 10.008676132751679, 53.50039064730106 ], [ 10.008667138608763, 53.500340743928795 ], [ 10.008660698185789, 53.500305057704679 ], [ 10.008638541381307, 53.500182067343708 ], [ 10.008563003370094, 53.500256145499705 ] ] ] } },
{ "type": "Feature", "properties": { "gebaeude_id": "DEHHALKAJ0000wyO", "dachneig": 9.414, "dachfl_2d": 65.521, "dachfl_3d": 66.388, "area_m2": 65.5, "expo_klasse": "sonnig", "schatten": 34.77, "solar_eignung": "Eignung 6 (geringe Einstrahlung / weniger geeignet / vor Ort zu prüfen)", "ertkwha_k": 0.0, "pvarea_solar": 0.0, "schatten_klasse": "halbschattig", "gruendach_eignung": "bedingt geeignet" }, "geometry": { "type": "Polygon", "coordinates": [ [ [ 10.008545631010856, 53.50024833674788 ], [ 10.008638541381307, 53.500182067343708 ], [ 10.008438752539584, 53.50020694488547 ], [ 10.008433431307848, 53.500207610025207 ], [ 10.00843905191133, 53.500224641853258 ], [ 10.008441586346228, 53.500232333099447 ], [ 10.008456711063578, 53.500230560494586 ], [ 10.008461374314464, 53.500244732882841 ], [ 10.008446249592295, 53.500246505488313 ], [ 10.008454534190609, 53.500271605009686 ], [ 10.008529205226013, 53.500262624148377 ], [ 10.008545631010856, 53.50024833674788 ] ], [ [ 10.008521561128321, 53.500222588370157 ], [ 10.008537025912272, 53.500220534224411 ], [ 10.008540019602965, 53.500228518233158 ], [ 10.008524539742993, 53.50023057250646 ], [ 10.008521561128321, 53.500222588370157 ] ] ] } },
{ "type": "Feature", "properties": { "gebaeude_id": "DEHHALKAJ0000wz6", "dachneig": 5.937, "dachfl_2d": 22.188, "dachfl_3d": 22.31, "area_m2": 22.2, "expo_klasse": "sonnig", "schatten": 35.31, "solar_eignung": "Eignung 6 (geringe Einstrahlung / weniger geeignet / vor Ort zu prüfen)", "ertkwha_k": 0.0, "pvarea_solar": 0.0, "schatten_klasse": "halbschattig", "gruendach_eignung": "bedingt geeignet" }, "geometry": { "type": "Polygon", "coordinates": [ [ [ 10.008041254350349, 53.500407940624783 ], [ 10.007986221794443, 53.50041604543533 ], [ 10.007986382548163, 53.500416466566357 ], [ 10.00799814774958, 53.500445303189387 ], [ 10.008133127864538, 53.50042819124014 ], [ 10.008041254350349, 53.500407940624783 ] ] ] } },
{ "type": "Feature", "properties": { "gebaeude_id": "DEHHALKAJ0000wz6", "dachneig": 4.359, "dachfl_2d": 66.775, "dachfl_3d": 66.974, "area_m2": 66.8, "expo_klasse": "sonnig", "schatten": 36.24, "solar_eignung": "Eignung 6 (geringe Einstrahlung / weniger geeignet / vor Ort zu prüfen)", "ertkwha_k": 0.0, "pvarea_solar": 0.0, "schatten_klasse": "halbschattig", "gruendach_eignung": "bedingt geeignet" }, "geometry": { "type": "Polygon", "coordinates": [ [ [ 10.007993619792442, 53.50028048170379 ], [ 10.007911760387826, 53.500250824868139 ], [ 10.007954699012572, 53.500374179455953 ], [ 10.007968358487602, 53.500372284432892 ], [ 10.007971671394786, 53.500380382621444 ], [ 10.008041254350349, 53.500407940624783 ], [ 10.007993619792442, 53.50028048170379 ] ] ] } },
{ "type": "Feature", "properties": { "gebaeude_id": "DEHHALKAJ0000wz6", "dachneig": 4.776, "dachfl_2d": 140.872, "dachfl_3d": 141.36, "area_m2": 140.9, "expo_klasse": "sonnig", "schatten": 36.33, "solar_eignung": "Eignung 6 (geringe Einstrahlung / weniger geeignet / vor Ort zu prüfen)", "ertkwha_k": 0.0, "pvarea_solar": 0.0, "schatten_klasse": "halbschattig", "gruendach_eignung": "bedingt geeignet" }, "geometry": { "type": "Polygon", "coordinates": [ [ [ 10.007993619792442, 53.50028048170379 ], [ 10.00843905191133, 53.500224641853258 ], [ 10.008427420583303, 53.500189385940921 ], [ 10.008426916413345, 53.500187835083992 ], [ 10.008426494861498, 53.500186589158659 ], [ 10.007911760387826, 53.500250824868139 ], [ 10.007993619792442, 53.50028048170379 ] ] ] } },
{ "type": "Feature", "properties": { "gebaeude_id": "DEHHALKAJ0000wz6", "dachneig": 3.879, "dachfl_2d": 144.942, "dachfl_3d": 145.272, "area_m2": 144.9, "expo_klasse": "sonnig", "schatten": 37.4, "solar_eignung": "Eignung 6 (geringe Einstrahlung / weniger geeignet / vor Ort zu prüfen)", "ertkwha_k": 0.0, "pvarea_solar": 0.0, "schatten_klasse": "halbschattig", "gruendach_eignung": "bedingt geeignet" }, "geometry": { "type": "Polygon", "coordinates": [ [ [ 10.00830882853468, 53.500289697720071 ], [ 10.008454534190609, 53.500271605009686 ], [ 10.00843905191133, 53.500224641853258 ], [ 10.007993619792442, 53.50028048170379 ], [ 10.008094855020371, 53.500317238247781 ], [ 10.008251393699449, 53.500296941988744 ], [ 10.00825195559872, 53.500298384490506 ], [ 10.008309312296792, 53.500291024022701 ], [ 10.00830882853468, 53.500289697720071 ] ], [ [ 10.008277774254207, 53.500255513533176 ], [ 10.008255703559509, 53.500258099788283 ], [ 10.008253266633613, 53.500250704355381 ], [ 10.008275322251283, 53.500248118227837 ], [ 10.008277774254207, 53.500255513533176 ] ] ] } },
{ "type": "Feature", "properties": { "gebaeude_id": "DEHHALKAJ0000wz6", "dachneig": 3.646, "dachfl_2d": 75.91, "dachfl_3d": 76.068, "area_m2": 75.9, "expo_klasse": "sonnig", "schatten": 37.95, "solar_eignung": "Eignung 6 (geringe Einstrahlung / weniger geeignet / vor Ort zu prüfen)", "ertkwha_k": 0.0, "pvarea_solar": 0.0, "schatten_klasse": "halbschattig", "gruendach_eignung": "bedingt geeignet" }, "geometry": { "type": "Polygon", "coordinates": [ [ [ 10.007993619792442, 53.50028048170379 ], [ 10.008041254350349, 53.500407940624783 ], [ 10.008133127864538, 53.50042819124014 ], [ 10.008094855020371, 53.500317238247781 ], [ 10.007993619792442, 53.50028048170379 ] ] ] } },
{ "type": "Feature", "properties": { "gebaeude_id": "DEHHALKAJ0000x95", "dachneig": 0.0, "dachfl_2d": 361.521, "dachfl_3d": 361.521, "area_m2": 361.4, "expo_klasse": "sonnig", "schatten": 38.08, "solar_eignung": "Eignung 6 (geringe Einstrahlung / weniger geeignet / vor Ort zu prüfen)", "ertkwha_k": 0.0, "pvarea_solar": 0.0, "schatten_klasse": "halbschattig", "gruendach_eignung": "bedingt geeignet" }, "geometry": { "type": "Polygon", "coordinates": [ [ [ 10.01006543814518, 53.499524314621318 ], [ 10.00919350970967, 53.499556543336453 ], [ 10.00919929552367, 53.499612262732313 ], [ 10.010069579745846, 53.499580581711633 ], [ 10.010069067833065, 53.499559045347461 ], [ 10.01006543814518, 53.499524314621318 ] ] ] } },
{ "type": "Feature", "properties": { "gebaeude_id": "DEHHALKAJ0000wyo", "dachneig": 3.543, "dachfl_2d": 680.825, "dachfl_3d": 681.96, "area_m2": 680.8, "expo_klasse": "sonnig", "schatten": 38.47, "solar_eignung": "Eignung 6 (geringe Einstrahlung / weniger geeignet / vor Ort zu prüfen)", "ertkwha_k": 0.0, "pvarea_solar": 0.0, "schatten_klasse": "halbschattig", "gruendach_eignung": "bedingt geeignet" }, "geometry": { "type": "Polygon", "coordinates": [ [ [ 10.009453328840339, 53.499466966547146 ], [ 10.009504045154936, 53.499465081994245 ], [ 10.009505565661636, 53.499479586515726 ], [ 10.009536141295282, 53.499478375437604 ], [ 10.009735606588251, 53.499470506114726 ], [ 10.009734185962255, 53.499455767035982 ], [ 10.009785493728106, 53.499454030181568 ], [ 10.009786900580162, 53.499468823310572 ], [ 10.009917913326003, 53.499463824167883 ], [ 10.00990629212575, 53.499355451130349 ], [ 10.009602119712556, 53.499366928885195 ], [ 10.009561693680205, 53.499368528807643 ], [ 10.00903164165628, 53.499388456759377 ], [ 10.009043290996615, 53.499496838624445 ], [ 10.009174339622243, 53.499492073710691 ], [ 10.009172596466636, 53.499477076665876 ], [ 10.009223699797005, 53.499474982215681 ], [ 10.009225429178185, 53.499490033310614 ], [ 10.009454775800998, 53.49948091436741 ], [ 10.009453328840339, 53.499466966547146 ] ], [ [ 10.009746066660881, 53.499406945860514 ], [ 10.009746345772415, 53.499411078479312 ], [ 10.009729861876583, 53.499411469423301 ], [ 10.009729582766678, 53.499407336804495 ], [ 10.009746066660881, 53.499406945860514 ] ], [ [ 10.009219080400015, 53.499426480191005 ], [ 10.009219643073095, 53.499430493558613 ], [ 10.009202732718363, 53.499431337484516 ], [ 10.009202170046882, 53.499427324116823 ], [ 10.009219080400015, 53.499426480191005 ] ], [ [ 10.009762219713144, 53.499405955440835 ], [ 10.009779078723209, 53.499405489410755 ], [ 10.009779403697642, 53.49940964860928 ], [ 10.00976254468593, 53.499410114639446 ], [ 10.009762219713144, 53.499405955440835 ] ], [ [ 10.009185569396442, 53.499427877774927 ], [ 10.009186020446561, 53.499432269626439 ], [ 10.009169556518357, 53.499432867073352 ], [ 10.009169105683366, 53.499428484209034 ], [ 10.009185569396442, 53.499427877774927 ] ], [ [ 10.009482420174827, 53.499420409123267 ], [ 10.009481956583219, 53.499416125247635 ], [ 10.009500121829142, 53.499415432487218 ], [ 10.009500585422556, 53.499419716362802 ], [ 10.009482420174827, 53.499420409123267 ] ], [ [ 10.00946606953808, 53.499421967485759 ], [ 10.009448765158682, 53.499422724883416 ], [ 10.009448166682352, 53.499417839878461 ], [ 10.009465471059773, 53.499417082480882 ], [ 10.00946606953808, 53.499421967485759 ] ], [ [ 10.009479707758048, 53.499443309238053 ], [ 10.009492949687679, 53.49944289177445 ], [ 10.009494169497509, 53.499456796567351 ], [ 10.009480942636566, 53.499457213903852 ], [ 10.009479707758048, 53.499443309238053 ] ] ] } },
{ "type": "Feature", "properties": { "gebaeude_id": "DEHHALKAJ0000xPE", "dachneig": 26.592, "dachfl_2d": 43.482, "dachfl_3d": 49.463, "area_m2": 43.5, "expo_klasse": "sonnig", "schatten": 40.46, "solar_eignung": "Eignung 6 (geringe Einstrahlung / weniger geeignet / vor Ort zu prüfen)", "ertkwha_k": 0.0, "pvarea_solar": 0.0, "schatten_klasse": "schattig", "gruendach_eignung": "ungeeignet" }, "geometry": { "type": "Polygon", "coordinates": [ [ [ 10.009603338698234, 53.501696240369789 ], [ 10.009589090353979, 53.501698113584432 ], [ 10.009589232851662, 53.501698400031295 ], [ 10.009591186042586, 53.501698113862005 ], [ 10.009591282464685, 53.501698364741749 ], [ 10.009593936119886, 53.501704715583472 ], [ 10.009593936546967, 53.501704733558014 ], [ 10.009603114025058, 53.5017267601811 ], [ 10.009579163634076, 53.501730216516052 ], [ 10.009549869334407, 53.501735929292842 ], [ 10.009548503594052, 53.501736192521783 ], [ 10.009536383656185, 53.501707080386694 ], [ 10.009536047888224, 53.501706274205659 ], [ 10.009540750408465, 53.501705578286796 ], [ 10.009479482096493, 53.501713997126707 ], [ 10.009483369061384, 53.501725299525198 ], [ 10.009492820183226, 53.501723943258618 ], [ 10.009494229312784, 53.501727410130428 ], [ 10.009499514564936, 53.50174045358915 ], [ 10.009468412495984, 53.501744959098886 ], [ 10.009467616358043, 53.501745082680387 ], [ 10.009437024444276, 53.501749484993788 ], [ 10.009446153512304, 53.501772015425502 ], [ 10.009446745192909, 53.501773439691888 ], [ 10.009609692154205, 53.501749797556755 ], [ 10.009605663685203, 53.501739521112192 ], [ 10.009613883449484, 53.50173837299613 ], [ 10.00961461784676, 53.501740092695741 ], [ 10.009619712502767, 53.501739402450774 ], [ 10.009604046790466, 53.501698122095029 ], [ 10.009603338698234, 53.501696240369789 ] ], [ [ 10.00950732056619, 53.501720620685639 ], [ 10.009524571090003, 53.501718191770088 ], [ 10.009528661327336, 53.501728530619211 ], [ 10.009512056839295, 53.501730864188502 ], [ 10.009511395512229, 53.501730950675444 ], [ 10.009511299517612, 53.501730717770165 ], [ 10.00950732056619, 53.501720620685639 ] ] ] } },
{ "type": "Feature", "properties": { "gebaeude_id": "DEHHALKAJ0000xPE", "dachneig": 28.023, "dachfl_2d": 48.537, "dachfl_3d": 54.914, "area_m2": 48.5, "expo_klasse": "sonnig", "schatten": 44.7, "solar_eignung": "Eignung 6 (geringe Einstrahlung / weniger geeignet / vor Ort zu prüfen)", "ertkwha_k": 0.0, "pvarea_solar": 0.0, "schatten_klasse": "schattig", "gruendach_eignung": "ungeeignet" }, "geometry": { "type": "Polygon", "coordinates": [ [ [ 10.009609692154205, 53.501749797556755 ], [ 10.009446745192909, 53.501773439691888 ], [ 10.009450156837092, 53.501781869601075 ], [ 10.009467677629097, 53.501825084939021 ], [ 10.009501426692614, 53.501819667156248 ], [ 10.009491055419064, 53.501794351616986 ], [ 10.009586057791848, 53.501780515091554 ], [ 10.009596443978717, 53.501805821507809 ], [ 10.009642343218868, 53.501799060568885 ], [ 10.009641522558967, 53.501796883155187 ], [ 10.009628928955843, 53.501763702978849 ], [ 10.009622929286147, 53.501747878946453 ], [ 10.009617895992315, 53.501748613618645 ], [ 10.009618264685935, 53.501749536379357 ], [ 10.00961078118892, 53.501750579397104 ], [ 10.009610044919649, 53.501750684495725 ], [ 10.009609692154205, 53.501749797556755 ] ], [ [ 10.009619295159311, 53.501756736914651 ], [ 10.009621714787658, 53.501756410848799 ], [ 10.009622823431634, 53.501759286978142 ], [ 10.009624751025688, 53.501764268623148 ], [ 10.009616470534231, 53.501765399274703 ], [ 10.009613434297675, 53.501757541500169 ], [ 10.009619295159311, 53.501756736914651 ] ], [ [ 10.009483380187371, 53.501806362918622 ], [ 10.0094870132521, 53.501814593197118 ], [ 10.009477460009132, 53.501816094150769 ], [ 10.009472582859644, 53.501804997874252 ], [ 10.00947997336433, 53.501803847781652 ], [ 10.009482121239966, 53.501803506035536 ], [ 10.009483380187371, 53.501806362918622 ] ], [ [ 10.009555750828735, 53.501772797754015 ], [ 10.009514250732735, 53.501778784402461 ], [ 10.009512456766709, 53.501774349960826 ], [ 10.009553957072219, 53.50176837230029 ], [ 10.009555750828735, 53.501772797754015 ] ] ] } },
{ "type": "Feature", "properties": { "gebaeude_id": "DEHHALKAJ0000xRE", "dachneig": 29.404, "dachfl_2d": 42.176, "dachfl_3d": 47.855, "area_m2": 42.2, "expo_klasse": "sonnig", "schatten": 46.19, "solar_eignung": "Eignung 6 (geringe Einstrahlung / weniger geeignet / vor Ort zu prüfen)", "ertkwha_k": 0.0, "pvarea_solar": 0.0, "schatten_klasse": "schattig", "gruendach_eignung": "ungeeignet" }, "geometry": { "type": "Polygon", "coordinates": [ [ [ 10.00927661139734, 53.50179856256058 ], [ 10.009285821147019, 53.50179719935948 ], [ 10.009438586993673, 53.501774641210929 ], [ 10.009446745192909, 53.501773439691888 ], [ 10.009446153512304, 53.501772015425502 ], [ 10.009438986344351, 53.501773046771994 ], [ 10.009437994672799, 53.501773189982671 ], [ 10.009433718869696, 53.501762654938048 ], [ 10.009441892567628, 53.501761471266569 ], [ 10.009437024444276, 53.501749484993788 ], [ 10.00940010735847, 53.501754821642351 ], [ 10.009371486261477, 53.50175904549279 ], [ 10.009366137548419, 53.501745867728367 ], [ 10.00936472842862, 53.50174240085498 ], [ 10.009373548378381, 53.501741130829373 ], [ 10.009369521888667, 53.501730935261982 ], [ 10.009319862246308, 53.501737431209364 ], [ 10.009320724638204, 53.50174390505115 ], [ 10.009311802371606, 53.501745310772939 ], [ 10.009315050569446, 53.501752573486179 ], [ 10.009321689891561, 53.501767403334057 ], [ 10.009304240303825, 53.501769069829635 ], [ 10.009299567706815, 53.501769756497389 ], [ 10.009298786641828, 53.501769879950501 ], [ 10.009276205146417, 53.501773207807965 ], [ 10.009266144957126, 53.501752096510401 ], [ 10.009258186263132, 53.501752810922497 ], [ 10.009256019898851, 53.501753008995486 ], [ 10.009276035649814, 53.501797174115225 ], [ 10.00927661139734, 53.50179856256058 ] ], [ [ 10.009272297123543, 53.501785771577119 ], [ 10.009281634079205, 53.501784685963614 ], [ 10.009285372607875, 53.501796088501372 ], [ 10.009276035649814, 53.501797174115225 ], [ 10.009272297123543, 53.501785771577119 ] ], [ [ 10.009344757800491, 53.501746470750007 ], [ 10.009348237189718, 53.501755214707664 ], [ 10.009331828854553, 53.501757555584568 ], [ 10.009328364542316, 53.501748811499141 ], [ 10.009344757800491, 53.501746470750007 ] ] ] } },
{ "type": "Feature", "properties": { "gebaeude_id": "DEHHALKAJ0000xRE", "dachneig": 27.856, "dachfl_2d": 53.946, "dachfl_3d": 60.994, "area_m2": 53.9, "expo_klasse": "sonnig", "schatten": 48.11, "solar_eignung": "Eignung 6 (geringe Einstrahlung / weniger geeignet / vor Ort zu prüfen)", "ertkwha_k": 0.0, "pvarea_solar": 0.0, "schatten_klasse": "schattig", "gruendach_eignung": "ungeeignet" }, "geometry": { "type": "Polygon", "coordinates": [ [ [ 10.009318343508482, 53.501819478339691 ], [ 10.009355948081049, 53.50181388421727 ], [ 10.009415999764347, 53.501805017272666 ], [ 10.009426787811766, 53.501830742796159 ], [ 10.009467677629097, 53.501825084939021 ], [ 10.0094531838643, 53.501789340927118 ], [ 10.009444814628178, 53.50179054422879 ], [ 10.009441787602366, 53.501783072902519 ], [ 10.009446310313965, 53.501782423451267 ], [ 10.009450156837092, 53.501781869601075 ], [ 10.009446745192909, 53.501773439691888 ], [ 10.009438586993673, 53.501774641210929 ], [ 10.009285821147019, 53.50179719935948 ], [ 10.00927661139734, 53.50179856256058 ], [ 10.009257230157562, 53.501801422928132 ], [ 10.009276917780852, 53.501852719155025 ], [ 10.009329148282456, 53.501845275643085 ], [ 10.009318343508482, 53.501819478339691 ] ], [ [ 10.009280855701487, 53.501807138258137 ], [ 10.009284311376, 53.501806632658848 ], [ 10.009288488034151, 53.501806013102751 ], [ 10.009291494837441, 53.501813268865718 ], [ 10.009283847216199, 53.50181438516131 ], [ 10.009283287182555, 53.501813023550511 ], [ 10.009280855701487, 53.501807138258137 ] ], [ [ 10.009313063834846, 53.501839038204054 ], [ 10.009302964291367, 53.501840390942327 ], [ 10.009302915867552, 53.501840256515074 ], [ 10.009299428628809, 53.501829912567004 ], [ 10.009309543243765, 53.501828559701785 ], [ 10.009309576593738, 53.501828694256332 ], [ 10.009313063834846, 53.501839038204054 ] ], [ [ 10.009434709711702, 53.501818324906786 ], [ 10.009432000944846, 53.501810922805248 ], [ 10.009440174652083, 53.501809739133876 ], [ 10.009442233152694, 53.501809443088639 ], [ 10.009442281576938, 53.50180957751585 ], [ 10.009446440938165, 53.501820922560334 ], [ 10.009436193653825, 53.501822402404613 ], [ 10.009436145229586, 53.501822267977403 ], [ 10.009434709711702, 53.501818324906786 ] ] ] } },
{ "type": "Feature", "properties": { "gebaeude_id": "DEHHALKAJ0000wjA", "dachneig": 5.589, "dachfl_2d": 53.321, "dachfl_3d": 53.579, "area_m2": 53.3, "expo_klasse": "sonnig", "schatten": 48.12, "solar_eignung": "Eignung 6 (geringe Einstrahlung / weniger geeignet / vor Ort zu prüfen)", "ertkwha_k": 0.0, "pvarea_solar": 0.0, "schatten_klasse": "schattig", "gruendach_eignung": "ungeeignet" }, "geometry": { "type": "Polygon", "coordinates": [ [ [ 10.009568200485269, 53.501643186984815 ], [ 10.009570733822718, 53.501657799804349 ], [ 10.009634958613264, 53.501653886439634 ], [ 10.009629427120696, 53.501622866913856 ], [ 10.009622748307558, 53.501588612021891 ], [ 10.009611207239328, 53.50152802424769 ], [ 10.009552386260742, 53.50156773140813 ], [ 10.009564859011942, 53.501643421955606 ], [ 10.009568200485269, 53.501643186984815 ] ] ] } },
{ "type": "Feature", "properties": { "gebaeude_id": "DEHHALKAJ0000wjA", "dachneig": 5.365, "dachfl_2d": 38.207, "dachfl_3d": 38.426, "area_m2": 38.2, "expo_klasse": "sonnig", "schatten": 48.3, "solar_eignung": "Eignung 6 (geringe Einstrahlung / weniger geeignet / vor Ort zu prüfen)", "ertkwha_k": 0.0, "pvarea_solar": 0.0, "schatten_klasse": "schattig", "gruendach_eignung": "ungeeignet" }, "geometry": { "type": "Polygon", "coordinates": [ [ [ 10.009552386260742, 53.50156773140813 ], [ 10.009611207239328, 53.50152802424769 ], [ 10.009430666411617, 53.501538969577943 ], [ 10.009434005649473, 53.501557045378128 ], [ 10.009442709110411, 53.501556585347821 ], [ 10.009445397748376, 53.501573929537713 ], [ 10.009552386260742, 53.50156773140813 ] ] ] } },
{ "type": "Feature", "properties": { "gebaeude_id": "DEHHALKAJ0000wjA", "dachneig": 0.0, "dachfl_2d": 18.62, "dachfl_3d": 18.62, "area_m2": 18.6, "expo_klasse": "sonnig", "schatten": 49.12, "solar_eignung": "Eignung 6 (geringe Einstrahlung / weniger geeignet / vor Ort zu prüfen)", "ertkwha_k": 0.0, "pvarea_solar": 0.0, "schatten_klasse": "schattig", "gruendach_eignung": "ungeeignet" }, "geometry": { "type": "Polygon", "coordinates": [ [ [ 10.009442709110411, 53.501556585347821 ], [ 10.009400577310208, 53.501558819858609 ], [ 10.009403465862153, 53.50157569492918 ], [ 10.009383953085297, 53.501576821536879 ], [ 10.009389955300311, 53.501614336200589 ], [ 10.0094375483964, 53.501610976884599 ], [ 10.009432404234564, 53.501574677491369 ], [ 10.009445397748376, 53.501573929537713 ], [ 10.009442709110411, 53.501556585347821 ] ] ] } },
{ "type": "Feature", "properties": { "gebaeude_id": "DEHHALKAJ0000wjA", "dachneig": 0.0, "dachfl_2d": 10.179, "dachfl_3d": 10.179, "area_m2": 10.2, "expo_klasse": "sonnig", "schatten": 49.62, "solar_eignung": "Eignung 6 (geringe Einstrahlung / weniger geeignet / vor Ort zu prüfen)", "ertkwha_k": 0.0, "pvarea_solar": 0.0, "schatten_klasse": "schattig", "gruendach_eignung": "ungeeignet" }, "geometry": { "type": "Polygon", "coordinates": [ [ [ 10.00944339360743, 53.501639341991982 ], [ 10.0094375483964, 53.501610976884599 ], [ 10.009389955300311, 53.501614336200589 ], [ 10.009394437005721, 53.50164242517392 ], [ 10.00944339360743, 53.501639341991982 ] ] ] } },
{ "type": "Feature", "properties": { "gebaeude_id": "DEHHALKAJ0000wjA", "dachneig": 10.383, "dachfl_2d": 29.333, "dachfl_3d": 29.834, "area_m2": 29.3, "expo_klasse": "sonnig", "schatten": 49.62, "solar_eignung": "Eignung 6 (geringe Einstrahlung / weniger geeignet / vor Ort zu prüfen)", "ertkwha_k": 0.0, "pvarea_solar": 0.0, "schatten_klasse": "schattig", "gruendach_eignung": "ungeeignet" }, "geometry": { "type": "Polygon", "coordinates": [ [ [ 10.009502961345765, 53.501634865758533 ], [ 10.009497626844619, 53.501598172456148 ], [ 10.009432404234564, 53.501574677491369 ], [ 10.0094375483964, 53.501610976884599 ], [ 10.00944339360743, 53.501639341991982 ], [ 10.009448109358042, 53.501667761582674 ], [ 10.009502961345765, 53.501634865758533 ] ] ] } },
{ "type": "Feature", "properties": { "gebaeude_id": "DEHHALKAJ0000wjA", "dachneig": 13.947, "dachfl_2d": 12.074, "dachfl_3d": 12.441, "area_m2": 12.1, "expo_klasse": "sonnig", "schatten": 50.28, "solar_eignung": "Eignung 6 (geringe Einstrahlung / weniger geeignet / vor Ort zu prüfen)", "ertkwha_k": 0.0, "pvarea_solar": 0.0, "schatten_klasse": "schattig", "gruendach_eignung": "ungeeignet" }, "geometry": { "type": "Polygon", "coordinates": [ [ [ 10.009497626844619, 53.501598172456148 ], [ 10.009552386260742, 53.50156773140813 ], [ 10.009432404234564, 53.501574677491369 ], [ 10.009497626844619, 53.501598172456148 ] ] ] } },
{ "type": "Feature", "properties": { "gebaeude_id": "DEHHALKAJ0000wjA", "dachneig": 10.57, "dachfl_2d": 28.758, "dachfl_3d": 29.235, "area_m2": 28.8, "expo_klasse": "sonnig", "schatten": 50.28, "solar_eignung": "Eignung 6 (geringe Einstrahlung / weniger geeignet / vor Ort zu prüfen)", "ertkwha_k": 0.0, "pvarea_solar": 0.0, "schatten_klasse": "schattig", "gruendach_eignung": "ungeeignet" }, "geometry": { "type": "Polygon", "coordinates": [ [ [ 10.009497626844619, 53.501598172456148 ], [ 10.009502961345765, 53.501634865758533 ], [ 10.009571168322571, 53.501660223185134 ], [ 10.009570733822718, 53.501657799804349 ], [ 10.009568200485269, 53.501643186984815 ], [ 10.009564859011942, 53.501643421955606 ], [ 10.009552386260742, 53.50156773140813 ], [ 10.009497626844619, 53.501598172456148 ] ] ] } },
{ "type": "Feature", "properties": { "gebaeude_id": "DEHHALKAJ0000wjA", "dachneig": 12.922, "dachfl_2d": 13.412, "dachfl_3d": 13.76, "area_m2": 13.4, "expo_klasse": "sonnig", "schatten": 51.55, "solar_eignung": "Eignung 6 (geringe Einstrahlung / weniger geeignet / vor Ort zu prüfen)", "ertkwha_k": 0.0, "pvarea_solar": 0.0, "schatten_klasse": "schattig", "gruendach_eignung": "ungeeignet" }, "geometry": { "type": "Polygon", "coordinates": [ [ [ 10.009502961345765, 53.501634865758533 ], [ 10.009448109358042, 53.501667761582674 ], [ 10.009571168322571, 53.501660223185134 ], [ 10.009502961345765, 53.501634865758533 ] ] ] } },
{ "type": "Feature", "properties": { "gebaeude_id": "DEHHALKAJ0000wXp", "dachneig": 4.831, "dachfl_2d": 219.488, "dachfl_3d": 220.064, "area_m2": 219.5, "expo_klasse": "sonnig", "schatten": 56.09, "solar_eignung": "Eignung 6 (geringe Einstrahlung / weniger geeignet / vor Ort zu prüfen)", "ertkwha_k": 0.0, "pvarea_solar": 0.0, "schatten_klasse": "schattig", "gruendach_eignung": "ungeeignet" }, "geometry": { "type": "Polygon", "coordinates": [ [ [ 10.009313367170028, 53.501724865390486 ], [ 10.009312887592747, 53.501721813154155 ], [ 10.009312816836795, 53.50172137328687 ], [ 10.009311924595742, 53.501715546910553 ], [ 10.009311782870469, 53.50171465818871 ], [ 10.009326973152422, 53.50171372090653 ], [ 10.009327635547034, 53.501713679356932 ], [ 10.009362050771466, 53.501711554978982 ], [ 10.00936159907422, 53.501709041851996 ], [ 10.009368042133259, 53.501708627881868 ], [ 10.009377691647755, 53.501708007053359 ], [ 10.009378066184519, 53.501709810694869 ], [ 10.00938118262421, 53.501709622575007 ], [ 10.00938553362338, 53.501709361106322 ], [ 10.009388364087259, 53.501709193379334 ], [ 10.009388049418376, 53.501707371254092 ], [ 10.009384467814561, 53.501686708645821 ], [ 10.009407420377103, 53.501685040613197 ], [ 10.009401494520954, 53.501655183998714 ], [ 10.009379443627497, 53.501656727558249 ], [ 10.009363449300269, 53.501568598881441 ], [ 10.009385849194027, 53.501567151257412 ], [ 10.009380312513102, 53.501537174497066 ], [ 10.009358321975037, 53.501538717543276 ], [ 10.009347771193676, 53.501485528381238 ], [ 10.009289397936685, 53.50148887081788 ], [ 10.009289869907283, 53.501492237736272 ], [ 10.009269756563576, 53.501493468276301 ], [ 10.009268115659195, 53.501493572022042 ], [ 10.0092676275492, 53.501490160294473 ], [ 10.009225786688813, 53.501492581057924 ], [ 10.009229054736144, 53.501510837246201 ], [ 10.009238144171251, 53.501561539793322 ], [ 10.00924740763466, 53.501613220679303 ], [ 10.009260666863993, 53.501687133767454 ], [ 10.009271408269074, 53.501747081110693 ], [ 10.009297400625645, 53.501743266010905 ], [ 10.009296316684448, 53.501740794178438 ], [ 10.009304082321075, 53.5017395690166 ], [ 10.009307461980161, 53.50173903709117 ], [ 10.009308655921943, 53.501741696765301 ], [ 10.009311797174981, 53.501741283710828 ], [ 10.009315810148877, 53.501740755426681 ], [ 10.009315613595188, 53.501739462659401 ], [ 10.009315487370529, 53.50173859178485 ], [ 10.009313367170028, 53.501724865390486 ] ], [ [ 10.009306755708332, 53.501656622217311 ], [ 10.009313955225803, 53.501656318720677 ], [ 10.009314786696835, 53.501663395091747 ], [ 10.009307571890892, 53.501663689728446 ], [ 10.009306755708332, 53.501656622217311 ] ], [ [ 10.00932618931213, 53.501626137968529 ], [ 10.009325629502474, 53.501621612201198 ], [ 10.009337949408465, 53.501621067706878 ], [ 10.009338524293227, 53.501625593346873 ], [ 10.00932618931213, 53.501626137968529 ] ], [ [ 10.009286024644254, 53.501548065400407 ], [ 10.00929408206764, 53.501547700726562 ], [ 10.009295250315194, 53.501556895676181 ], [ 10.009287192890076, 53.501557260350118 ], [ 10.009286024644254, 53.501548065400407 ] ], [ [ 10.009288138725294, 53.501616121823254 ], [ 10.00928733133482, 53.501611328473963 ], [ 10.009304629776866, 53.501610283503034 ], [ 10.009305437169239, 53.501615076852232 ], [ 10.009288138725294, 53.501616121823254 ] ], [ [ 10.00930631951735, 53.501515758088502 ], [ 10.009305792930826, 53.501511996111965 ], [ 10.009305483520812, 53.50150976044457 ], [ 10.009319382937054, 53.501509067778784 ], [ 10.009319707635036, 53.501511312306135 ], [ 10.009320882107357, 53.501511248454491 ], [ 10.009321408695218, 53.501515010430957 ], [ 10.009320219149018, 53.501515074409888 ], [ 10.00930631951735, 53.501515758088502 ] ], [ [ 10.009322153982238, 53.501708871542043 ], [ 10.009314774423922, 53.501709212515699 ], [ 10.009313671242809, 53.501700853001061 ], [ 10.009313544164419, 53.501699946177425 ], [ 10.009320938581439, 53.501699596089296 ], [ 10.009321050586216, 53.501700503040269 ], [ 10.009324981439091, 53.501700326023119 ], [ 10.009326084622383, 53.501708685537594 ], [ 10.009322153982238, 53.501708871542043 ] ], [ [ 10.009323587451378, 53.501578805485565 ], [ 10.00932218378057, 53.501569855229199 ], [ 10.009337377426363, 53.501569061742202 ], [ 10.009338766026543, 53.501578012125712 ], [ 10.009323587451378, 53.501578805485565 ] ] ] } },
{ "type": "Feature", "properties": { "gebaeude_id": "DEHHALKAJ0000wid", "dachneig": 11.903, "dachfl_2d": 230.162, "dachfl_3d": 234.777, "area_m2": 230.2, "expo_klasse": "sonnig", "schatten": 56.09, "solar_eignung": "Eignung 6 (geringe Einstrahlung / weniger geeignet / vor Ort zu prüfen)", "ertkwha_k": 0.0, "pvarea_solar": 0.0, "schatten_klasse": "schattig", "gruendach_eignung": "ungeeignet" }, "geometry": { "type": "Polygon", "coordinates": [ [ [ 10.009612648190952, 53.501339933627271 ], [ 10.009436326532567, 53.501357728965296 ], [ 10.009444144355442, 53.501385358288942 ], [ 10.009456387456218, 53.501384122271887 ], [ 10.009459102860914, 53.501393708662846 ], [ 10.00945207880787, 53.501394415195044 ], [ 10.009446859757489, 53.501394944680179 ], [ 10.0094533124613, 53.501417785364744 ], [ 10.009453411871041, 53.501418162066422 ], [ 10.009517537282472, 53.501411984355286 ], [ 10.009520985168992, 53.501423209559626 ], [ 10.009613481236597, 53.501413699943356 ], [ 10.009610416274446, 53.501402093966014 ], [ 10.009705421132358, 53.501392841749478 ], [ 10.009708292172707, 53.501405168488688 ], [ 10.009868566049962, 53.501388380271756 ], [ 10.009865562169297, 53.501376809740954 ], [ 10.009920299192288, 53.501371457224131 ], [ 10.009902423548574, 53.501308882474511 ], [ 10.009685904097166, 53.501332240452726 ], [ 10.009684716051616, 53.501332367346166 ], [ 10.00968745868021, 53.501337387051258 ], [ 10.00961425225735, 53.501345259590288 ], [ 10.009614222109962, 53.501345259844918 ], [ 10.009612648190952, 53.501339933627271 ] ], [ [ 10.009607783124006, 53.501357898938451 ], [ 10.00960884350752, 53.501361917088467 ], [ 10.009597124580845, 53.501363004868651 ], [ 10.009596079272088, 53.501358986591228 ], [ 10.009607783124006, 53.501357898938451 ] ], [ [ 10.009850395161724, 53.501336217360276 ], [ 10.009849595280675, 53.501332376793052 ], [ 10.009862387841824, 53.501331423742677 ], [ 10.009863187510401, 53.501335255322559 ], [ 10.009850395161724, 53.501336217360276 ] ], [ [ 10.009506097174963, 53.501372771741465 ], [ 10.009493656199083, 53.501373928533077 ], [ 10.009492548256318, 53.501369811903949 ], [ 10.009505004091229, 53.501368645997864 ], [ 10.009506097174963, 53.501372771741465 ] ], [ [ 10.009759747919913, 53.501346116051138 ], [ 10.009748930860733, 53.501347088358699 ], [ 10.009747350641387, 53.501340863288334 ], [ 10.009758182986335, 53.501339899840886 ], [ 10.009759747919913, 53.501346116051138 ] ], [ [ 10.009705992928586, 53.501367415810385 ], [ 10.009713017827023, 53.501366745212387 ], [ 10.009715893725234, 53.501377372974922 ], [ 10.009708868825062, 53.501378043573091 ], [ 10.009705992928586, 53.501367415810385 ] ], [ [ 10.009860276456342, 53.501340277843312 ], [ 10.009862352781562, 53.501348979706123 ], [ 10.009850767179012, 53.501349967505021 ], [ 10.00984870571623, 53.501341256527326 ], [ 10.009860276456342, 53.501340277843312 ] ], [ [ 10.009598376803241, 53.501386518705651 ], [ 10.009600300078789, 53.501395761210063 ], [ 10.009588982367413, 53.501396602895561 ], [ 10.009587059094269, 53.501387360391007 ], [ 10.009598376803241, 53.501386518705651 ] ], [ [ 10.009664294463025, 53.501371381646294 ], [ 10.009654199651829, 53.501372293910066 ], [ 10.009652386844891, 53.50136516290641 ], [ 10.009650739937667, 53.5013586687258 ], [ 10.009661376331325, 53.501357706942294 ], [ 10.009664820975047, 53.501371332253598 ], [ 10.009664294463025, 53.501371381646294 ] ] ] } },
{ "type": "Feature", "properties": { "gebaeude_id": "DEHHALKAJ0000xO9", "dachneig": 4.107, "dachfl_2d": 167.387, "dachfl_3d": 167.826, "area_m2": 167.4, "expo_klasse": "sonnig", "schatten": 58.2, "solar_eignung": "Eignung 6 (geringe Einstrahlung / weniger geeignet / vor Ort zu prüfen)", "ertkwha_k": 0.0, "pvarea_solar": 0.0, "schatten_klasse": "schattig", "gruendach_eignung": "ungeeignet" }, "geometry": { "type": "Polygon", "coordinates": [ [ [ 10.009222218265181, 53.501492781979017 ], [ 10.009271361356742, 53.501489939997377 ], [ 10.009270548207061, 53.501484903991461 ], [ 10.009277594396551, 53.501484493922625 ], [ 10.009288585425328, 53.501483861773856 ], [ 10.009289397936685, 53.50148887081788 ], [ 10.009271391504237, 53.501489939742832 ], [ 10.009347771193676, 53.501485528381238 ], [ 10.009338724229558, 53.501430906245467 ], [ 10.009449383898112, 53.50142059616627 ], [ 10.00944253676024, 53.501396383483787 ], [ 10.009441961354694, 53.501394374789953 ], [ 10.009436776764952, 53.501393816305381 ], [ 10.00943262953581, 53.501379172166374 ], [ 10.009437232056793, 53.501378710811913 ], [ 10.009428649410879, 53.501348714830378 ], [ 10.009254565079292, 53.501366131442786 ], [ 10.009254210238552, 53.501363887169724 ], [ 10.009218295685308, 53.501366986007959 ], [ 10.009201754760896, 53.501378973266057 ], [ 10.009204024708348, 53.501392024217957 ], [ 10.009206913312179, 53.501391766113578 ], [ 10.009222218265181, 53.501492781979017 ] ], [ [ 10.009266171966392, 53.501452364529889 ], [ 10.009265565746196, 53.501448423444039 ], [ 10.0092756241154, 53.501447880073002 ], [ 10.009276215262766, 53.501451821286118 ], [ 10.009266171966392, 53.501452364529889 ] ], [ [ 10.009310254913943, 53.501441511044831 ], [ 10.00929497236514, 53.501442368202738 ], [ 10.009294314730436, 53.501438166867935 ], [ 10.009309597277772, 53.501437309710084 ], [ 10.009310254913943, 53.501441511044831 ] ], [ [ 10.009312859323408, 53.501381684728315 ], [ 10.00931165476479, 53.501377308230182 ], [ 10.009327508726484, 53.501375754086155 ], [ 10.009328713286701, 53.501380130584117 ], [ 10.009312859323408, 53.501381684728315 ] ], [ [ 10.009328857953316, 53.50139701084813 ], [ 10.009327905803088, 53.501392470415411 ], [ 10.009343392320272, 53.501391314891357 ], [ 10.009344344472124, 53.501395855323956 ], [ 10.009328857953316, 53.50139701084813 ] ], [ [ 10.00937912322499, 53.501412218400553 ], [ 10.009376779213516, 53.501403033380122 ], [ 10.009389025096851, 53.501401914204429 ], [ 10.00939138418463, 53.501411099097339 ], [ 10.00937912322499, 53.501412218400553 ] ], [ [ 10.009264989010413, 53.501391770165547 ], [ 10.009266811008931, 53.501391673879802 ], [ 10.009266989283617, 53.501392831965411 ], [ 10.009267561513193, 53.501396611534929 ], [ 10.009250712593587, 53.501397535847367 ], [ 10.009241949295001, 53.501398014347188 ], [ 10.009241340943294, 53.501393983388404 ], [ 10.009241198793713, 53.501393076691905 ], [ 10.009264989010413, 53.501391770165547 ] ], [ [ 10.009317293857789, 53.501434449118271 ], [ 10.00930919443706, 53.50143494898456 ], [ 10.009299017189344, 53.501435565274782 ], [ 10.009297127504732, 53.501424560623242 ], [ 10.009313929077964, 53.501423546813328 ], [ 10.009315404381981, 53.501423453454301 ], [ 10.009315492986351, 53.501424010028906 ], [ 10.009317293857789, 53.501434449118271 ] ] ] } },
{ "type": "Feature", "properties": { "gebaeude_id": "DEHHALKAJ0000wc5", "dachneig": 0.0, "dachfl_2d": 12.861, "dachfl_3d": 12.861, "area_m2": 12.9, "expo_klasse": "sonnig", "schatten": 58.42, "solar_eignung": "Eignung 6 (geringe Einstrahlung / weniger geeignet / vor Ort zu prüfen)", "ertkwha_k": 0.0, "pvarea_solar": 0.0, "schatten_klasse": "schattig", "gruendach_eignung": "ungeeignet" }, "geometry": { "type": "Polygon", "coordinates": [ [ [ 10.010040635313258, 53.50111558212982 ], [ 10.010033684776042, 53.501088934312669 ], [ 10.009970252034442, 53.501095052516071 ], [ 10.009978104907113, 53.501122241046225 ], [ 10.010040635313258, 53.50111558212982 ] ] ] } },
{ "type": "Feature", "properties": { "gebaeude_id": "DEHHALKAJ0000wc5", "dachneig": 0.294, "dachfl_2d": 81.512, "dachfl_3d": 81.524, "area_m2": 49.4, "expo_klasse": "sonnig", "schatten": 58.78, "solar_eignung": "Eignung 6 (geringe Einstrahlung / weniger geeignet / vor Ort zu prüfen)", "ertkwha_k": 0.0, "pvarea_solar": 0.0, "schatten_klasse": "schattig", "gruendach_eignung": "ungeeignet" }, "geometry": { "type": "Polygon", "coordinates": [ [ [ 10.009960050754636, 53.501059766690908 ], [ 10.009970252034442, 53.501095052516071 ], [ 10.010033684776042, 53.501088934312669 ], [ 10.010040635313258, 53.50111558212982 ], [ 10.010105903719744, 53.501108673799898 ], [ 10.010104379674699, 53.501044562460017 ], [ 10.009960050754636, 53.501059766690908 ] ], [ [ 10.009996795443, 53.501086531318435 ], [ 10.010001704738565, 53.501086292076863 ], [ 10.010002177615171, 53.501089694941555 ], [ 10.0099972683192, 53.501089934183142 ], [ 10.009996795443, 53.501086531318435 ] ], [ [ 10.009983069971533, 53.501083752809983 ], [ 10.009983843464271, 53.501087117178365 ], [ 10.009972452824817, 53.501088058396633 ], [ 10.009971679332988, 53.501084694028165 ], [ 10.009983069971533, 53.501083752809983 ] ], [ [ 10.010025976507521, 53.50107797883792 ], [ 10.010027906509318, 53.501086232480866 ], [ 10.010016260474345, 53.501087211817691 ], [ 10.010014330261162, 53.50107894918726 ], [ 10.010025976507521, 53.50107797883792 ] ], [ [ 10.010070450094004, 53.50106962972135 ], [ 10.01008785521074, 53.501068008433691 ], [ 10.010088451270411, 53.501070250666118 ], [ 10.010089977335305, 53.501076098648788 ], [ 10.01007064642616, 53.501077889024508 ], [ 10.010070265551432, 53.501076453990599 ], [ 10.010068722706512, 53.501070534236852 ], [ 10.010068539592385, 53.501069807668969 ], [ 10.010070450094004, 53.50106962972135 ] ] ] } },
{ "type": "Feature", "properties": { "gebaeude_id": "DEHHALKAJ0000wnC", "dachneig": 0.0, "dachfl_2d": 13.585, "dachfl_3d": 13.585, "area_m2": 13.6, "expo_klasse": "sonnig", "schatten": 63.34, "solar_eignung": "Eignung 6 (geringe Einstrahlung / weniger geeignet / vor Ort zu prüfen)", "ertkwha_k": 0.0, "pvarea_solar": 0.0, "schatten_klasse": "schattig", "gruendach_eignung": "ungeeignet" }, "geometry": { "type": "Polygon", "coordinates": [ [ [ 10.009904445546956, 53.501101523337105 ], [ 10.009912663136175, 53.501128834637022 ], [ 10.009978104907113, 53.501122241046225 ], [ 10.009970252034442, 53.501095052516071 ], [ 10.009904445546956, 53.501101523337105 ] ] ] } },
{ "type": "Feature", "properties": { "gebaeude_id": "DEHHALKAJ0000wnC", "dachneig": 0.505, "dachfl_2d": 88.064, "dachfl_3d": 88.071, "area_m2": 88.1, "expo_klasse": "sonnig", "schatten": 65.52, "solar_eignung": "Eignung 6 (geringe Einstrahlung / weniger geeignet / vor Ort zu prüfen)", "ertkwha_k": 0.0, "pvarea_solar": 0.0, "schatten_klasse": "schattig", "gruendach_eignung": "ungeeignet" }, "geometry": { "type": "Polygon", "coordinates": [ [ [ 10.009970252034442, 53.501095052516071 ], [ 10.009960050754636, 53.501059766690908 ], [ 10.009838886006369, 53.501072709907163 ], [ 10.009836800911707, 53.50106490702543 ], [ 10.009774195302118, 53.501070937235333 ], [ 10.009780033652783, 53.501093297683688 ], [ 10.009743303988165, 53.501096978867665 ], [ 10.009757186939273, 53.5011431823051 ], [ 10.009908666825689, 53.501128158264386 ], [ 10.009912663136175, 53.501128834637022 ], [ 10.009904445546956, 53.501101523337105 ], [ 10.009970252034442, 53.501095052516071 ] ], [ [ 10.009934169290501, 53.501092966294095 ], [ 10.009938999160616, 53.501092556933727 ], [ 10.009939886282442, 53.501096261927238 ], [ 10.009935056411916, 53.501096671287669 ], [ 10.009934169290501, 53.501092966294095 ] ], [ [ 10.009960951171037, 53.50108623191597 ], [ 10.009961588145167, 53.501089561481649 ], [ 10.00995035882837, 53.501090312564138 ], [ 10.009949737142339, 53.501086991858244 ], [ 10.009960951171037, 53.50108623191597 ] ], [ [ 10.009862134592042, 53.501100640316437 ], [ 10.009861636034101, 53.501098693898726 ], [ 10.00986125473904, 53.501097240889536 ], [ 10.009872341775431, 53.501096212356174 ], [ 10.009873187850921, 53.501099459254007 ], [ 10.009873236916473, 53.501099620642854 ], [ 10.009862134592042, 53.501100640316437 ] ] ] } },
{ "type": "Feature", "properties": { "gebaeude_id": "DEHHALKAJ0000wsW", "dachneig": 0.0, "dachfl_2d": 57.822, "dachfl_3d": 57.822, "area_m2": 57.8, "expo_klasse": "sonnig", "schatten": 66.61, "solar_eignung": "Eignung 6 (geringe Einstrahlung / weniger geeignet / vor Ort zu prüfen)", "ertkwha_k": 0.0, "pvarea_solar": 0.0, "schatten_klasse": "schattig", "gruendach_eignung": "ungeeignet" }, "geometry": { "type": "Polygon", "coordinates": [ [ [ 10.009153521298741, 53.500820205983331 ], [ 10.009155882309786, 53.500835188819913 ], [ 10.009366837060417, 53.500815672172735 ], [ 10.00935387990013, 53.500766530432685 ], [ 10.009343756572797, 53.500767505835157 ], [ 10.009333181680557, 53.50076851201711 ], [ 10.009333061306036, 53.500768522022639 ], [ 10.009337281875522, 53.500786257789514 ], [ 10.009095736888481, 53.500808945096573 ], [ 10.009095770663793, 53.500809097625734 ], [ 10.009098554272608, 53.500823465638568 ], [ 10.009098570626689, 53.500823519434924 ], [ 10.009153521298741, 53.500820205983331 ] ], [ [ 10.009269978284463, 53.500819816005347 ], [ 10.009284437034262, 53.500818561297152 ], [ 10.009285238265495, 53.500821826555907 ], [ 10.009270779514612, 53.500823081264222 ], [ 10.009269978284463, 53.500819816005347 ] ], [ [ 10.009188391226722, 53.50082329147822 ], [ 10.009199034968251, 53.500822644290956 ], [ 10.009200153784644, 53.500829124958521 ], [ 10.009189510254947, 53.500829781133156 ], [ 10.009188391226722, 53.50082329147822 ] ] ] } },
{ "type": "Feature", "properties": { "gebaeude_id": "DEHHALKAJ0000wsW", "dachneig": 2.138, "dachfl_2d": 195.558, "dachfl_3d": 195.615, "area_m2": 195.6, "expo_klasse": "sonnig", "schatten": 67.28, "solar_eignung": "Eignung 6 (geringe Einstrahlung / weniger geeignet / vor Ort zu prüfen)", "ertkwha_k": 0.0, "pvarea_solar": 0.0, "schatten_klasse": "schattig", "gruendach_eignung": "ungeeignet" }, "geometry": { "type": "Polygon", "coordinates": [ [ [ 10.009184949247928, 53.501115744200078 ], [ 10.009196629136882, 53.501183477160694 ], [ 10.009294526660362, 53.501177329044957 ], [ 10.009252889829741, 53.500933788975452 ], [ 10.009236832175663, 53.500935012234301 ], [ 10.009218750558878, 53.50083959303381 ], [ 10.009137957236852, 53.500847924861148 ], [ 10.009165946210574, 53.501008188531145 ], [ 10.009214210077753, 53.501005803447505 ], [ 10.009232583181888, 53.501112222815237 ], [ 10.009184949247928, 53.501115744200078 ] ], [ [ 10.009261071947623, 53.501063090685548 ], [ 10.009260628292955, 53.501060280850488 ], [ 10.009265943296418, 53.501059984279081 ], [ 10.009266386951449, 53.501062794114112 ], [ 10.009261071947623, 53.501063090685548 ] ], [ [ 10.009248819049255, 53.501129290823741 ], [ 10.009248915336785, 53.501130170940229 ], [ 10.009243176128292, 53.501130381201783 ], [ 10.009242901058906, 53.50112768680124 ], [ 10.009247149045638, 53.501127534076055 ], [ 10.009248640267039, 53.501127476539729 ], [ 10.009248819049255, 53.501129290823741 ] ], [ [ 10.009187468660979, 53.500924102777638 ], [ 10.009188542257844, 53.500930583827 ], [ 10.009183182476184, 53.500930898751221 ], [ 10.009182109093574, 53.500924426689089 ], [ 10.009187468660979, 53.500924102777638 ] ], [ [ 10.009204808533283, 53.501003527687139 ], [ 10.009204089817052, 53.500998023451125 ], [ 10.009211740363831, 53.500997671206768 ], [ 10.009212444007492, 53.501003175570006 ], [ 10.009204808533283, 53.501003527687139 ] ], [ [ 10.009188682058774, 53.500984714868068 ], [ 10.009182042724204, 53.500985112507912 ], [ 10.00918070993888, 53.500977240339957 ], [ 10.009196864028693, 53.500976267968674 ], [ 10.009203684031103, 53.500975859813522 ], [ 10.009205016820621, 53.500983731981243 ], [ 10.009188682058774, 53.500984714868068 ] ] ] } },
{ "type": "Feature", "properties": { "gebaeude_id": "DEHHALKAJ0000wsW", "dachneig": 5.527, "dachfl_2d": 42.5, "dachfl_3d": 42.695, "area_m2": 42.5, "expo_klasse": "sonnig", "schatten": 68.18, "solar_eignung": "Eignung 6 (geringe Einstrahlung / weniger geeignet / vor Ort zu prüfen)", "ertkwha_k": 0.0, "pvarea_solar": 0.0, "schatten_klasse": "schattig", "gruendach_eignung": "ungeeignet" }, "geometry": { "type": "Polygon", "coordinates": [ [ [ 10.009184949247928, 53.501115744200078 ], [ 10.009232583181888, 53.501112222815237 ], [ 10.009229942477214, 53.501096891768164 ], [ 10.009214210077753, 53.501005803447505 ], [ 10.009205189754786, 53.501006248158774 ], [ 10.009165946210574, 53.501008188531145 ], [ 10.009160360315249, 53.501008505363302 ], [ 10.009179350612953, 53.50111616002048 ], [ 10.009184949247928, 53.501115744200078 ] ], [ [ 10.009228255595367, 53.501097598169792 ], [ 10.009228873678355, 53.501101404319755 ], [ 10.009220833974034, 53.501101876708844 ], [ 10.009220657196128, 53.501100781534007 ], [ 10.009220604077363, 53.501100449386655 ], [ 10.009220111788814, 53.501097496136879 ], [ 10.009228166779391, 53.501097032607838 ], [ 10.009228254101158, 53.5010975352589 ], [ 10.009229942477214, 53.501096891768164 ], [ 10.009228255595367, 53.501097598169792 ] ] ] } },
{ "type": "Feature", "properties": { "gebaeude_id": "DEHHALKAJ0000wsW", "dachneig": 0.0, "dachfl_2d": 156.397, "dachfl_3d": 156.397, "area_m2": 156.1, "expo_klasse": "sonnig", "schatten": 68.18, "solar_eignung": "Eignung 6 (geringe Einstrahlung / weniger geeignet / vor Ort zu prüfen)", "ertkwha_k": 0.0, "pvarea_solar": 0.0, "schatten_klasse": "schattig", "gruendach_eignung": "ungeeignet" }, "geometry": { "type": "Polygon", "coordinates": [ [ [ 10.009775060153336, 53.500814858080041 ], [ 10.010095685646281, 53.500784112133807 ], [ 10.010098182641082, 53.500783871996333 ], [ 10.010097780705326, 53.500766963633403 ], [ 10.010092904126893, 53.50074891643154 ], [ 10.010086105652681, 53.500749594128074 ], [ 10.010053707008788, 53.500752798345069 ], [ 10.010045100398264, 53.500719269898411 ], [ 10.009982195994869, 53.500725392635232 ], [ 10.009876497872854, 53.500735679276133 ], [ 10.009757908844547, 53.500747216335043 ], [ 10.009775060153336, 53.500814858080041 ] ], [ [ 10.009900053135283, 53.500762564354872 ], [ 10.009899436157454, 53.500759441368544 ], [ 10.009911326912585, 53.500758612789433 ], [ 10.009911943891233, 53.500761735775683 ], [ 10.009900053135283, 53.500762564354872 ] ], [ [ 10.009797157600284, 53.500768979921197 ], [ 10.009809525586068, 53.500767931582722 ], [ 10.009810362343089, 53.500771421264929 ], [ 10.009797994142748, 53.500772460616226 ], [ 10.009797157600284, 53.500768979921197 ] ], [ [ 10.009966271129578, 53.500774697448101 ], [ 10.009978066960663, 53.500773680893758 ], [ 10.00997898614839, 53.500777466517938 ], [ 10.009967205389749, 53.500778482945016 ], [ 10.009966271129578, 53.500774697448101 ] ], [ [ 10.009785419701755, 53.500774337692768 ], [ 10.009786057938568, 53.50077772118329 ], [ 10.009771803199326, 53.500778677589309 ], [ 10.009771149890149, 53.500775294226024 ], [ 10.009785419701755, 53.500774337692768 ] ] ] } },
{ "type": "Feature", "properties": { "gebaeude_id": "DEHHALKAJ0000wsW", "dachneig": 0.0, "dachfl_2d": 80.282, "dachfl_3d": 80.282, "area_m2": 80.3, "expo_klasse": "sonnig", "schatten": 68.18, "solar_eignung": "Eignung 6 (geringe Einstrahlung / weniger geeignet / vor Ort zu prüfen)", "ertkwha_k": 0.0, "pvarea_solar": 0.0, "schatten_klasse": "schattig", "gruendach_eignung": "ungeeignet" }, "geometry": { "type": "Polygon", "coordinates": [ [ [ 10.009546366975572, 53.500769920766913 ], [ 10.009388171640278, 53.500785261746209 ], [ 10.009377973368785, 53.500786255762605 ], [ 10.009385645173994, 53.500815360533892 ], [ 10.009388230200393, 53.500825172755057 ], [ 10.009395809106209, 53.500851635521315 ], [ 10.009565220917386, 53.500834995262245 ], [ 10.009546366975572, 53.500769920766913 ] ], [ [ 10.009427460291445, 53.500814423126769 ], [ 10.009428284848653, 53.500817400537201 ], [ 10.009416973692437, 53.500818511824008 ], [ 10.009416149136026, 53.500815534413547 ], [ 10.009427460291445, 53.500814423126769 ] ], [ [ 10.009525655060099, 53.500802420418403 ], [ 10.009513907419361, 53.500803562368077 ], [ 10.009513080934822, 53.500800504072878 ], [ 10.009524828788214, 53.500799371110539 ], [ 10.009525655060099, 53.500802420418403 ] ], [ [ 10.009535147866353, 53.50080155819473 ], [ 10.00953441267543, 53.500798535084883 ], [ 10.00953434640282, 53.500798283950409 ], [ 10.009549015739113, 53.500797009453422 ], [ 10.00954981720375, 53.500800283697593 ], [ 10.009535147866353, 53.50080155819473 ] ], [ [ 10.009483857424597, 53.50080853542088 ], [ 10.009463734332849, 53.500810611050532 ], [ 10.009461731605652, 53.50080373334162 ], [ 10.009481854694206, 53.500801657712259 ], [ 10.009483857424597, 53.50080853542088 ] ], [ [ 10.009433564812674, 53.500806110612466 ], [ 10.009430482695763, 53.500792509199485 ], [ 10.009444236179187, 53.500791395263917 ], [ 10.009447333373922, 53.500804996549277 ], [ 10.009433564812674, 53.500806110612466 ] ] ] } },
{ "type": "Feature", "properties": { "gebaeude_id": "DEHHALKAJ0000wsW", "dachneig": 0.0, "dachfl_2d": 118.674, "dachfl_3d": 118.674, "area_m2": 118.7, "expo_klasse": "sonnig", "schatten": 68.18, "solar_eignung": "Eignung 6 (geringe Einstrahlung / weniger geeignet / vor Ort zu prüfen)", "ertkwha_k": 0.0, "pvarea_solar": 0.0, "schatten_klasse": "schattig", "gruendach_eignung": "ungeeignet" }, "geometry": { "type": "Polygon", "coordinates": [ [ [ 10.009689393566376, 53.50082620683375 ], [ 10.009739788181641, 53.500821502334418 ], [ 10.009753402160033, 53.500820227738409 ], [ 10.009766189016633, 53.50081904102985 ], [ 10.009775891782768, 53.500818132067941 ], [ 10.009775060153336, 53.500814858080041 ], [ 10.009757908844547, 53.500747216335043 ], [ 10.009757109500628, 53.50074403196507 ], [ 10.009721906312349, 53.500747223827553 ], [ 10.009685995946043, 53.500750475587672 ], [ 10.009676157104821, 53.500751367713619 ], [ 10.009623818725705, 53.500756115571832 ], [ 10.009578580929642, 53.500760210155406 ], [ 10.009544446010144, 53.500763312041016 ], [ 10.009546366975572, 53.500769920766913 ], [ 10.009565220917386, 53.500834995262245 ], [ 10.009566009358846, 53.500837721282565 ], [ 10.009575877728865, 53.500836801949156 ], [ 10.009589326335725, 53.500835546746778 ], [ 10.009602443964983, 53.500834321305724 ], [ 10.009639374923429, 53.500830872179755 ], [ 10.009652582777264, 53.500829636981997 ], [ 10.009665294272033, 53.500828450920814 ], [ 10.009676802447542, 53.500827382891593 ], [ 10.009689393566376, 53.50082620683375 ] ] ] } },
{ "type": "Feature", "properties": { "gebaeude_id": "DEHHALKAJ0000wai", "dachneig": 18.058, "dachfl_2d": 87.975, "dachfl_3d": 92.598, "area_m2": 88.0, "expo_klasse": "sonnig", "schatten": 68.18, "solar_eignung": "Eignung 6 (geringe Einstrahlung / weniger geeignet / vor Ort zu prüfen)", "ertkwha_k": 0.0, "pvarea_solar": 0.0, "schatten_klasse": "schattig", "gruendach_eignung": "ungeeignet" }, "geometry": { "type": "Polygon", "coordinates": [ [ [ 10.008498820789693, 53.501215875457248 ], [ 10.008492343530882, 53.501194518127193 ], [ 10.008249923376832, 53.501221103366412 ], [ 10.008251741778635, 53.501227209588791 ], [ 10.008264192601672, 53.501269038603688 ], [ 10.008506656462925, 53.501241742830977 ], [ 10.008498820789693, 53.501215875457248 ] ] ] } },
{ "type": "Feature", "properties": { "gebaeude_id": "DEHHALKAJ0000wai", "dachneig": 5.661, "dachfl_2d": 106.159, "dachfl_3d": 106.665, "area_m2": 106.2, "expo_klasse": "sonnig", "schatten": 68.18, "solar_eignung": "Eignung 6 (geringe Einstrahlung / weniger geeignet / vor Ort zu prüfen)", "ertkwha_k": 0.0, "pvarea_solar": 0.0, "schatten_klasse": "schattig", "gruendach_eignung": "ungeeignet" }, "geometry": { "type": "Polygon", "coordinates": [ [ [ 10.008511367768991, 53.501257299127673 ], [ 10.008511122466127, 53.501256492180524 ], [ 10.008506656462925, 53.501241742830977 ], [ 10.008264192601672, 53.501269038603688 ], [ 10.008279935571661, 53.501321896410168 ], [ 10.008281050152322, 53.501325662420228 ], [ 10.008524242484297, 53.501299825687767 ], [ 10.008511367768991, 53.501257299127673 ] ] ] } },
{ "type": "Feature", "properties": { "gebaeude_id": "DEHHALKAJ0000xQO", "dachneig": 18.189, "dachfl_2d": 89.111, "dachfl_3d": 93.894, "area_m2": 89.1, "expo_klasse": "sonnig", "schatten": 69.72, "solar_eignung": "Eignung 6 (geringe Einstrahlung / weniger geeignet / vor Ort zu prüfen)", "ertkwha_k": 0.0, "pvarea_solar": 0.0, "schatten_klasse": "schattig", "gruendach_eignung": "ungeeignet" }, "geometry": { "type": "Polygon", "coordinates": [ [ [ 10.008210887704831, 53.501274387271401 ], [ 10.008264192601672, 53.501269038603688 ], [ 10.008249923376832, 53.501221103366412 ], [ 10.008027611788, 53.501245001594782 ], [ 10.008001385134586, 53.501247829596977 ], [ 10.008014144291, 53.501290590900574 ], [ 10.008015176016732, 53.501294042994068 ], [ 10.008210887704831, 53.501274387271401 ] ] ] } },
{ "type": "Feature", "properties": { "gebaeude_id": "DEHHALKAJ0000xQO", "dachneig": 5.659, "dachfl_2d": 107.201, "dachfl_3d": 107.71, "area_m2": 107.2, "expo_klasse": "sonnig", "schatten": 80.59, "solar_eignung": "Eignung 6 (geringe Einstrahlung / weniger geeignet / vor Ort zu prüfen)", "ertkwha_k": 0.0, "pvarea_solar": 0.0, "schatten_klasse": "schattig", "gruendach_eignung": "ungeeignet" }, "geometry": { "type": "Polygon", "coordinates": [ [ [ 10.008264192601672, 53.501269038603688 ], [ 10.008210887704831, 53.501274387271401 ], [ 10.008015176016732, 53.501294042994068 ], [ 10.008032633615104, 53.501352459599033 ], [ 10.008281050152322, 53.501325662420228 ], [ 10.008264192601672, 53.501269038603688 ] ], [ [ 10.008223535525971, 53.501283853956082 ], [ 10.008213925406594, 53.50128486088974 ], [ 10.008211726833423, 53.501277346588587 ], [ 10.008221336951188, 53.501276339655135 ], [ 10.008223535525971, 53.501283853956082 ] ], [ [ 10.008158119365035, 53.501319508049434 ], [ 10.008145730410719, 53.501320951912376 ], [ 10.008141893472704, 53.501309199595404 ], [ 10.008154282636967, 53.501307764720195 ], [ 10.008158119365035, 53.501319508049434 ] ] ] } },
{ "type": "Feature", "properties": { "gebaeude_id": "DEHHALKAJ0000xPp", "dachneig": 6.724, "dachfl_2d": 221.475, "dachfl_3d": 223.311, "area_m2": 221.5, "expo_klasse": "sonnig", "schatten": 80.73, "solar_eignung": "Eignung 6 (geringe Einstrahlung / weniger geeignet / vor Ort zu prüfen)", "ertkwha_k": 0.0, "pvarea_solar": 0.0, "schatten_klasse": "schattig", "gruendach_eignung": "ungeeignet" }, "geometry": { "type": "Polygon", "coordinates": [ [ [ 10.008308277530739, 53.500697249137616 ], [ 10.008308482601821, 53.500709068043506 ], [ 10.0083813332439, 53.500701486952067 ], [ 10.008381118946923, 53.500700715699303 ], [ 10.008370528673094, 53.500663590262469 ], [ 10.008369887489554, 53.500661348402375 ], [ 10.008369755385081, 53.500660864106678 ], [ 10.008369558508033, 53.500660191586775 ], [ 10.00836725585091, 53.500652102864898 ], [ 10.008367092319908, 53.500651564899869 ], [ 10.008364197966687, 53.500641413681826 ], [ 10.008365506371444, 53.500641276797019 ], [ 10.008369325858208, 53.500640858045365 ], [ 10.008368268954037, 53.50063634545586 ], [ 10.008362869740886, 53.500636903381142 ], [ 10.008280799862982, 53.500645434169797 ], [ 10.008277823485008, 53.500634366755811 ], [ 10.008213269323313, 53.500640223816013 ], [ 10.008216737058426, 53.500652302852686 ], [ 10.008052249818817, 53.500669340135524 ], [ 10.008049134916678, 53.500658786261681 ], [ 10.007985323335244, 53.500664807728477 ], [ 10.007988551261295, 53.500676313492889 ], [ 10.007901895998051, 53.50068348938175 ], [ 10.007914622696498, 53.500729343214822 ], [ 10.007919930644663, 53.500748454178265 ], [ 10.00799511553604, 53.500741392984295 ], [ 10.007992160481495, 53.500730586067029 ], [ 10.008080351271907, 53.50072203981248 ], [ 10.008082643541176, 53.500732870295515 ], [ 10.008223304303998, 53.500718128401438 ], [ 10.008215836252241, 53.500707107861558 ], [ 10.008308277530739, 53.500697249137616 ] ], [ [ 10.008066543390331, 53.500701796004243 ], [ 10.008069464233611, 53.500701627546015 ], [ 10.008080861210461, 53.500700956127652 ], [ 10.008082198686745, 53.500709035016627 ], [ 10.008073677331124, 53.500709538358159 ], [ 10.008067880863896, 53.500709874893438 ], [ 10.008066543390331, 53.500701796004243 ] ] ] } },
{ "type": "Feature", "properties": { "gebaeude_id": "DEHHALKAJ0000xPp", "dachneig": 0.0, "dachfl_2d": 14.434, "dachfl_3d": 14.434, "area_m2": 14.4, "expo_klasse": "sonnig", "schatten": 81.09, "solar_eignung": "Eignung 6 (geringe Einstrahlung / weniger geeignet / vor Ort zu prüfen)", "ertkwha_k": 0.0, "pvarea_solar": 0.0, "schatten_klasse": "schattig", "gruendach_eignung": "ungeeignet" }, "geometry": { "type": "Polygon", "coordinates": [ [ [ 10.007980576114118, 53.500762127545073 ], [ 10.007969702064452, 53.500763235008847 ], [ 10.007970118128934, 53.50076488549032 ], [ 10.00794315758016, 53.500767270216002 ], [ 10.007942840485065, 53.500765978462901 ], [ 10.007925288721379, 53.500767771467451 ], [ 10.007926245272298, 53.500771233184935 ], [ 10.007977240258958, 53.500767045733085 ], [ 10.007977768447249, 53.500768973930427 ], [ 10.008113274510158, 53.500754922848266 ], [ 10.008112849123657, 53.500753515150954 ], [ 10.008203464782799, 53.500744229228459 ], [ 10.008204022488259, 53.500746130208633 ], [ 10.008344519719993, 53.500730850206587 ], [ 10.008344089420895, 53.500729235802758 ], [ 10.008392653505039, 53.500723630427728 ], [ 10.008392273969944, 53.500722249311799 ], [ 10.008391680990707, 53.500720132892198 ], [ 10.008334378341276, 53.500725982776061 ], [ 10.008336552898886, 53.500727402684248 ], [ 10.008207025632478, 53.500741169875056 ], [ 10.008208688781172, 53.500738827676109 ], [ 10.008105438691869, 53.500749370761845 ], [ 10.0081089816498, 53.500751911756922 ], [ 10.007978373993264, 53.50076526532456 ], [ 10.007980576114118, 53.500762127545073 ] ] ] } },
{ "type": "Feature", "properties": { "gebaeude_id": "DEHHALKAJ0000xPr", "dachneig": 0.0, "dachfl_2d": 17.641, "dachfl_3d": 17.641, "area_m2": 17.6, "expo_klasse": "sonnig", "schatten": 81.96, "solar_eignung": "Eignung 6 (geringe Einstrahlung / weniger geeignet / vor Ort zu prüfen)", "ertkwha_k": 0.0, "pvarea_solar": 0.0, "schatten_klasse": "schattig", "gruendach_eignung": "ungeeignet" }, "geometry": { "type": "Polygon", "coordinates": [ [ [ 10.008731714214957, 53.500514272468124 ], [ 10.008735493373363, 53.500514060793783 ], [ 10.008745064627428, 53.500578108097038 ], [ 10.008743286389306, 53.500578141082087 ], [ 10.008758712480168, 53.50066336218439 ], [ 10.008761518427193, 53.500664704843778 ], [ 10.008733502455014, 53.500687404980219 ], [ 10.008729727751698, 53.500685899703122 ], [ 10.008556778902818, 53.500703413596732 ], [ 10.008558018412677, 53.500704185187928 ], [ 10.008434937339789, 53.500717035284154 ], [ 10.008435929703417, 53.50071565158327 ], [ 10.008391680990707, 53.500720132892198 ], [ 10.008392273969944, 53.500722249311799 ], [ 10.008392653505039, 53.500723630427728 ], [ 10.008431013821982, 53.500719423523357 ], [ 10.008431605523414, 53.500721486019067 ], [ 10.008436102470268, 53.50072102559357 ], [ 10.008565306727371, 53.500707629431567 ], [ 10.00856474026032, 53.500705359974745 ], [ 10.008727592523581, 53.500688677369034 ], [ 10.008733653423048, 53.5006912240639 ], [ 10.008765484465764, 53.500666648969911 ], [ 10.008768549199244, 53.500664285945412 ], [ 10.008762496120912, 53.500661433557717 ], [ 10.008748238784772, 53.500576544177406 ], [ 10.008746157797992, 53.500576525783053 ], [ 10.008736355842384, 53.500516732260323 ], [ 10.008736154618754, 53.500515241771623 ], [ 10.00873737492477, 53.500515204506073 ], [ 10.008737132107825, 53.500513867182747 ], [ 10.008714181271584, 53.500391737502063 ], [ 10.008713428456742, 53.500391779811302 ], [ 10.008709574582278, 53.500392019082717 ], [ 10.008731714214957, 53.500514272468124 ] ] ] } },
{ "type": "Feature", "properties": { "gebaeude_id": "DEHHALKAJ0000xPr", "dachneig": 10.52, "dachfl_2d": 121.706, "dachfl_3d": 123.884, "area_m2": 121.7, "expo_klasse": "sonnig", "schatten": 82.48, "solar_eignung": "Eignung 6 (geringe Einstrahlung / weniger geeignet / vor Ort zu prüfen)", "ertkwha_k": 0.0, "pvarea_solar": 0.0, "schatten_klasse": "schattig", "gruendach_eignung": "ungeeignet" }, "geometry": { "type": "Polygon", "coordinates": [ [ [ 10.008614223413749, 53.500463450886507 ], [ 10.008615138565142, 53.500468342211441 ], [ 10.008615518604389, 53.500470379525154 ], [ 10.00862014357614, 53.500470232629972 ], [ 10.008623962537262, 53.500493293344178 ], [ 10.008619730538069, 53.500493481868872 ], [ 10.008621226310122, 53.500501874034427 ], [ 10.008636820146366, 53.500589727536557 ], [ 10.008721765869115, 53.500664878519075 ], [ 10.008703094776857, 53.500559180711555 ], [ 10.008699470309756, 53.500538599343948 ], [ 10.008673956228073, 53.500394225342632 ], [ 10.008602252873763, 53.500398668735222 ], [ 10.008614223413749, 53.500463450886507 ] ] ] } },
{ "type": "Feature", "properties": { "gebaeude_id": "DEHHALKAJ0000xPr", "dachneig": 7.551, "dachfl_2d": 25.913, "dachfl_3d": 26.062, "area_m2": 25.9, "expo_klasse": "sonnig", "schatten": 84.66, "solar_eignung": "Eignung 6 (geringe Einstrahlung / weniger geeignet / vor Ort zu prüfen)", "ertkwha_k": 0.0, "pvarea_solar": 0.0, "schatten_klasse": "schattig", "gruendach_eignung": "ungeeignet" }, "geometry": { "type": "Polygon", "coordinates": [ [ [ 10.008614346477488, 53.500636318789525 ], [ 10.008648848146073, 53.500645493153748 ], [ 10.00864779782548, 53.50064125917244 ], [ 10.008661142805103, 53.500640085850442 ], [ 10.008663093494548, 53.500647952810056 ], [ 10.008659347244093, 53.500648281062325 ], [ 10.008721765869115, 53.500664878519075 ], [ 10.008636820146366, 53.500589727536557 ], [ 10.008603023660896, 53.500592475723856 ], [ 10.008607820913815, 53.500619276628392 ], [ 10.008610788036076, 53.500619152711742 ], [ 10.008614346477488, 53.500636318789525 ] ] ] } },
{ "type": "Feature", "properties": { "gebaeude_id": "DEHHALKAJ0000xPr", "dachneig": 11.969, "dachfl_2d": 82.955, "dachfl_3d": 84.809, "area_m2": 83.0, "expo_klasse": "sonnig", "schatten": null, "solar_eignung": null, "ertkwha_k": null, "pvarea_solar": null, "schatten_klasse": "sonnig (geometrisch)", "gruendach_eignung": "sehr gut geeignet" }, "geometry": { "type": "Polygon", "coordinates": [ [ [ 10.008515970303291, 53.500646389629054 ], [ 10.008462022113561, 53.500651914632478 ], [ 10.008445282680281, 53.500653628947553 ], [ 10.008375287414584, 53.500661455662453 ], [ 10.008385914946405, 53.500699515648527 ], [ 10.008452480629806, 53.500692652726258 ], [ 10.008461143540311, 53.500691761633163 ], [ 10.00852052007841, 53.500685633507004 ], [ 10.008527107539976, 53.500684957679979 ], [ 10.008591552511055, 53.500678310332979 ], [ 10.008721765869115, 53.500664878519075 ], [ 10.008659347244093, 53.500648281062325 ], [ 10.008649748725817, 53.500649135119538 ], [ 10.008648848146073, 53.500645493153748 ], [ 10.008614346477488, 53.500636318789525 ], [ 10.008581228544275, 53.50063970845833 ], [ 10.008515970303291, 53.500646389629054 ] ], [ [ 10.008582575493159, 53.50064437141296 ], [ 10.008586651440034, 53.50064395947949 ], [ 10.008594557026095, 53.500672774676936 ], [ 10.008595283188427, 53.500675420327347 ], [ 10.00859298292113, 53.50067569143097 ], [ 10.008590862895463, 53.500675934046534 ], [ 10.008582575493159, 53.50064437141296 ] ] ] } },
{ "type": "Feature", "properties": { "gebaeude_id": "DEHHALKAJ0000xUi", "dachneig": 4.107, "dachfl_2d": 244.395, "dachfl_3d": 244.74, "area_m2": 244.4, "expo_klasse": "sonnig", "schatten": null, "solar_eignung": null, "ertkwha_k": null, "pvarea_solar": null, "schatten_klasse": "sonnig (geometrisch)", "gruendach_eignung": "sehr gut geeignet" }, "geometry": { "type": "Polygon", "coordinates": [ [ [ 10.008884100358017, 53.501891928658267 ], [ 10.008886384334884, 53.501891603752362 ], [ 10.008949077361125, 53.501882849585719 ], [ 10.008963291431773, 53.501872544984316 ], [ 10.00895501290991, 53.501829314485903 ], [ 10.008954547655316, 53.50182686439544 ], [ 10.008928537796876, 53.501690890453979 ], [ 10.008873221861716, 53.501694108000393 ], [ 10.008874349828845, 53.501700975122993 ], [ 10.008850726945308, 53.501702352071128 ], [ 10.00884959876857, 53.501695475961014 ], [ 10.008816866890642, 53.501697379235679 ], [ 10.008817143705768, 53.501698878075075 ], [ 10.008826484116625, 53.501750010007655 ], [ 10.008776352006096, 53.501753120834898 ], [ 10.008778735206063, 53.501769676577304 ], [ 10.008829864907979, 53.501766035963286 ], [ 10.008838459642643, 53.501811160496402 ], [ 10.00881665360763, 53.50181413114808 ], [ 10.008775265846758, 53.501819775006403 ], [ 10.008781526388066, 53.501837709311111 ], [ 10.008704304453623, 53.501847952336249 ], [ 10.008711208365309, 53.501890448357763 ], [ 10.008713124783885, 53.501898774047213 ], [ 10.008713174699423, 53.50189897138565 ], [ 10.008716924275141, 53.501915290871324 ], [ 10.008884100358017, 53.501891928658267 ] ], [ [ 10.008829172762166, 53.501853092011174 ], [ 10.008832741217558, 53.501861781297151 ], [ 10.008828293857276, 53.501862430089162 ], [ 10.00882162302997, 53.501863412264079 ], [ 10.008819239605341, 53.501857643415001 ], [ 10.008818039502819, 53.501854723104984 ], [ 10.008829172762166, 53.501853092011174 ] ] ] } },
{ "type": "Feature", "properties": { "gebaeude_id": "DEHHALKAJ0000xUi", "dachneig": 2.596, "dachfl_2d": 205.376, "dachfl_3d": 205.638, "area_m2": 205.4, "expo_klasse": "sonnig", "schatten": null, "solar_eignung": null, "ertkwha_k": null, "pvarea_solar": null, "schatten_klasse": "sonnig (geometrisch)", "gruendach_eignung": "sehr gut geeignet" }, "geometry": { "type": "Polygon", "coordinates": [ [ [ 10.00881312699453, 53.501473178305247 ], [ 10.008810914567549, 53.50147334080264 ], [ 10.008810580019725, 53.501471950319349 ], [ 10.008810294533877, 53.50147072122536 ], [ 10.008807767258357, 53.501460162412371 ], [ 10.008807750691034, 53.501460099628687 ], [ 10.008759240784295, 53.501465479984574 ], [ 10.008760076967897, 53.501468313475762 ], [ 10.008765126353049, 53.501485404041198 ], [ 10.008780043242947, 53.501483750009371 ], [ 10.008786238359228, 53.501517982061216 ], [ 10.008736690278061, 53.501522184611289 ], [ 10.008740298051078, 53.501538882835028 ], [ 10.00878918170066, 53.501535270180916 ], [ 10.008804915128245, 53.501619445939077 ], [ 10.008761562113154, 53.501622319766078 ], [ 10.008765706485514, 53.501645108053587 ], [ 10.008808303699405, 53.501642150713103 ], [ 10.008816415439137, 53.501694875093698 ], [ 10.00892776133016, 53.50168866771709 ], [ 10.008919652207066, 53.501641139007177 ], [ 10.008923716373166, 53.501640861998141 ], [ 10.008916261858033, 53.501595503118736 ], [ 10.008911793691407, 53.501595909384555 ], [ 10.00888632610064, 53.501456092517351 ], [ 10.008834748100529, 53.501457345846518 ], [ 10.008837002134731, 53.501467826063376 ], [ 10.008837763671147, 53.501471325375711 ], [ 10.008830780548124, 53.50147185174432 ], [ 10.008829832395701, 53.501471922670085 ], [ 10.00881312699453, 53.501473178305247 ] ], [ [ 10.00883093052135, 53.501556275878961 ], [ 10.008832215128949, 53.501564660833814 ], [ 10.008815456361781, 53.50156557533461 ], [ 10.008814171757484, 53.501557190379543 ], [ 10.00883093052135, 53.501556275878961 ] ] ] } },
{ "type": "Feature", "properties": { "gebaeude_id": "DEHHALKAJ0000xUi", "dachneig": 3.087, "dachfl_2d": 96.369, "dachfl_3d": 96.444, "area_m2": 96.4, "expo_klasse": "sonnig", "schatten": null, "solar_eignung": null, "ertkwha_k": null, "pvarea_solar": null, "schatten_klasse": "sonnig (geometrisch)", "gruendach_eignung": "sehr gut geeignet" }, "geometry": { "type": "Polygon", "coordinates": [ [ [ 10.008881182899378, 53.501416637927505 ], [ 10.008863018916271, 53.501408530274212 ], [ 10.008799041160422, 53.501414580540633 ], [ 10.00879974758085, 53.501417028596492 ], [ 10.008630839604525, 53.501434679273089 ], [ 10.008648557289034, 53.501496392586283 ], [ 10.008759329497632, 53.501485093399396 ], [ 10.008753180839072, 53.501462978228254 ], [ 10.00881178687469, 53.501456739606532 ], [ 10.008814852704111, 53.501470296225548 ], [ 10.008832759309495, 53.501468832692524 ], [ 10.008829916090527, 53.501454492145534 ], [ 10.008885822384707, 53.501453292177175 ], [ 10.008881182899378, 53.501416637927505 ] ] ] } },
{ "type": "Feature", "properties": { "gebaeude_id": "DEHHALKAJ0000wzd", "dachneig": 0.0, "dachfl_2d": 89.101, "dachfl_3d": 89.101, "area_m2": 89.1, "expo_klasse": "sonnig", "schatten": null, "solar_eignung": null, "ertkwha_k": null, "pvarea_solar": null, "schatten_klasse": "sonnig (geometrisch)", "gruendach_eignung": "sehr gut geeignet" }, "geometry": { "type": "Polygon", "coordinates": [ [ [ 10.007971429930365, 53.501760819050823 ], [ 10.007964505790207, 53.50174222510914 ], [ 10.007964489650375, 53.501742180299857 ], [ 10.007956390081507, 53.501720432115185 ], [ 10.007956374581291, 53.501720414267709 ], [ 10.007949370608276, 53.501701632227665 ], [ 10.007949338328677, 53.501701542609126 ], [ 10.007941126010303, 53.501679489745491 ], [ 10.007935131380775, 53.501680376278358 ], [ 10.007923037920971, 53.501647883868223 ], [ 10.007931722018078, 53.501646606105517 ], [ 10.007890702760932, 53.501537483030411 ], [ 10.00785727105032, 53.501542295414822 ], [ 10.008001219759104, 53.501920887987858 ], [ 10.008023607457938, 53.501918281132248 ], [ 10.008020673396919, 53.501910269642629 ], [ 10.008029781745991, 53.501909078186095 ], [ 10.007986627760372, 53.501792611096768 ], [ 10.007986596120228, 53.501792548440058 ], [ 10.007977459565884, 53.501793821032955 ], [ 10.007977444065602, 53.501793803185492 ], [ 10.007965039745487, 53.501761556106409 ], [ 10.007971429930365, 53.501760819050823 ] ] ] } },
{ "type": "Feature", "properties": { "gebaeude_id": "DEHHALKAJ0000wel", "dachneig": 0.0, "dachfl_2d": 86.532, "dachfl_3d": 86.532, "area_m2": 86.5, "expo_klasse": "sonnig", "schatten": null, "solar_eignung": null, "ertkwha_k": null, "pvarea_solar": null, "schatten_klasse": "sonnig (geometrisch)", "gruendach_eignung": "sehr gut geeignet" }, "geometry": { "type": "Polygon", "coordinates": [ [ [ 10.008124951442239, 53.501604867326499 ], [ 10.008078945128345, 53.501592499833961 ], [ 10.00811867123163, 53.501698568477273 ], [ 10.008189072253757, 53.501888228474449 ], [ 10.008227715073684, 53.501883174284416 ], [ 10.008124951442239, 53.501604867326499 ] ] ] } },
{ "type": "Feature", "properties": { "gebaeude_id": "DEHHALKAJ0000xQ1", "dachneig": 9.851, "dachfl_2d": 203.379, "dachfl_3d": 206.411, "area_m2": 203.4, "expo_klasse": "sonnig", "schatten": null, "solar_eignung": null, "ertkwha_k": null, "pvarea_solar": null, "schatten_klasse": "sonnig (geometrisch)", "gruendach_eignung": "sehr gut geeignet" }, "geometry": { "type": "Polygon", "coordinates": [ [ [ 10.008699565420207, 53.501847111398298 ], [ 10.008696725271216, 53.501831629210621 ], [ 10.008646346478859, 53.50183769048121 ], [ 10.008646121010722, 53.501837719351016 ], [ 10.008621510353352, 53.501840677676746 ], [ 10.008532969737267, 53.501852364459445 ], [ 10.008510906123144, 53.501855283293963 ], [ 10.008510846040936, 53.501855292789983 ], [ 10.008423102786006, 53.501866909840018 ], [ 10.008423057777625, 53.501866919208815 ], [ 10.00840078375354, 53.501869866765254 ], [ 10.008312303949285, 53.501881579838148 ], [ 10.00824449099531, 53.501890601583362 ], [ 10.008245278519578, 53.501893291663073 ], [ 10.008250347547515, 53.501892790463373 ], [ 10.008260633708153, 53.501931069070935 ], [ 10.008266025723373, 53.501951168105563 ], [ 10.008707556502944, 53.501890946606963 ], [ 10.008699565420207, 53.501847111398298 ] ], [ [ 10.008626562146448, 53.501880735313676 ], [ 10.008637741495194, 53.501879139805126 ], [ 10.008641505734365, 53.501888456679865 ], [ 10.008630326383303, 53.501890052188799 ], [ 10.008626562146448, 53.501880735313676 ] ], [ [ 10.008321734894972, 53.501928926642343 ], [ 10.008319486491198, 53.501922491453037 ], [ 10.008319307881816, 53.501921953615224 ], [ 10.008320826294446, 53.501921770014199 ], [ 10.008335874115156, 53.501919908185343 ], [ 10.008338301130919, 53.501926881212064 ], [ 10.008321734894972, 53.501928926642343 ] ] ] } },
{ "type": "Feature", "properties": { "gebaeude_id": "DEHHALKAJ0000xQ1", "dachneig": 0.0, "dachfl_2d": 54.682, "dachfl_3d": 54.682, "area_m2": 54.7, "expo_klasse": "sonnig", "schatten": null, "solar_eignung": null, "ertkwha_k": null, "pvarea_solar": null, "schatten_klasse": "sonnig (geometrisch)", "gruendach_eignung": "sehr gut geeignet" }, "geometry": { "type": "Polygon", "coordinates": [ [ [ 10.008537398488386, 53.501795668951857 ], [ 10.008554709034611, 53.501840863790498 ], [ 10.008617975644396, 53.501831502689782 ], [ 10.008619341404799, 53.501835050839219 ], [ 10.008619867710484, 53.501834992463813 ], [ 10.008644353580198, 53.501832493634211 ], [ 10.008646346478859, 53.50183769048121 ], [ 10.008696725271216, 53.501831629210621 ], [ 10.008696532789582, 53.501830507200502 ], [ 10.008700094416996, 53.501830018702144 ], [ 10.008701356995484, 53.501829855233325 ], [ 10.008703041429087, 53.501829679215469 ], [ 10.008693074873147, 53.501778840208644 ], [ 10.008690666042975, 53.501778986382952 ], [ 10.008690814508721, 53.501779524474649 ], [ 10.008537398488386, 53.501795668951857 ] ] ] } },
{ "type": "Feature", "properties": { "gebaeude_id": "DEHHALKAJ0000xQ1", "dachneig": 2.913, "dachfl_2d": 16.236, "dachfl_3d": 16.257, "area_m2": 16.2, "expo_klasse": "sonnig", "schatten": null, "solar_eignung": null, "ertkwha_k": null, "pvarea_solar": null, "schatten_klasse": "sonnig (geometrisch)", "gruendach_eignung": "sehr gut geeignet" }, "geometry": { "type": "Polygon", "coordinates": [ [ [ 10.008493187059479, 53.501797956644467 ], [ 10.008512586076717, 53.501849201494281 ], [ 10.008530447914357, 53.50184647991447 ], [ 10.008530868489805, 53.501846413442443 ], [ 10.00853017444973, 53.501844486647094 ], [ 10.008554709034611, 53.501840863790498 ], [ 10.008537398488386, 53.501795668951857 ], [ 10.00853173633198, 53.501794682981718 ], [ 10.008531209600049, 53.501794723382226 ], [ 10.008493187059479, 53.501797956644467 ] ] ] } },
{ "type": "Feature", "properties": { "gebaeude_id": "DEHHALKAJ0000xQ1", "dachneig": 8.922, "dachfl_2d": 42.94, "dachfl_3d": 43.466, "area_m2": 42.9, "expo_klasse": "sonnig", "schatten": null, "solar_eignung": null, "ertkwha_k": null, "pvarea_solar": null, "schatten_klasse": "sonnig (geometrisch)", "gruendach_eignung": "sehr gut geeignet" }, "geometry": { "type": "Polygon", "coordinates": [ [ [ 10.008443659604607, 53.501796055315474 ], [ 10.00839273559823, 53.501802013210053 ], [ 10.008414229608407, 53.501861492372512 ], [ 10.008420800900142, 53.501860762754148 ], [ 10.008508829124928, 53.501849718602244 ], [ 10.008489339668808, 53.501798474514871 ], [ 10.008487651752345, 53.501794057141666 ], [ 10.008486870542937, 53.501790998458091 ], [ 10.008443659604607, 53.501796055315474 ] ] ] } },
{ "type": "Feature", "properties": { "gebaeude_id": "DEHHALKAJ0000whs", "dachneig": 11.748, "dachfl_2d": 75.72, "dachfl_3d": 77.499, "area_m2": 75.7, "expo_klasse": "sonnig", "schatten": null, "solar_eignung": null, "ertkwha_k": null, "pvarea_solar": null, "schatten_klasse": "sonnig (geometrisch)", "gruendach_eignung": "sehr gut geeignet" }, "geometry": { "type": "Polygon", "coordinates": [ [ [ 10.008234811904227, 53.50089558357336 ], [ 10.008246204900983, 53.500937313645714 ], [ 10.008322890745401, 53.500929322700522 ], [ 10.008331211878176, 53.500955959051723 ], [ 10.008386701957791, 53.50094995366954 ], [ 10.008383916996278, 53.500942507241504 ], [ 10.008376706773808, 53.500923295488185 ], [ 10.008457619773885, 53.500915547456934 ], [ 10.008451517075931, 53.500894088083967 ], [ 10.008451285570189, 53.50089322708574 ], [ 10.008446234821342, 53.500875435369714 ], [ 10.008234811904227, 53.50089558357336 ] ], [ [ 10.008374067606907, 53.500905474435832 ], [ 10.008387473611396, 53.500904327597247 ], [ 10.008389178324684, 53.500911360651791 ], [ 10.008375772531318, 53.500912516477889 ], [ 10.008374067606907, 53.500905474435832 ] ] ] } },
{ "type": "Feature", "properties": { "gebaeude_id": "DEHHALKAJ0000xLR", "dachneig": 0.0, "dachfl_2d": 14.99, "dachfl_3d": 14.99, "area_m2": 15.0, "expo_klasse": "sonnig", "schatten": null, "solar_eignung": null, "ertkwha_k": null, "pvarea_solar": null, "schatten_klasse": "sonnig (geometrisch)", "gruendach_eignung": "sehr gut geeignet" }, "geometry": { "type": "Polygon", "coordinates": [ [ [ 10.007920947169755, 53.501363981560061 ], [ 10.007925470864292, 53.501362738878981 ], [ 10.007912721207274, 53.501316561637964 ], [ 10.007912656009301, 53.501316355438988 ], [ 10.007902959269938, 53.501317524881308 ], [ 10.007900954425052, 53.501310548285709 ], [ 10.007892076933707, 53.501311297321763 ], [ 10.007883154434136, 53.50131205572567 ], [ 10.007879468840013, 53.501312401419924 ], [ 10.007884049075118, 53.501329433053911 ], [ 10.007877168135376, 53.501334902496708 ], [ 10.007872767841842, 53.501343254494017 ], [ 10.00787488596921, 53.501353735874282 ], [ 10.007886667805932, 53.501361654786109 ], [ 10.00790451295825, 53.501365864016776 ], [ 10.007920947169755, 53.501363981560061 ] ] ] } },
{ "type": "Feature", "properties": { "gebaeude_id": "DEHHALKAJ0000xLR", "dachneig": 20.365, "dachfl_2d": 17.635, "dachfl_3d": 18.894, "area_m2": 17.6, "expo_klasse": "sonnig", "schatten": null, "solar_eignung": null, "ertkwha_k": null, "pvarea_solar": null, "schatten_klasse": "sonnig (geometrisch)", "gruendach_eignung": "sehr gut geeignet" }, "geometry": { "type": "Polygon", "coordinates": [ [ [ 10.007845550861299, 53.50118610324774 ], [ 10.007883154434136, 53.50131205572567 ], [ 10.007892076933707, 53.501311297321763 ], [ 10.007900954425052, 53.501310548285709 ], [ 10.007864479557796, 53.501183876159153 ], [ 10.007845534082323, 53.501186031476614 ], [ 10.007845550861299, 53.50118610324774 ] ] ] } },
{ "type": "Feature", "properties": { "gebaeude_id": "DEHHALKAJ0000xLR", "dachneig": 13.223, "dachfl_2d": 260.606, "dachfl_3d": 267.376, "area_m2": 260.6, "expo_klasse": "sonnig", "schatten": null, "solar_eignung": null, "ertkwha_k": null, "pvarea_solar": null, "schatten_klasse": "sonnig (geometrisch)", "gruendach_eignung": "sehr gut geeignet" }, "geometry": { "type": "Polygon", "coordinates": [ [ [ 10.008014144291, 53.501290590900574 ], [ 10.008001385134586, 53.501247829596977 ], [ 10.008027611788, 53.501245001594782 ], [ 10.00798240525066, 53.501091552767583 ], [ 10.007904402099447, 53.501099320884471 ], [ 10.007896843171668, 53.501074934336081 ], [ 10.007806311698422, 53.501084623821292 ], [ 10.007836977212721, 53.501186948597741 ], [ 10.007836993778545, 53.501187011381575 ], [ 10.007845534082323, 53.501186031476614 ], [ 10.007864479557796, 53.501183876159153 ], [ 10.007900954425052, 53.501310548285709 ], [ 10.007902959269938, 53.501317524881308 ], [ 10.007912656009301, 53.501316355438988 ], [ 10.007912721207274, 53.501316561637964 ], [ 10.007925470864292, 53.501362738878981 ], [ 10.007925750994186, 53.501363743293297 ], [ 10.008014144291, 53.501290590900574 ] ], [ [ 10.007955971049704, 53.501305535896329 ], [ 10.007958285478544, 53.501312851465393 ], [ 10.007940587656334, 53.501314852451515 ], [ 10.007938991048981, 53.501309832032483 ], [ 10.007938942203685, 53.501309679630097 ], [ 10.007938257943525, 53.501307528021968 ], [ 10.007954737991602, 53.501305672141193 ], [ 10.008014144291, 53.501290590900574 ], [ 10.007955971049704, 53.501305535896329 ] ] ] } },
{ "type": "Feature", "properties": { "gebaeude_id": "DEHHALKAJ0000xLR", "dachneig": 14.629, "dachfl_2d": 25.171, "dachfl_3d": 26.015, "area_m2": 25.2, "expo_klasse": "sonnig", "schatten": null, "solar_eignung": null, "ertkwha_k": null, "pvarea_solar": null, "schatten_klasse": "sonnig (geometrisch)", "gruendach_eignung": "sehr gut geeignet" }, "geometry": { "type": "Polygon", "coordinates": [ [ [ 10.007925750994186, 53.501363743293297 ], [ 10.008032633615104, 53.501352459599033 ], [ 10.008014144291, 53.501290590900574 ], [ 10.007925750994186, 53.501363743293297 ] ] ] } },
{ "type": "Feature", "properties": { "gebaeude_id": "DEHHALKAJ0000wYW", "dachneig": 2.361, "dachfl_2d": 209.304, "dachfl_3d": 209.497, "area_m2": 209.3, "expo_klasse": "sonnig", "schatten": null, "solar_eignung": null, "ertkwha_k": null, "pvarea_solar": null, "schatten_klasse": "sonnig (geometrisch)", "gruendach_eignung": "sehr gut geeignet" }, "geometry": { "type": "Polygon", "coordinates": [ [ [ 10.008005830898481, 53.500464124447603 ], [ 10.007986382548163, 53.500416466566357 ], [ 10.007986221794443, 53.50041604543533 ], [ 10.007968358487602, 53.500372284432892 ], [ 10.007954699012572, 53.500374179455953 ], [ 10.007670705807504, 53.500413617908045 ], [ 10.007687624141553, 53.500455687984605 ], [ 10.007698593830032, 53.500454166242392 ], [ 10.007699810167148, 53.50045714036149 ], [ 10.007718927181118, 53.500504189824106 ], [ 10.008005830898481, 53.500464124447603 ] ] ] } },
{ "type": "Feature", "properties": { "gebaeude_id": "DEHHALKAJ0000xUM", "dachneig": 6.89, "dachfl_2d": 20.707, "dachfl_3d": 20.858, "area_m2": 20.7, "expo_klasse": "sonnig", "schatten": null, "solar_eignung": null, "ertkwha_k": null, "pvarea_solar": null, "schatten_klasse": "sonnig (geometrisch)", "gruendach_eignung": "sehr gut geeignet" }, "geometry": { "type": "Polygon", "coordinates": [ [ [ 10.007628570366267, 53.500500214311508 ], [ 10.007698593830032, 53.500454166242392 ], [ 10.007543938800415, 53.500475731334021 ], [ 10.007628570366267, 53.500500214311508 ] ] ] } },
{ "type": "Feature", "properties": { "gebaeude_id": "DEHHALKAJ0000xUM", "dachneig": 4.719, "dachfl_2d": 106.427, "dachfl_3d": 106.786, "area_m2": 106.4, "expo_klasse": "sonnig", "schatten": null, "solar_eignung": null, "ertkwha_k": null, "pvarea_solar": null, "schatten_klasse": "sonnig (geometrisch)", "gruendach_eignung": "sehr gut geeignet" }, "geometry": { "type": "Polygon", "coordinates": [ [ [ 10.007628570366267, 53.500500214311508 ], [ 10.007685204309047, 53.500644820572667 ], [ 10.007771538366738, 53.500633638420766 ], [ 10.007698593830032, 53.500454166242392 ], [ 10.007628570366267, 53.500500214311508 ] ], [ [ 10.007680286551196, 53.500577947347352 ], [ 10.007683494971724, 53.500586091369698 ], [ 10.007671684119828, 53.500587746048637 ], [ 10.007668475701458, 53.500579602025979 ], [ 10.007680286551196, 53.500577947347352 ] ] ] } },
{ "type": "Feature", "properties": { "gebaeude_id": "DEHHALKAJ0000xUM", "dachneig": 5.613, "dachfl_2d": 88.663, "dachfl_3d": 89.095, "area_m2": 88.7, "expo_klasse": "sonnig", "schatten": null, "solar_eignung": null, "ertkwha_k": null, "pvarea_solar": null, "schatten_klasse": "sonnig (geometrisch)", "gruendach_eignung": "sehr gut geeignet" }, "geometry": { "type": "Polygon", "coordinates": [ [ [ 10.007543938800415, 53.500475731334021 ], [ 10.00761489248465, 53.500653925959263 ], [ 10.007685204309047, 53.500644820572667 ], [ 10.007628570366267, 53.500500214311508 ], [ 10.007543938800415, 53.500475731334021 ] ] ] } },
{ "type": "Feature", "properties": { "gebaeude_id": "DEHHALKAJ0000wZe", "dachneig": 0.0, "dachfl_2d": 238.906, "dachfl_3d": 238.906, "area_m2": 238.9, "expo_klasse": "sonnig", "schatten": null, "solar_eignung": null, "ertkwha_k": null, "pvarea_solar": null, "schatten_klasse": "sonnig (geometrisch)", "gruendach_eignung": "sehr gut geeignet" }, "geometry": { "type": "Polygon", "coordinates": [ [ [ 10.008541433070956, 53.502334062513278 ], [ 10.008381070269065, 53.502346004571542 ], [ 10.008430099154472, 53.502547944002004 ], [ 10.008587578352454, 53.502535172250234 ], [ 10.008541433070956, 53.502334062513278 ] ], [ [ 10.00853966261881, 53.502483062368619 ], [ 10.008540650975911, 53.502489130643703 ], [ 10.008529313610737, 53.502489792611875 ], [ 10.00852830996779, 53.502483715476608 ], [ 10.00853966261881, 53.502483062368619 ] ], [ [ 10.008514158094465, 53.502502370349191 ], [ 10.008497348892979, 53.502503716704872 ], [ 10.008495088982588, 53.502493623063245 ], [ 10.008511898180188, 53.502492276707869 ], [ 10.008514158094465, 53.502502370349191 ] ] ] } },
{ "type": "Feature", "properties": { "gebaeude_id": "DEHHALKAeV0000Ny", "dachneig": 2.395, "dachfl_2d": 566.24, "dachfl_3d": 566.566, "area_m2": 566.2, "expo_klasse": "sonnig", "schatten": null, "solar_eignung": null, "ertkwha_k": null, "pvarea_solar": null, "schatten_klasse": "sonnig (geometrisch)", "gruendach_eignung": "sehr gut geeignet" }, "geometry": { "type": "Polygon", "coordinates": [ [ [ 10.006761534530188, 53.498040494825119 ], [ 10.006773000509632, 53.49803767455743 ], [ 10.006760989707299, 53.497898498927171 ], [ 10.006760096102747, 53.497888142045163 ], [ 10.00675988810462, 53.497885725734719 ], [ 10.006759868348057, 53.497885528141367 ], [ 10.00675986749641, 53.497885492192239 ], [ 10.006759282802298, 53.497878629460274 ], [ 10.006759180613022, 53.497877497697012 ], [ 10.006775210192844, 53.497875771614311 ], [ 10.007148536051833, 53.497835546563699 ], [ 10.007164308976611, 53.497826172884317 ], [ 10.007164859202829, 53.497825853630161 ], [ 10.007165500928753, 53.497825578550419 ], [ 10.007166234154454, 53.497825347645104 ], [ 10.007167013875524, 53.497825170282447 ], [ 10.007167840730931, 53.497825073424373 ], [ 10.007168684149766, 53.497825039350239 ], [ 10.007169514200134, 53.497825077301421 ], [ 10.007170315809576, 53.49782518740485 ], [ 10.007171058407156, 53.497825351940065 ], [ 10.007171741992904, 53.497825570906961 ], [ 10.007172335782869, 53.49782581759775 ], [ 10.007172855062541, 53.497826100872715 ], [ 10.007173284120416, 53.497826393896936 ], [ 10.007173653740454, 53.497826723378388 ], [ 10.007173978995137, 53.497827089189975 ], [ 10.007174229739499, 53.497827491585696 ], [ 10.007174421258973, 53.497827939425903 ], [ 10.00717450769725, 53.497828406129685 ], [ 10.007174608182366, 53.497832009904045 ], [ 10.007183206459432, 53.497807424230935 ], [ 10.007184830522229, 53.497802799147919 ], [ 10.006850946932913, 53.497792946506685 ], [ 10.00676089856089, 53.497790289155084 ], [ 10.006759887855042, 53.497790261711806 ], [ 10.006553688823102, 53.49779802998988 ], [ 10.006548763536236, 53.497798215291482 ], [ 10.006473092095575, 53.497801072805643 ], [ 10.006532627554694, 53.497885194668783 ], [ 10.0065326899733, 53.49788528403397 ], [ 10.006534998609528, 53.497888554596074 ], [ 10.006622436799308, 53.498012038337336 ], [ 10.006631062284534, 53.498024226800027 ], [ 10.006660213857417, 53.498065402966056 ], [ 10.006761534530188, 53.498040494825119 ] ], [ [ 10.006498819697958, 53.497817360114695 ], [ 10.006494923656451, 53.497811990485182 ], [ 10.00650466328397, 53.497809481419516 ], [ 10.006508559326472, 53.497814851048716 ], [ 10.006498819697958, 53.497817360114695 ] ] ] } },
{ "type": "Feature", "properties": { "gebaeude_id": "20241016173201_2", "dachneig": 0.0, "dachfl_2d": 14.29, "dachfl_3d": 14.29, "area_m2": 14.3, "expo_klasse": "sonnig", "schatten": null, "solar_eignung": null, "ertkwha_k": null, "pvarea_solar": null, "schatten_klasse": "sonnig (geometrisch)", "gruendach_eignung": "sehr gut geeignet" }, "geometry": { "type": "Polygon", "coordinates": [ [ [ 9.999395101479088, 53.500038802847691 ], [ 9.999332025005367, 53.500001728933121 ], [ 9.999306933227379, 53.500016905512382 ], [ 9.999371630298153, 53.500054936710228 ], [ 9.99939672186377, 53.50003975113016 ], [ 9.999395101479088, 53.500038802847691 ] ] ] } },
{ "type": "Feature", "properties": { "gebaeude_id": "DEHHALKAJ0000xLb", "dachneig": 0.0, "dachfl_2d": 477.689, "dachfl_3d": 477.689, "area_m2": 224.4, "expo_klasse": "sonnig", "schatten": null, "solar_eignung": null, "ertkwha_k": null, "pvarea_solar": null, "schatten_klasse": "sonnig (geometrisch)", "gruendach_eignung": "sehr gut geeignet" }, "geometry": { "type": "Polygon", "coordinates": [ [ [ 10.002269488709134, 53.505683062358003 ], [ 10.002271936296912, 53.50574127299533 ], [ 10.002732895955623, 53.505737407154811 ], [ 10.002728724462495, 53.505663785750052 ], [ 10.002494519761367, 53.505668500778334 ], [ 10.002495088087501, 53.505678527808271 ], [ 10.002269488709134, 53.505683062358003 ] ] ] } },
{ "type": "Feature", "properties": { "gebaeude_id": "DEHHALKAJ0000wYz", "dachneig": 0.0, "dachfl_2d": 135.499, "dachfl_3d": 135.499, "area_m2": 91.0, "expo_klasse": "sonnig", "schatten": null, "solar_eignung": null, "ertkwha_k": null, "pvarea_solar": null, "schatten_klasse": "sonnig (geometrisch)", "gruendach_eignung": "sehr gut geeignet" }, "geometry": { "type": "Polygon", "coordinates": [ [ [ 10.001840627882864, 53.505659825041896 ], [ 10.001834946827517, 53.505744936167957 ], [ 10.001984119538136, 53.50574368587035 ], [ 10.001989472996996, 53.505663350675171 ], [ 10.001840627882864, 53.505659825041896 ] ] ] } },
{ "type": "Feature", "properties": { "gebaeude_id": "DEHHALKAJ00059Yy", "dachneig": 8.844, "dachfl_2d": 241.445, "dachfl_3d": 244.325, "area_m2": 166.9, "expo_klasse": "sonnig", "schatten": null, "solar_eignung": null, "ertkwha_k": null, "pvarea_solar": null, "schatten_klasse": "sonnig (geometrisch)", "gruendach_eignung": "sehr gut geeignet" }, "geometry": { "type": "Polygon", "coordinates": [ [ [ 10.005365832930512, 53.50534256925112 ], [ 10.0053066099729, 53.505344011183205 ], [ 10.005337222262549, 53.505715532557879 ], [ 10.005399452664209, 53.505715009169876 ], [ 10.005365832930512, 53.50534256925112 ] ] ] } },
{ "type": "Feature", "properties": { "gebaeude_id": "DEHHALKAJ0000wrz", "dachneig": 9.077, "dachfl_2d": 457.182, "dachfl_3d": 462.977, "area_m2": 313.7, "expo_klasse": "sonnig", "schatten": null, "solar_eignung": null, "ertkwha_k": null, "pvarea_solar": null, "schatten_klasse": "sonnig (geometrisch)", "gruendach_eignung": "sehr gut geeignet" }, "geometry": { "type": "Polygon", "coordinates": [ [ [ 10.0050840494541, 53.505349442381515 ], [ 10.005084536083272, 53.505355353096071 ], [ 10.005084536933735, 53.505355389045235 ], [ 10.005114211183166, 53.505717407923562 ], [ 10.005231087795941, 53.505716425125698 ], [ 10.005197839719544, 53.505352440752297 ], [ 10.005197311464094, 53.505346683202298 ], [ 10.0050840494541, 53.505349442381515 ] ] ] } },
{ "type": "Feature", "properties": { "gebaeude_id": "DEHHALKAJ0000wrz", "dachneig": 8.761, "dachfl_2d": 420.759, "dachfl_3d": 425.729, "area_m2": 293.9, "expo_klasse": "sonnig", "schatten": null, "solar_eignung": null, "ertkwha_k": null, "pvarea_solar": null, "schatten_klasse": "sonnig (geometrisch)", "gruendach_eignung": "sehr gut geeignet" }, "geometry": { "type": "Polygon", "coordinates": [ [ [ 10.005306425883617, 53.505349612920384 ], [ 10.005306037330351, 53.505344024988197 ], [ 10.005197311464094, 53.505346683202298 ], [ 10.005197839719544, 53.505352440752297 ], [ 10.005231087795941, 53.505716425125698 ], [ 10.005337034327813, 53.505715534138453 ], [ 10.005306425883617, 53.505349612920384 ] ] ] } },
{ "type": "Feature", "properties": { "gebaeude_id": "DEHHALKAJ0000xOP", "dachneig": 3.606, "dachfl_2d": 309.96, "dachfl_3d": 310.548, "area_m2": 61.5, "expo_klasse": "sonnig", "schatten": null, "solar_eignung": null, "ertkwha_k": null, "pvarea_solar": null, "schatten_klasse": "sonnig (geometrisch)", "gruendach_eignung": "sehr gut geeignet" }, "geometry": { "type": "Polygon", "coordinates": [ [ [ 9.995823070908841, 53.505735860183414 ], [ 9.995582752411336, 53.505797171754509 ], [ 9.995809548557251, 53.505795282644641 ], [ 9.995805443360785, 53.50578985149496 ], [ 9.995811826694274, 53.505788144331746 ], [ 9.995816525854108, 53.505794352581319 ], [ 9.995813179027181, 53.505795252400965 ], [ 9.995865395261831, 53.50579481740067 ], [ 9.995823070908841, 53.505735860183414 ] ] ] } },
{ "type": "Feature", "properties": { "gebaeude_id": "DEHHALKAJ0000xKY", "dachneig": 0.0, "dachfl_2d": 67.927, "dachfl_3d": 67.927, "area_m2": 26.8, "expo_klasse": "sonnig", "schatten": null, "solar_eignung": null, "ertkwha_k": null, "pvarea_solar": null, "schatten_klasse": "sonnig (geometrisch)", "gruendach_eignung": "sehr gut geeignet" }, "geometry": { "type": "Polygon", "coordinates": [ [ [ 10.009998205098897, 53.497416763410534 ], [ 10.00999768570408, 53.497411401316988 ], [ 10.009915742998409, 53.497414224115637 ], [ 10.009920010235266, 53.497451690513493 ], [ 10.010018876377726, 53.49744733637629 ], [ 10.0100181333372, 53.497416072360018 ], [ 10.009998205098897, 53.497416763410534 ] ] ] } },
{ "type": "Feature", "properties": { "gebaeude_id": "DEHHALKAJ0000xKY", "dachneig": 2.88, "dachfl_2d": 107.942, "dachfl_3d": 108.119, "area_m2": 107.1, "expo_klasse": "sonnig", "schatten": null, "solar_eignung": null, "ertkwha_k": null, "pvarea_solar": null, "schatten_klasse": "sonnig (geometrisch)", "gruendach_eignung": "sehr gut geeignet" }, "geometry": { "type": "Polygon", "coordinates": [ [ [ 10.010008283633782, 53.497256627625219 ], [ 10.009987850031443, 53.497257618295677 ], [ 10.009905273274702, 53.497261659972239 ], [ 10.009920077993211, 53.497407598490277 ], [ 10.009997166857378, 53.497405427961134 ], [ 10.009997302508083, 53.497405426814886 ], [ 10.010017429488375, 53.497404852231973 ], [ 10.010017866440991, 53.497404842477245 ], [ 10.010016462191556, 53.497345757374042 ], [ 10.010008283633782, 53.497256627625219 ] ], [ [ 10.009994579055013, 53.497321914280846 ], [ 10.009994347828277, 53.497312819282776 ], [ 10.00999892979735, 53.497312780565224 ], [ 10.01000137150454, 53.497312759932782 ], [ 10.010001587660534, 53.497321855058203 ], [ 10.010000758685692, 53.497321862063046 ], [ 10.009994579055013, 53.497321914280846 ] ], [ [ 10.010006539604118, 53.497350704126603 ], [ 10.010001056070857, 53.497350867320719 ], [ 10.010000357694702, 53.497342414494995 ], [ 10.010004846883776, 53.497342277681327 ], [ 10.01000802563911, 53.497342187897075 ], [ 10.010008739089056, 53.497350640595378 ], [ 10.010006539604118, 53.497350704126603 ] ], [ [ 10.009987740457623, 53.497305656881011 ], [ 10.009986778715461, 53.497296271415962 ], [ 10.009990318347278, 53.497296142626453 ], [ 10.009995545004333, 53.497295954636144 ], [ 10.010004552235667, 53.497295626830621 ], [ 10.010005513768142, 53.497305003308256 ], [ 10.009997425302148, 53.497305296383026 ], [ 10.009990918569462, 53.497305540135372 ], [ 10.009987740457623, 53.497305656881011 ] ], [ [ 10.010008811851565, 53.497361948246827 ], [ 10.010009610255423, 53.497361923522071 ], [ 10.010009975324758, 53.4973658666446 ], [ 10.010010283002373, 53.497369297874329 ], [ 10.010010283856753, 53.497369333823436 ], [ 10.010011061868765, 53.497377965757835 ], [ 10.009999191525765, 53.497378344724318 ], [ 10.009997739916887, 53.497362302488405 ], [ 10.010008811851565, 53.497361948246827 ] ] ] } },
{ "type": "Feature", "properties": { "gebaeude_id": "DEHHALKAJ0000weW", "dachneig": 4.366, "dachfl_2d": 461.168, "dachfl_3d": 462.314, "area_m2": 30.0, "expo_klasse": "sonnig", "schatten": null, "solar_eignung": null, "ertkwha_k": null, "pvarea_solar": null, "schatten_klasse": "sonnig (geometrisch)", "gruendach_eignung": "sehr gut geeignet" }, "geometry": { "type": "Polygon", "coordinates": [ [ [ 10.010030894266725, 53.499023672057639 ], [ 10.010063904280935, 53.49934181119793 ], [ 10.010056318033163, 53.499022647446417 ], [ 10.010030894266725, 53.499023672057639 ] ] ] } },
{ "type": "Feature", "properties": { "gebaeude_id": "DEHHALKAJ0000wbd", "dachneig": 0.0, "dachfl_2d": 84.898, "dachfl_3d": 84.898, "area_m2": 84.9, "expo_klasse": "sonnig", "schatten": null, "solar_eignung": null, "ertkwha_k": null, "pvarea_solar": null, "schatten_klasse": "sonnig (geometrisch)", "gruendach_eignung": "sehr gut geeignet" }, "geometry": { "type": "Polygon", "coordinates": [ [ [ 10.009959512591861, 53.500152251892395 ], [ 10.009947985558917, 53.500111287176637 ], [ 10.009923440039582, 53.500113768803907 ], [ 10.00991646088292, 53.500087175152757 ], [ 10.00991584437481, 53.500087243285222 ], [ 10.009893252836816, 53.500089474681019 ], [ 10.009884926233841, 53.500056932653102 ], [ 10.009864863383838, 53.500058989864904 ], [ 10.009867149937287, 53.500067024761236 ], [ 10.009761839346334, 53.500077056339698 ], [ 10.009779139354949, 53.500138278632164 ], [ 10.009795168804153, 53.500136516192647 ], [ 10.009796713160693, 53.500143137085907 ], [ 10.009899148116411, 53.500133264609616 ], [ 10.009904677945551, 53.500157236706812 ], [ 10.009915692581256, 53.500165224825956 ], [ 10.009954130687156, 53.500161780844259 ], [ 10.009959512591861, 53.500152251892395 ] ], [ [ 10.009891759372932, 53.50011798267878 ], [ 10.009890811464883, 53.500113621995247 ], [ 10.009897628545088, 53.500113096966544 ], [ 10.00989856159414, 53.500117466764664 ], [ 10.009891759372932, 53.50011798267878 ] ], [ [ 10.00986634017997, 53.500109711748635 ], [ 10.00986448366945, 53.500102644039522 ], [ 10.00987591627708, 53.500101576628708 ], [ 10.00987777278945, 53.500108644337615 ], [ 10.00986634017997, 53.500109711748635 ] ], [ [ 10.009939246077762, 53.500124808680809 ], [ 10.009908860666977, 53.500127699210729 ], [ 10.009906428525589, 53.500118613823076 ], [ 10.009936829003308, 53.500115723166417 ], [ 10.009939246077762, 53.500124808680809 ] ] ] } },
{ "type": "Feature", "properties": { "gebaeude_id": "DEHHALKAJ0000wbd", "dachneig": 0.0, "dachfl_2d": 53.877, "dachfl_3d": 53.877, "area_m2": 53.9, "expo_klasse": "sonnig", "schatten": null, "solar_eignung": null, "ertkwha_k": null, "pvarea_solar": null, "schatten_klasse": "sonnig (geometrisch)", "gruendach_eignung": "sehr gut geeignet" }, "geometry": { "type": "Polygon", "coordinates": [ [ [ 10.01003753492628, 53.5000584837451 ], [ 10.009913714944203, 53.500070595524711 ], [ 10.00991389655599, 53.500071259182093 ], [ 10.009911368309055, 53.500071451335835 ], [ 10.00991584437481, 53.500087243285222 ], [ 10.00991646088292, 53.500087175152757 ], [ 10.009923440039582, 53.500113768803907 ], [ 10.009947985558917, 53.500111287176637 ], [ 10.009952941915431, 53.500128890860346 ], [ 10.010037919492099, 53.50011969612288 ], [ 10.010039685259319, 53.5001273848426 ], [ 10.010054834129265, 53.500125998361376 ], [ 10.01003753492628, 53.5000584837451 ] ], [ [ 10.010015131555928, 53.500081316542897 ], [ 10.010015994163249, 53.500085893684194 ], [ 10.010008392639097, 53.500086398380859 ], [ 10.010007530032555, 53.500081821239455 ], [ 10.010015131555928, 53.500081316542897 ] ], [ [ 10.009945311227099, 53.500099623970428 ], [ 10.009956716248547, 53.500098664653926 ], [ 10.009958290988887, 53.500105294277532 ], [ 10.009946885965745, 53.500106253594232 ], [ 10.009945311227099, 53.500099623970428 ] ] ] } },
{ "type": "Feature", "properties": { "gebaeude_id": "DEHHALKAJ0000xVP", "dachneig": 1.077, "dachfl_2d": 473.614, "dachfl_3d": 473.673, "area_m2": 69.8, "expo_klasse": "sonnig", "schatten": null, "solar_eignung": null, "ertkwha_k": null, "pvarea_solar": null, "schatten_klasse": "sonnig (geometrisch)", "gruendach_eignung": "sehr gut geeignet" }, "geometry": { "type": "Polygon", "coordinates": [ [ [ 10.010038893167335, 53.502281632893784 ], [ 10.010050908961018, 53.502338054668996 ], [ 10.010062381742131, 53.502391928133569 ], [ 10.01013627604992, 53.502386281840913 ], [ 10.010133614808732, 53.502274341007919 ], [ 10.010038893167335, 53.502281632893784 ] ] ] } },
{ "type": "Feature", "properties": { "gebaeude_id": "DEHHALKAJ0000wqO", "dachneig": 1.727, "dachfl_2d": 418.408, "dachfl_3d": 418.552, "area_m2": 149.0, "expo_klasse": "sonnig", "schatten": null, "solar_eignung": null, "ertkwha_k": null, "pvarea_solar": null, "schatten_klasse": "sonnig (geometrisch)", "gruendach_eignung": "sehr gut geeignet" }, "geometry": { "type": "Polygon", "coordinates": [ [ [ 10.009944444032291, 53.502712693029757 ], [ 10.010143664453597, 53.502697059214398 ], [ 10.010141341039951, 53.502599330422733 ], [ 10.009924540347834, 53.502616201671394 ], [ 10.009944444032291, 53.502712693029757 ] ], [ [ 10.010091631737589, 53.502660220603438 ], [ 10.010092331988629, 53.502666210399269 ], [ 10.010083761625529, 53.502666570471447 ], [ 10.010083076449868, 53.502660580548181 ], [ 10.010091631737589, 53.502660220603438 ] ], [ [ 10.010069897453574, 53.502655442292898 ], [ 10.01005756367956, 53.502656049902214 ], [ 10.010057309698393, 53.50265424524423 ], [ 10.010055995543999, 53.502644629049328 ], [ 10.010068329528387, 53.502644030427497 ], [ 10.010069605632218, 53.502653314348038 ], [ 10.010069897453574, 53.502655442292898 ] ] ] } },
{ "type": "Feature", "properties": { "gebaeude_id": "DEHHALKAJ0000weK", "dachneig": 2.423, "dachfl_2d": 436.728, "dachfl_3d": 437.125, "area_m2": 233.9, "expo_klasse": "sonnig", "schatten": null, "solar_eignung": null, "ertkwha_k": null, "pvarea_solar": null, "schatten_klasse": "sonnig (geometrisch)", "gruendach_eignung": "sehr gut geeignet" }, "geometry": { "type": "Polygon", "coordinates": [ [ [ 10.009845736139717, 53.503034427953644 ], [ 10.010151124712108, 53.503010853112691 ], [ 10.010148729147147, 53.502910091342841 ], [ 10.009824165441007, 53.502935038207013 ], [ 10.009835036722052, 53.502985177314216 ], [ 10.009845736139717, 53.503034427953644 ] ], [ [ 10.00995746087456, 53.502966632281399 ], [ 10.009969268329028, 53.502965444839973 ], [ 10.009971720121738, 53.502974080603046 ], [ 10.009971918103506, 53.502974798056215 ], [ 10.009960110646521, 53.502975985497919 ], [ 10.009959847240776, 53.502975052859696 ], [ 10.00995746087456, 53.502966632281399 ] ] ] } },
{ "type": "Feature", "properties": { "gebaeude_id": "DEHHALKAJ0000xIr", "dachneig": 0.746, "dachfl_2d": 459.977, "dachfl_3d": 460.016, "area_m2": 199.3, "expo_klasse": "sonnig", "schatten": null, "solar_eignung": null, "ertkwha_k": null, "pvarea_solar": null, "schatten_klasse": "sonnig (geometrisch)", "gruendach_eignung": "sehr gut geeignet" }, "geometry": { "type": "Polygon", "coordinates": [ [ [ 10.009888062469479, 53.503241403364193 ], [ 10.009899064394279, 53.503293860540985 ], [ 10.009909690490685, 53.503344460153365 ], [ 10.010158604567463, 53.503325465348169 ], [ 10.010156114157301, 53.503220716188551 ], [ 10.009888062469479, 53.503241403364193 ] ], [ [ 10.010026945596429, 53.503274604145076 ], [ 10.010037422624093, 53.503273895370846 ], [ 10.010039147341429, 53.503283022685849 ], [ 10.010028686454145, 53.503283776269228 ], [ 10.010028670097901, 53.503283722472965 ], [ 10.010026945596429, 53.503274604145076 ] ] ] } },
{ "type": "Feature", "properties": { "gebaeude_id": "DEHHALKAJ0000x19", "dachneig": 0.0, "dachfl_2d": 310.047, "dachfl_3d": 310.047, "area_m2": 64.4, "expo_klasse": "sonnig", "schatten": null, "solar_eignung": null, "ertkwha_k": null, "pvarea_solar": null, "schatten_klasse": "sonnig (geometrisch)", "gruendach_eignung": "sehr gut geeignet" }, "geometry": { "type": "Polygon", "coordinates": [ [ [ 10.010193165683328, 53.50477907255349 ], [ 10.010192198898606, 53.50473841224845 ], [ 10.010070272264345, 53.504745749320932 ], [ 10.010084969261751, 53.504833736015897 ], [ 10.010116876294541, 53.504831920275713 ], [ 10.010124646199305, 53.50483148606552 ], [ 10.010125458782163, 53.504835856876973 ], [ 10.010125993199956, 53.50483867492953 ], [ 10.010164735493824, 53.504836432863968 ], [ 10.010154592982923, 53.504781469497395 ], [ 10.010193165683328, 53.50477907255349 ] ], [ [ 10.01013581821346, 53.504806087419553 ], [ 10.010114373316412, 53.504807185522267 ], [ 10.01011327084038, 53.504799500192775 ], [ 10.010134715733583, 53.50479840209033 ], [ 10.01013581821346, 53.504806087419553 ] ] ] } },
{ "type": "Feature", "properties": { "gebaeude_id": "DEHHALKAJ0000x19", "dachneig": 0.0, "dachfl_2d": 155.912, "dachfl_3d": 155.912, "area_m2": 155.9, "expo_klasse": "sonnig", "schatten": null, "solar_eignung": null, "ertkwha_k": null, "pvarea_solar": null, "schatten_klasse": "sonnig (geometrisch)", "gruendach_eignung": "sehr gut geeignet" }, "geometry": { "type": "Polygon", "coordinates": [ [ [ 10.01007994000279, 53.504834021218109 ], [ 10.010066011194761, 53.504746001064248 ], [ 10.009953871325665, 53.504752755520883 ], [ 10.009952060225675, 53.50474126481059 ], [ 10.009796951254344, 53.504750683357514 ], [ 10.009812556120185, 53.504843903043287 ], [ 10.00993010794226, 53.5048370940072 ], [ 10.009930168242001, 53.504837093497748 ], [ 10.009923863762019, 53.504795149818626 ], [ 10.009996698898897, 53.504791073642323 ], [ 10.010004757353803, 53.504845272581115 ], [ 10.010042722387331, 53.504843315783702 ], [ 10.010041934668797, 53.504836185116567 ], [ 10.01007994000279, 53.504834021218109 ] ], [ [ 10.009828064187444, 53.504775724760279 ], [ 10.009828667520678, 53.504779540018895 ], [ 10.009818699247672, 53.504780100650251 ], [ 10.009818095915353, 53.504776285391536 ], [ 10.009828064187444, 53.504775724760279 ] ], [ [ 10.009887966465984, 53.504812415476934 ], [ 10.009886134353073, 53.504799405790187 ], [ 10.009900260531044, 53.504798693167402 ], [ 10.009902092861918, 53.504811711841178 ], [ 10.009887966465984, 53.504812415476934 ] ], [ [ 10.010040269663374, 53.504803568854015 ], [ 10.010041546164503, 53.504812232522482 ], [ 10.010019921003524, 53.504813359098591 ], [ 10.010018644506751, 53.504804695429911 ], [ 10.010040269663374, 53.504803568854015 ] ] ] } },
{ "type": "Feature", "properties": { "gebaeude_id": "DEHHALKAIi0000L0", "dachneig": 0.0, "dachfl_2d": 688.209, "dachfl_3d": 688.209, "area_m2": 316.4, "expo_klasse": "sonnig", "schatten": null, "solar_eignung": null, "ertkwha_k": null, "pvarea_solar": null, "schatten_klasse": "sonnig (geometrisch)", "gruendach_eignung": "sehr gut geeignet" }, "geometry": { "type": "Polygon", "coordinates": [ [ [ 10.004296592996221, 53.496758938506531 ], [ 10.004392863309667, 53.496802346853386 ], [ 10.004394566041983, 53.496802952791569 ], [ 10.004395396486439, 53.49680237051215 ], [ 10.004404991599834, 53.496795664931177 ], [ 10.0044066741535, 53.496795417076221 ], [ 10.004408861521005, 53.496795479596905 ], [ 10.004412089934823, 53.496796216539352 ], [ 10.004414954494084, 53.496796866648559 ], [ 10.004415015419742, 53.496796893103799 ], [ 10.004443196635417, 53.496809897198439 ], [ 10.004443486404222, 53.49681003858862 ], [ 10.004436697016466, 53.4968149048008 ], [ 10.004418898422305, 53.496806191137857 ], [ 10.004418839195898, 53.496806236580959 ], [ 10.004417922779584, 53.496807008353656 ], [ 10.004425251694881, 53.496810299692562 ], [ 10.004425147889355, 53.496810372477505 ], [ 10.004411139884379, 53.496821079326864 ], [ 10.004533222401797, 53.496874832819273 ], [ 10.004571242884541, 53.496914415800219 ], [ 10.004753514354366, 53.496851200676986 ], [ 10.004586472355189, 53.496732771322819 ], [ 10.004582443819015, 53.49673280518163 ], [ 10.004575355507733, 53.496736361508653 ], [ 10.004567694407671, 53.496732929145473 ], [ 10.004263375531069, 53.496735486437082 ], [ 10.004296592996221, 53.496758938506531 ] ], [ [ 10.004485476962873, 53.496773315896448 ], [ 10.004495443303012, 53.496777852526563 ], [ 10.004486961844341, 53.496784476843217 ], [ 10.004476995503536, 53.496779940212384 ], [ 10.004485476962873, 53.496773315896448 ] ], [ [ 10.004488488951415, 53.496821660819535 ], [ 10.004501956728689, 53.496827642232191 ], [ 10.004492088433494, 53.496835545664339 ], [ 10.004478620655087, 53.496829564250518 ], [ 10.004488488951415, 53.496821660819535 ] ] ] } },
{ "type": "Feature", "properties": { "gebaeude_id": "DEHHALKA10007mUC", "dachneig": 0.0, "dachfl_2d": 56.974, "dachfl_3d": 56.974, "area_m2": 34.1, "expo_klasse": "sonnig", "schatten": null, "solar_eignung": null, "ertkwha_k": null, "pvarea_solar": null, "schatten_klasse": "sonnig (geometrisch)", "gruendach_eignung": "sehr gut geeignet" }, "geometry": { "type": "Polygon", "coordinates": [ [ [ 9.999965154924679, 53.496883706682596 ], [ 9.999884498065143, 53.496772197773865 ], [ 9.999879333679228, 53.496772240975957 ], [ 9.999892204200671, 53.496790066514485 ], [ 9.999815274461559, 53.496809865763282 ], [ 9.99984479166134, 53.496850240485607 ], [ 9.999844931750969, 53.49685042808435 ], [ 9.999920879745384, 53.496830547139055 ], [ 9.999958601669448, 53.496881972681443 ], [ 9.999795748443148, 53.496923767864708 ], [ 9.999793366285004, 53.49692055172347 ], [ 9.99979208998335, 53.496918845485872 ], [ 9.999762212744542, 53.496878545675095 ], [ 9.9996938066291, 53.496896053247902 ], [ 9.999727617101088, 53.496942064196716 ], [ 9.999649953546005, 53.496962085212772 ], [ 9.999641262834333, 53.496964333252805 ], [ 9.999536418889447, 53.496820917419434 ], [ 9.999614242116309, 53.496800643446491 ], [ 9.999613977434365, 53.496800286097049 ], [ 9.999595235074748, 53.496774617227054 ], [ 9.999589316912543, 53.496774666720434 ], [ 9.999608347073094, 53.496799973621371 ], [ 9.999538476356344, 53.496818661934142 ], [ 9.999510745687678, 53.496781804904238 ], [ 9.99953576437362, 53.496775114565047 ], [ 9.999525992679699, 53.496775196280346 ], [ 9.999507013067742, 53.496780137182185 ], [ 9.999503577165122, 53.496775383725947 ], [ 9.999498318732542, 53.496775427698005 ], [ 9.999638798713841, 53.496967886567624 ], [ 9.999965154924679, 53.496883706682596 ] ], [ [ 9.999821832351488, 53.496811797493187 ], [ 9.999891490592633, 53.496793695081628 ], [ 9.999917020395801, 53.496828619806742 ], [ 9.999847362320152, 53.496846731220536 ], [ 9.999821832351488, 53.496811797493187 ] ], [ [ 9.999731197699633, 53.49693983192482 ], [ 9.999700406995062, 53.496897867771231 ], [ 9.999759800198243, 53.496882368233379 ], [ 9.99979059116124, 53.496924341358898 ], [ 9.999731197699633, 53.49693983192482 ] ] ] } },
{ "type": "Feature", "properties": { "gebaeude_id": "DEHHALKA10007mUC", "dachneig": 0.0, "dachfl_2d": 447.274, "dachfl_3d": 447.274, "area_m2": 274.7, "expo_klasse": "sonnig", "schatten": null, "solar_eignung": null, "ertkwha_k": null, "pvarea_solar": null, "schatten_klasse": "sonnig (geometrisch)", "gruendach_eignung": "sehr gut geeignet" }, "geometry": { "type": "Polygon", "coordinates": [ [ [ 9.99954897478246, 53.496823410262984 ], [ 9.99964605886961, 53.496956733329533 ], [ 9.999715617564911, 53.496939512784017 ], [ 9.999682181648819, 53.496892761594971 ], [ 9.999767474928358, 53.496870896902351 ], [ 9.999800135534212, 53.496916728678443 ], [ 9.999946625937138, 53.49687915142048 ], [ 9.999916516847886, 53.496837972657815 ], [ 9.999839993559112, 53.496857750543683 ], [ 9.999839650765416, 53.496857276990148 ], [ 9.999806958056039, 53.496812002815652 ], [ 9.999806179077256, 53.496810930642553 ], [ 9.999802968712482, 53.496806471947728 ], [ 9.999880520908194, 53.496786218046012 ], [ 9.999870323315111, 53.496772316350608 ], [ 9.999605404522717, 53.496774532179643 ], [ 9.999626689268826, 53.496803640579465 ], [ 9.999618792126544, 53.496805657254356 ], [ 9.999617967809783, 53.496805861907916 ], [ 9.99954897478246, 53.496823410262984 ] ], [ [ 9.999679927164227, 53.496821272356485 ], [ 9.999665890398749, 53.496825039319447 ], [ 9.999656305557989, 53.496812346006507 ], [ 9.999670327036627, 53.496808570183454 ], [ 9.999679927164227, 53.496821272356485 ] ], [ [ 9.999748018966635, 53.496788485991679 ], [ 9.999763247679232, 53.496784762983495 ], [ 9.999772098450968, 53.496797651198733 ], [ 9.99975686952315, 53.496801365220747 ], [ 9.999748018966635, 53.496788485991679 ] ], [ [ 9.999699377536778, 53.496820138857835 ], [ 9.99968789644586, 53.496804378154415 ], [ 9.999687803053357, 53.496804253088477 ], [ 9.999685840330775, 53.496801563792538 ], [ 9.999727981642597, 53.496789660363952 ], [ 9.999739699608659, 53.496805877525134 ], [ 9.999740743268751, 53.496807307047824 ], [ 9.999742036539832, 53.496809094045737 ], [ 9.999699377536778, 53.496820138857835 ] ] ] } },
{ "type": "Feature", "properties": { "gebaeude_id": "DEHHALKAIi0000Ko", "dachneig": 0.0, "dachfl_2d": 21.061, "dachfl_3d": 21.061, "area_m2": 21.1, "expo_klasse": "sonnig", "schatten": null, "solar_eignung": null, "ertkwha_k": null, "pvarea_solar": null, "schatten_klasse": "sonnig (geometrisch)", "gruendach_eignung": "sehr gut geeignet" }, "geometry": { "type": "Polygon", "coordinates": [ [ [ 10.004058332447181, 53.496842579027856 ], [ 10.004032092571764, 53.496855590907764 ], [ 10.004122980954671, 53.496920052156973 ], [ 10.004148445154282, 53.49690675013418 ], [ 10.004058332447181, 53.496842579027856 ] ] ] } },
{ "type": "Feature", "properties": { "gebaeude_id": "DEHHALKAIi0000Ko", "dachneig": 0.0, "dachfl_2d": 11.328, "dachfl_3d": 11.328, "area_m2": 11.3, "expo_klasse": "sonnig", "schatten": null, "solar_eignung": null, "ertkwha_k": null, "pvarea_solar": null, "schatten_klasse": "sonnig (geometrisch)", "gruendach_eignung": "sehr gut geeignet" }, "geometry": { "type": "Polygon", "coordinates": [ [ [ 10.003905569140647, 53.496919496300428 ], [ 10.003856284907545, 53.496944234677315 ], [ 10.003882595836421, 53.496962306473542 ], [ 10.003931462300503, 53.496937751376407 ], [ 10.003905569140647, 53.496919496300428 ] ] ] } },
{ "type": "Feature", "properties": { "gebaeude_id": "DEHHALKAIi0000Ko", "dachneig": 0.0, "dachfl_2d": 13.723, "dachfl_3d": 13.723, "area_m2": 13.7, "expo_klasse": "sonnig", "schatten": null, "solar_eignung": null, "ertkwha_k": null, "pvarea_solar": null, "schatten_klasse": "sonnig (geometrisch)", "gruendach_eignung": "sehr gut geeignet" }, "geometry": { "type": "Polygon", "coordinates": [ [ [ 10.003851800409294, 53.49694648365422 ], [ 10.003792504577143, 53.496976259069605 ], [ 10.003817938765106, 53.49699423037395 ], [ 10.003841908412911, 53.496982747773636 ], [ 10.00387833466041, 53.496964436717739 ], [ 10.003851800409294, 53.49694648365422 ] ] ] } },
{ "type": "Feature", "properties": { "gebaeude_id": "DEHHALKAIi0000Ko", "dachneig": 0.0, "dachfl_2d": 11.222, "dachfl_3d": 11.222, "area_m2": 11.2, "expo_klasse": "sonnig", "schatten": null, "solar_eignung": null, "ertkwha_k": null, "pvarea_solar": null, "schatten_klasse": "sonnig (geometrisch)", "gruendach_eignung": "sehr gut geeignet" }, "geometry": { "type": "Polygon", "coordinates": [ [ [ 10.003956946412629, 53.497092482072588 ], [ 10.003983770253251, 53.497083123860151 ], [ 10.003928181922443, 53.49704393994665 ], [ 10.00390485102858, 53.497055659904298 ], [ 10.003956946412629, 53.497092482072588 ] ] ] } },
{ "type": "Feature", "properties": { "gebaeude_id": "DEHHALKAIi0000Ko", "dachneig": 0.0, "dachfl_2d": 369.97, "dachfl_3d": 369.97, "area_m2": 370.0, "expo_klasse": "sonnig", "schatten": null, "solar_eignung": null, "ertkwha_k": null, "pvarea_solar": null, "schatten_klasse": "sonnig (geometrisch)", "gruendach_eignung": "sehr gut geeignet" }, "geometry": { "type": "Polygon", "coordinates": [ [ [ 10.004171885998783, 53.496911811814677 ], [ 10.00420967743367, 53.496938524472625 ], [ 10.004191905066484, 53.49696856247445 ], [ 10.004152338139956, 53.497033229723201 ], [ 10.004152270211355, 53.497033544911652 ], [ 10.00411984086473, 53.497044280636885 ], [ 10.003963861396423, 53.497098671399783 ], [ 10.003992430123789, 53.497118504044998 ], [ 10.004559587728021, 53.496918792558432 ], [ 10.004522729527142, 53.496880548167681 ], [ 10.00449978340955, 53.496870268732302 ], [ 10.004494633897686, 53.49687435709442 ], [ 10.004486985264753, 53.496870933610424 ], [ 10.004492134776944, 53.496866845248597 ], [ 10.00440667375655, 53.496828568803565 ], [ 10.00440492476198, 53.496829194758185 ], [ 10.004171885998783, 53.496911811814677 ] ], [ [ 10.004208197641123, 53.496919282298322 ], [ 10.004211017425479, 53.496921227215935 ], [ 10.004201797978343, 53.496925970005599 ], [ 10.004198993053897, 53.496924015973867 ], [ 10.004208197641123, 53.496919282298322 ] ], [ [ 10.00422079344872, 53.496913243680957 ], [ 10.004223645713573, 53.49691528720524 ], [ 10.004213960306574, 53.496920087845211 ], [ 10.004211123113972, 53.496918044194068 ], [ 10.00422079344872, 53.496913243680957 ] ], [ [ 10.004471203435875, 53.496883129582706 ], [ 10.004466554235789, 53.49688478668773 ], [ 10.004459652577655, 53.496877887140037 ], [ 10.004464301777263, 53.496876230035291 ], [ 10.004471203435875, 53.496883129582706 ] ] ] } },
{ "type": "Feature", "properties": { "gebaeude_id": "DEHHALKAIi0000Ko", "dachneig": 0.0, "dachfl_2d": 33.391, "dachfl_3d": 33.391, "area_m2": 33.4, "expo_klasse": "sonnig", "schatten": null, "solar_eignung": null, "ertkwha_k": null, "pvarea_solar": null, "schatten_klasse": "sonnig (geometrisch)", "gruendach_eignung": "sehr gut geeignet" }, "geometry": { "type": "Polygon", "coordinates": [ [ [ 10.00405995550611, 53.496831517815679 ], [ 10.004157643585225, 53.496901755830976 ], [ 10.004164787824122, 53.496906801607714 ], [ 10.004166342586352, 53.496906249201054 ], [ 10.004210460540316, 53.496890642059192 ], [ 10.004029026070533, 53.496797259566669 ], [ 10.004018291992685, 53.496802976896788 ], [ 10.004018143182481, 53.496803059048531 ], [ 10.004059419491956, 53.49683180097982 ], [ 10.00405995550611, 53.496831517815679 ] ] ] } },
{ "type": "Feature", "properties": { "gebaeude_id": "DEHHALKAIi0000Ko", "dachneig": 0.0, "dachfl_2d": 53.361, "dachfl_3d": 53.361, "area_m2": 53.4, "expo_klasse": "sonnig", "schatten": null, "solar_eignung": null, "ertkwha_k": null, "pvarea_solar": null, "schatten_klasse": "sonnig (geometrisch)", "gruendach_eignung": "sehr gut geeignet" }, "geometry": { "type": "Polygon", "coordinates": [ [ [ 10.003897338693267, 53.497050347531498 ], [ 10.003929786344035, 53.49703400252811 ], [ 10.003993758234385, 53.497079642092189 ], [ 10.004113658671612, 53.497037842457495 ], [ 10.00411984086473, 53.497044280636885 ], [ 10.004152270211355, 53.497033544911652 ], [ 10.003906179879575, 53.497029589404832 ], [ 10.003849179149839, 53.496988044200883 ], [ 10.003825619634259, 53.496999658194362 ], [ 10.003897338693267, 53.497050347531498 ] ] ] } },
{ "type": "Feature", "properties": { "gebaeude_id": "DEHHALKAIi0000Ko", "dachneig": 0.0, "dachfl_2d": 30.272, "dachfl_3d": 30.272, "area_m2": 30.3, "expo_klasse": "sonnig", "schatten": null, "solar_eignung": null, "ertkwha_k": null, "pvarea_solar": null, "schatten_klasse": "sonnig (geometrisch)", "gruendach_eignung": "sehr gut geeignet" }, "geometry": { "type": "Polygon", "coordinates": [ [ [ 10.003914821099388, 53.496914852140492 ], [ 10.003940580097044, 53.496933171264907 ], [ 10.004033694401535, 53.496886383025242 ], [ 10.004109347279925, 53.496926827598202 ], [ 10.004113206163886, 53.49692489848502 ], [ 10.004022745537807, 53.496860676340404 ], [ 10.003914821099388, 53.496914852140492 ] ] ] } },
{ "type": "Feature", "properties": { "gebaeude_id": "DEHHALKAIi0000Ko", "dachneig": 0.0, "dachfl_2d": 151.47, "dachfl_3d": 151.47, "area_m2": 151.5, "expo_klasse": "sonnig", "schatten": null, "solar_eignung": null, "ertkwha_k": null, "pvarea_solar": null, "schatten_klasse": "sonnig (geometrisch)", "gruendach_eignung": "sehr gut geeignet" }, "geometry": { "type": "Polygon", "coordinates": [ [ [ 10.004026643372775, 53.496970786780068 ], [ 10.004022215536287, 53.496967776676406 ], [ 10.004043610748788, 53.496957079732312 ], [ 10.004067564410878, 53.496948752387254 ], [ 10.004060155657974, 53.496941443578997 ], [ 10.004076042748824, 53.496936249269673 ], [ 10.004083069815648, 53.496943354534523 ], [ 10.004108787750059, 53.496934410092095 ], [ 10.004041067288814, 53.496898555228128 ], [ 10.00404527410014, 53.496895400679726 ], [ 10.004044556579057, 53.496895020176666 ], [ 10.004033822634936, 53.496889258453287 ], [ 10.003846418178528, 53.496982844734468 ], [ 10.003908825788315, 53.497027364857502 ], [ 10.004140634670307, 53.497031098753162 ], [ 10.004178012782036, 53.496970135419538 ], [ 10.00414975952302, 53.4969502552226 ], [ 10.004147664926412, 53.496951567246803 ], [ 10.004048096042437, 53.496986768937994 ], [ 10.004047931522459, 53.496986824254485 ], [ 10.00404525481567, 53.496983916299776 ], [ 10.004044372769851, 53.496982952888651 ], [ 10.00403882219037, 53.496986019844911 ], [ 10.004020393956068, 53.496974264114307 ], [ 10.004020348102587, 53.496974237532221 ], [ 10.004026643372775, 53.496970786780068 ] ], [ [ 10.003901698507283, 53.497003253087698 ], [ 10.003901043610856, 53.497003609162242 ], [ 10.003900342011752, 53.497003902705472 ], [ 10.003899623642065, 53.497004124476959 ], [ 10.003898919070728, 53.497004292198007 ], [ 10.003898168221365, 53.497004415362454 ], [ 10.003897370881633, 53.497004484982817 ], [ 10.003896511767023, 53.497004492198492 ], [ 10.003895636306483, 53.497004445616959 ], [ 10.003894728578551, 53.497004309415686 ], [ 10.003893834436706, 53.497004110176725 ], [ 10.003892983388472, 53.497003820685052 ], [ 10.003892206002773, 53.497003458662022 ], [ 10.003891517776394, 53.497003041955708 ], [ 10.003890948853737, 53.497002570312873 ], [ 10.00389049965937, 53.497002061708166 ], [ 10.003890185902373, 53.497001542976804 ], [ 10.003889992722891, 53.497001023232741 ], [ 10.003889920333167, 53.497000511463263 ], [ 10.003889954297899, 53.497000034756809 ], [ 10.003890064260485, 53.496999584379353 ], [ 10.00389026486843, 53.496999142229612 ], [ 10.003890555697186, 53.496998690333029 ], [ 10.003890967315709, 53.496998246411032 ], [ 10.003891484651822, 53.496997810590194 ], [ 10.003892123414564, 53.496997409705827 ], [ 10.003892868744083, 53.496997052871798 ], [ 10.003893705992754, 53.49699675818934 ], [ 10.003894620300757, 53.496996534772208 ], [ 10.003895581735959, 53.496996391860968 ], [ 10.003896560154022, 53.496996329708793 ], [ 10.003897510338463, 53.496996348695482 ], [ 10.003898402144822, 53.496996449074146 ], [ 10.003899280365099, 53.496996612490499 ], [ 10.003900054353972, 53.496996830716725 ], [ 10.003900738758897, 53.496997085651685 ], [ 10.003901333367663, 53.496997368308087 ], [ 10.003901868536895, 53.49699768742002 ], [ 10.00390237504787, 53.496998069696239 ], [ 10.003902791338065, 53.496998461719265 ], [ 10.003905987917214, 53.496999765254699 ], [ 10.003902822331629, 53.496998497415255 ], [ 10.00390319574057, 53.496998988678293 ], [ 10.003903449421276, 53.496999516903273 ], [ 10.003903598445859, 53.497000081963563 ], [ 10.003903612245423, 53.49700066613773 ], [ 10.00390347511086, 53.497001242590542 ], [ 10.003903202114337, 53.497001811195396 ], [ 10.003902807691089, 53.497002344863816 ], [ 10.003902291416555, 53.497002825621173 ], [ 10.003901698507283, 53.497003253087698 ] ], [ [ 10.003896731462419, 53.496993370863166 ], [ 10.003901065453681, 53.496991132137786 ], [ 10.003910321908634, 53.496997526529043 ], [ 10.003905987917214, 53.496999765254699 ], [ 10.003896731462419, 53.496993370863166 ] ], [ [ 10.003865603159845, 53.496992176073867 ], [ 10.00386503084094, 53.496991560634207 ], [ 10.003864577401133, 53.496990872283483 ], [ 10.003864273834015, 53.496990146717671 ], [ 10.003864150071587, 53.496989374696362 ], [ 10.003864207175326, 53.496988601156019 ], [ 10.003864445357515, 53.496987835083928 ], [ 10.003864880327221, 53.496987103315412 ], [ 10.003865452432542, 53.496986433318646 ], [ 10.003866161885808, 53.496985834080974 ], [ 10.003866963682782, 53.496985314969436 ], [ 10.003867827679059, 53.496984876237221 ], [ 10.003868723942686, 53.496984527124745 ], [ 10.003869622116856, 53.496984258897946 ], [ 10.003870582065826, 53.496984053075863 ], [ 10.003871618649439, 53.496983900544606 ], [ 10.003872747576768, 53.496983828139463 ], [ 10.003873923631284, 53.496983836240219 ], [ 10.003875147237558, 53.496983942821423 ], [ 10.00387635810692, 53.496984148389501 ], [ 10.003877541591782, 53.496984471045522 ], [ 10.003878636978829, 53.496984893321333 ], [ 10.003879628771315, 53.496985397368931 ], [ 10.003880471752689, 53.496985983568067 ], [ 10.003881165073762, 53.496986615969561 ], [ 10.00388167816563, 53.496987276851954 ], [ 10.003882040960269, 53.496987956974884 ], [ 10.003882237536375, 53.496988620515729 ], [ 10.003882297825939, 53.496989258233938 ], [ 10.003882236688913, 53.496989861015642 ], [ 10.003882054762133, 53.49699045582279 ], [ 10.003881752682464, 53.496991069617273 ], [ 10.003881299881003, 53.496991684677624 ], [ 10.003880696145382, 53.496992292016529 ], [ 10.003879940838816, 53.496992864672173 ], [ 10.003879018464399, 53.49699338479649 ], [ 10.003877973814138, 53.496993834035202 ], [ 10.003876806463476, 53.49699419441356 ], [ 10.003875576488815, 53.496994456438081 ], [ 10.00387429853772, 53.496994602007504 ], [ 10.003873033111297, 53.49699463960274 ], [ 10.003871810353896, 53.496994568970692 ], [ 10.003870661046747, 53.496994416820016 ], [ 10.003869600474367, 53.496994192011456 ], [ 10.003868643921216, 53.496993903405688 ], [ 10.003867791811864, 53.496993568977338 ], [ 10.003867013789685, 53.496993179992288 ], [ 10.003866279285729, 53.496992718729096 ], [ 10.003865603159845, 53.496992176073867 ] ], [ [ 10.003957414662075, 53.496940643614153 ], [ 10.003969087730376, 53.49693957474544 ], [ 10.003973935227425, 53.496937376649534 ], [ 10.003975021486868, 53.496938050695363 ], [ 10.003984139316884, 53.496943682173651 ], [ 10.003984934959202, 53.49694417887882 ], [ 10.003979852044514, 53.496947898106917 ], [ 10.003967547851961, 53.496948414954993 ], [ 10.003894706257681, 53.49698549546185 ], [ 10.003883798660901, 53.496978764363099 ], [ 10.003957414662075, 53.496940643614153 ] ], [ [ 10.003906285549256, 53.497004706748044 ], [ 10.003906441786055, 53.49700238625357 ], [ 10.003907736931172, 53.4970016922056 ], [ 10.003912291697903, 53.496999226898588 ], [ 10.003979637275147, 53.496964970171248 ], [ 10.003978118378296, 53.496963850305526 ], [ 10.003983394690174, 53.496961298033312 ], [ 10.003973883064786, 53.496954312511868 ], [ 10.003985717454665, 53.496948585943727 ], [ 10.004006566783477, 53.496963916974231 ], [ 10.003990231127942, 53.496971820754709 ], [ 10.003922423618381, 53.497006306094789 ], [ 10.003921350731728, 53.497005560023567 ], [ 10.00391902961794, 53.497006855968124 ], [ 10.003927827544169, 53.497012984536866 ], [ 10.003918599128619, 53.497017349838472 ], [ 10.00390597859427, 53.497008943182159 ], [ 10.003906285549256, 53.497004706748044 ] ], [ [ 10.003970081622111, 53.496933148195019 ], [ 10.003985414011611, 53.496924893281218 ], [ 10.004039272429313, 53.49689851637077 ], [ 10.004061191878883, 53.496914476627218 ], [ 10.004053218518155, 53.496918363964419 ], [ 10.004065382434092, 53.496927223895035 ], [ 10.004058467303986, 53.496930598954606 ], [ 10.004046303388439, 53.496921739023328 ], [ 10.00403421682177, 53.496927638508332 ], [ 10.004046396233313, 53.496936516288827 ], [ 10.004039525891994, 53.496939872992861 ], [ 10.004027346480889, 53.496930995211713 ], [ 10.004013650375388, 53.496937681275575 ], [ 10.004031241348166, 53.496950369915417 ], [ 10.004008636540515, 53.49696091521438 ], [ 10.003986199961815, 53.496944761532404 ], [ 10.003985218145541, 53.496944041663994 ], [ 10.003984773621669, 53.496943730780103 ], [ 10.003970081622111, 53.496933148195019 ] ] ] } },
{ "type": "Feature", "properties": { "gebaeude_id": "20210923162921_17", "dachneig": 0.0, "dachfl_2d": 23.537, "dachfl_3d": 23.537, "area_m2": 23.5, "expo_klasse": "sonnig", "schatten": null, "solar_eignung": null, "ertkwha_k": null, "pvarea_solar": null, "schatten_klasse": "sonnig (geometrisch)", "gruendach_eignung": "sehr gut geeignet" }, "geometry": { "type": "Polygon", "coordinates": [ [ [ 10.003627813284069, 53.496785599376757 ], [ 10.003594456713106, 53.496762175258041 ], [ 10.003515645899402, 53.496801193361591 ], [ 10.003549004788383, 53.496825354587024 ], [ 10.003627813284069, 53.496785599376757 ] ] ] } },
{ "type": "Feature", "properties": { "gebaeude_id": "DEHHALKAIi0000Kf", "dachneig": 0.0, "dachfl_2d": 79.688, "dachfl_3d": 79.688, "area_m2": 79.7, "expo_klasse": "sonnig", "schatten": null, "solar_eignung": null, "ertkwha_k": null, "pvarea_solar": null, "schatten_klasse": "sonnig (geometrisch)", "gruendach_eignung": "sehr gut geeignet" }, "geometry": { "type": "Polygon", "coordinates": [ [ [ 10.003917886328637, 53.496845502620303 ], [ 10.003727559288038, 53.496941090859984 ], [ 10.003758630413117, 53.496962844187685 ], [ 10.003768238185913, 53.496957945356954 ], [ 10.003783921084793, 53.496970272515384 ], [ 10.003965813051829, 53.496879447336674 ], [ 10.003917886328637, 53.496845502620303 ] ] ] } },
{ "type": "Feature", "properties": { "gebaeude_id": "DEHHALKAIi0000Kf", "dachneig": 0.0, "dachfl_2d": 44.963, "dachfl_3d": 44.963, "area_m2": 44.1, "expo_klasse": "sonnig", "schatten": null, "solar_eignung": null, "ertkwha_k": null, "pvarea_solar": null, "schatten_klasse": "sonnig (geometrisch)", "gruendach_eignung": "sehr gut geeignet" }, "geometry": { "type": "Polygon", "coordinates": [ [ [ 10.003718945878301, 53.496935751765989 ], [ 10.003994850374511, 53.496797241012004 ], [ 10.003911657796776, 53.496738441071365 ], [ 10.003883422493125, 53.496738678219501 ], [ 10.00362481502558, 53.496868656670742 ], [ 10.003718945878301, 53.496935751765989 ] ], [ [ 10.003899528294079, 53.496739073303431 ], [ 10.003980009647726, 53.49679631394801 ], [ 10.003718886461096, 53.496926853077277 ], [ 10.003638404995154, 53.496869603270319 ], [ 10.003899528294079, 53.496739073303431 ] ] ] } },
{ "type": "Feature", "properties": { "gebaeude_id": "DEHHALKAIi0000Kf", "dachneig": 0.0, "dachfl_2d": 32.919, "dachfl_3d": 32.919, "area_m2": 32.9, "expo_klasse": "sonnig", "schatten": null, "solar_eignung": null, "ertkwha_k": null, "pvarea_solar": null, "schatten_klasse": "sonnig (geometrisch)", "gruendach_eignung": "sehr gut geeignet" }, "geometry": { "type": "Polygon", "coordinates": [ [ [ 10.003926170470775, 53.496841369976629 ], [ 10.003973888521358, 53.496875415322364 ], [ 10.004024442059269, 53.496850171834559 ], [ 10.004050410632118, 53.496836524010732 ], [ 10.004002925865297, 53.496802782364433 ], [ 10.003926139901907, 53.496841352255252 ], [ 10.003926170470775, 53.496841369976629 ] ] ] } },
{ "type": "Feature", "properties": { "gebaeude_id": "DEHHALKA10007QVf", "dachneig": 0.0, "dachfl_2d": 205.112, "dachfl_3d": 205.112, "area_m2": 205.1, "expo_klasse": "sonnig", "schatten": null, "solar_eignung": null, "ertkwha_k": null, "pvarea_solar": null, "schatten_klasse": "sonnig (geometrisch)", "gruendach_eignung": "sehr gut geeignet" }, "geometry": { "type": "Polygon", "coordinates": [ [ [ 10.001301752181305, 53.49690892289555 ], [ 10.001308708495342, 53.496909206205395 ], [ 10.001318410150294, 53.496904441622313 ], [ 10.001334623062409, 53.496916261271053 ], [ 10.001338215432204, 53.496914532240368 ], [ 10.001345410909931, 53.496919847427385 ], [ 10.001341878193388, 53.496921548991359 ], [ 10.001347676270623, 53.496925779217719 ], [ 10.001484853607842, 53.496858973700284 ], [ 10.001368409003893, 53.496774975566339 ], [ 10.001133970857385, 53.496888655661685 ], [ 10.001221736139865, 53.496951913755673 ], [ 10.001270319004414, 53.496928054286812 ], [ 10.001267862779299, 53.496926178167435 ], [ 10.001286408222832, 53.496917348352468 ], [ 10.001301752181305, 53.49690892289555 ] ], [ [ 10.001273773258262, 53.49690382675648 ], [ 10.001267808763275, 53.496906609400305 ], [ 10.001260670833474, 53.496901176868619 ], [ 10.001266635328134, 53.496898394225113 ], [ 10.001273773258262, 53.49690382675648 ] ], [ [ 10.001355274221551, 53.496854764782746 ], [ 10.001364096555335, 53.496850430049108 ], [ 10.001374817065782, 53.496858196687583 ], [ 10.001365994731497, 53.496862531421968 ], [ 10.001355274221551, 53.496854764782746 ] ], [ [ 10.001342269791785, 53.49688634448674 ], [ 10.001320569097274, 53.496896899678852 ], [ 10.001303036275123, 53.496884084308846 ], [ 10.001324736967542, 53.496873529119902 ], [ 10.001342269791785, 53.49688634448674 ] ], [ [ 10.001297462346653, 53.496880409525318 ], [ 10.001288850798256, 53.496884733499094 ], [ 10.001277506197839, 53.496876711397825 ], [ 10.001286117745773, 53.496872387424851 ], [ 10.001272304608131, 53.496862606165152 ], [ 10.001301620133622, 53.496848292680028 ], [ 10.001320880618771, 53.496862774534279 ], [ 10.001325991545462, 53.496866632977003 ], [ 10.001319626675429, 53.496869697639006 ], [ 10.001297462346653, 53.496880409525318 ] ] ] } },
{ "type": "Feature", "properties": { "gebaeude_id": "DEHHALKA10007QVf", "dachneig": 0.0, "dachfl_2d": 26.456, "dachfl_3d": 26.456, "area_m2": 26.5, "expo_klasse": "sonnig", "schatten": null, "solar_eignung": null, "ertkwha_k": null, "pvarea_solar": null, "schatten_klasse": "sonnig (geometrisch)", "gruendach_eignung": "sehr gut geeignet" }, "geometry": { "type": "Polygon", "coordinates": [ [ [ 10.001516777808, 53.496879875485575 ], [ 10.001494095799488, 53.496862860444367 ], [ 10.001354655658766, 53.496930880476661 ], [ 10.001366865082886, 53.496939776254862 ], [ 10.001392842793521, 53.496927117733989 ], [ 10.001403993185104, 53.496935213364047 ], [ 10.001516777808, 53.496879875485575 ] ] ] } },
{ "type": "Feature", "properties": { "gebaeude_id": "DEHHALKA10007QVf", "dachneig": 0.0, "dachfl_2d": 42.363, "dachfl_3d": 42.363, "area_m2": 41.9, "expo_klasse": "sonnig", "schatten": null, "solar_eignung": null, "ertkwha_k": null, "pvarea_solar": null, "schatten_klasse": "sonnig (geometrisch)", "gruendach_eignung": "sehr gut geeignet" }, "geometry": { "type": "Polygon", "coordinates": [ [ [ 10.001350950066042, 53.49675992130414 ], [ 10.001330656157657, 53.496760091318315 ], [ 10.00110550772334, 53.496870682192466 ], [ 10.001125196141214, 53.496884773963437 ], [ 10.001125242204539, 53.496884809533938 ], [ 10.001363388453507, 53.496768554481314 ], [ 10.001350950066042, 53.49675992130414 ] ] ] } },
{ "type": "Feature", "properties": { "gebaeude_id": "DEHHALKA10007QVY", "dachneig": 0.0, "dachfl_2d": 19.655, "dachfl_3d": 19.655, "area_m2": 19.7, "expo_klasse": "sonnig", "schatten": null, "solar_eignung": null, "ertkwha_k": null, "pvarea_solar": null, "schatten_klasse": "sonnig (geometrisch)", "gruendach_eignung": "sehr gut geeignet" }, "geometry": { "type": "Polygon", "coordinates": [ [ [ 10.001276798249348, 53.496933042881977 ], [ 10.001274378790587, 53.496934007002885 ], [ 10.001274027222188, 53.496934441423697 ], [ 10.001273016886435, 53.496935708358009 ], [ 10.00125872168981, 53.496942578904616 ], [ 10.001260450851408, 53.496944308300442 ], [ 10.001252577688573, 53.496947340648155 ], [ 10.001248199983678, 53.496940051222126 ], [ 10.001252207392486, 53.496938022077778 ], [ 10.001270902545825, 53.496928507841382 ], [ 10.001270319004414, 53.496928054286812 ], [ 10.001221736139865, 53.496951913755673 ], [ 10.00125088911703, 53.496972928715522 ], [ 10.001347676270623, 53.496925779217719 ], [ 10.001341878193388, 53.496921548991359 ], [ 10.001339537909274, 53.496922674253668 ], [ 10.001332342431766, 53.496917359066295 ], [ 10.001334623062409, 53.496916261271053 ], [ 10.001318410150294, 53.496904441622313 ], [ 10.001308708495342, 53.496909206205395 ], [ 10.001310443699948, 53.496909272570726 ], [ 10.00132063181943, 53.496916836925237 ], [ 10.001305851151217, 53.496923576708411 ], [ 10.001305959295642, 53.496925607333772 ], [ 10.001301153065567, 53.496927643171858 ], [ 10.001300340688536, 53.496927074676414 ], [ 10.00128131204897, 53.496936510809434 ], [ 10.001276798249348, 53.496933042881977 ] ] ] } },
{ "type": "Feature", "properties": { "gebaeude_id": "DEHHALKA10007uUc", "dachneig": 0.0, "dachfl_2d": 32.187, "dachfl_3d": 32.187, "area_m2": 32.2, "expo_klasse": "sonnig", "schatten": null, "solar_eignung": null, "ertkwha_k": null, "pvarea_solar": null, "schatten_klasse": "sonnig (geometrisch)", "gruendach_eignung": "sehr gut geeignet" }, "geometry": { "type": "Polygon", "coordinates": [ [ [ 10.001007906368322, 53.497105997655275 ], [ 10.001046320000309, 53.497157282228834 ], [ 10.00111682875349, 53.497138165204653 ], [ 10.001078638173839, 53.497086752938095 ], [ 10.001007906368322, 53.497105997655275 ] ] ] } },
{ "type": "Feature", "properties": { "gebaeude_id": "DEHHALKA10007uUX", "dachneig": 0.0, "dachfl_2d": 33.189, "dachfl_3d": 33.189, "area_m2": 33.2, "expo_klasse": "sonnig", "schatten": null, "solar_eignung": null, "ertkwha_k": null, "pvarea_solar": null, "schatten_klasse": "sonnig (geometrisch)", "gruendach_eignung": "sehr gut geeignet" }, "geometry": { "type": "Polygon", "coordinates": [ [ [ 10.000927180543458, 53.497125281076229 ], [ 10.000967073122869, 53.497179196078271 ], [ 10.001037108146074, 53.497159804407325 ], [ 10.000995598067886, 53.497106343439015 ], [ 10.000927180543458, 53.497125281076229 ] ] ] } },
{ "type": "Feature", "properties": { "gebaeude_id": "DEHHALKA10007uUQ", "dachneig": 0.0, "dachfl_2d": 33.348, "dachfl_3d": 33.348, "area_m2": 33.3, "expo_klasse": "sonnig", "schatten": null, "solar_eignung": null, "ertkwha_k": null, "pvarea_solar": null, "schatten_klasse": "sonnig (geometrisch)", "gruendach_eignung": "sehr gut geeignet" }, "geometry": { "type": "Polygon", "coordinates": [ [ [ 10.00095769652259, 53.49718176457565 ], [ 10.000915391546982, 53.497127833815647 ], [ 10.00084707543604, 53.497146599765031 ], [ 10.000887605203131, 53.497200689239193 ], [ 10.00095769652259, 53.49718176457565 ] ] ] } },
{ "type": "Feature", "properties": { "gebaeude_id": "DEHHALKA10007uUK", "dachneig": 0.0, "dachfl_2d": 33.533, "dachfl_3d": 33.533, "area_m2": 33.5, "expo_klasse": "sonnig", "schatten": null, "solar_eignung": null, "ertkwha_k": null, "pvarea_solar": null, "schatten_klasse": "sonnig (geometrisch)", "gruendach_eignung": "sehr gut geeignet" }, "geometry": { "type": "Polygon", "coordinates": [ [ [ 10.000837515762331, 53.497150356343916 ], [ 10.000765935249428, 53.497169419252799 ], [ 10.000806934171724, 53.497222309278612 ], [ 10.000877808051335, 53.497203324175352 ], [ 10.000837515762331, 53.497150356343916 ] ] ] } },
{ "type": "Feature", "properties": { "gebaeude_id": "20210923162921_7", "dachneig": 0.0, "dachfl_2d": 31.288, "dachfl_3d": 31.288, "area_m2": 31.3, "expo_klasse": "sonnig", "schatten": null, "solar_eignung": null, "ertkwha_k": null, "pvarea_solar": null, "schatten_klasse": "sonnig (geometrisch)", "gruendach_eignung": "sehr gut geeignet" }, "geometry": { "type": "Polygon", "coordinates": [ [ [ 10.002158626599925, 53.496949985943679 ], [ 10.002096482298111, 53.496977285432394 ], [ 10.00215064191463, 53.497021165479545 ], [ 10.002213722628353, 53.496993939012981 ], [ 10.002158626599925, 53.496949985943679 ] ] ] } },
{ "type": "Feature", "properties": { "gebaeude_id": "DEHHALKAJ0000vaA", "dachneig": 15.785, "dachfl_2d": 26.111, "dachfl_3d": 27.126, "area_m2": 26.1, "expo_klasse": "sonnig", "schatten": null, "solar_eignung": null, "ertkwha_k": null, "pvarea_solar": null, "schatten_klasse": "sonnig (geometrisch)", "gruendach_eignung": "sehr gut geeignet" }, "geometry": { "type": "Polygon", "coordinates": [ [ [ 10.002448194270567, 53.497334258844177 ], [ 10.002484973974127, 53.497277211320558 ], [ 10.002446692514036, 53.497243751434567 ], [ 10.002407174123352, 53.4972997342363 ], [ 10.002448194270567, 53.497334258844177 ] ] ] } },
{ "type": "Feature", "properties": { "gebaeude_id": "DEHHALKAJ0000vaA", "dachneig": 22.942, "dachfl_2d": 21.404, "dachfl_3d": 23.242, "area_m2": 21.4, "expo_klasse": "sonnig", "schatten": null, "solar_eignung": null, "ertkwha_k": null, "pvarea_solar": null, "schatten_klasse": "sonnig (geometrisch)", "gruendach_eignung": "sehr gut geeignet" }, "geometry": { "type": "Polygon", "coordinates": [ [ [ 10.002587688670312, 53.497275585723877 ], [ 10.002484973974127, 53.497277211320558 ], [ 10.002448194270567, 53.497334258844177 ], [ 10.002587688670312, 53.497275585723877 ] ] ] } },
{ "type": "Feature", "properties": { "gebaeude_id": "DEHHALKAJ0000vaA", "dachneig": 15.316, "dachfl_2d": 26.492, "dachfl_3d": 27.464, "area_m2": 26.5, "expo_klasse": "sonnig", "schatten": null, "solar_eignung": null, "ertkwha_k": null, "pvarea_solar": null, "schatten_klasse": "sonnig (geometrisch)", "gruendach_eignung": "sehr gut geeignet" }, "geometry": { "type": "Polygon", "coordinates": [ [ [ 10.002393694209074, 53.497305375566754 ], [ 10.002437258752472, 53.49724389347687 ], [ 10.002434299560795, 53.497241787883524 ], [ 10.00232347344223, 53.497245288173936 ], [ 10.002393694209074, 53.497305375566754 ] ] ] } },
{ "type": "Feature", "properties": { "gebaeude_id": "DEHHALKAJ0000vaA", "dachneig": 23.948, "dachfl_2d": 23.849, "dachfl_3d": 26.125, "area_m2": 23.8, "expo_klasse": "sonnig", "schatten": null, "solar_eignung": null, "ertkwha_k": null, "pvarea_solar": null, "schatten_klasse": "sonnig (geometrisch)", "gruendach_eignung": "sehr gut geeignet" }, "geometry": { "type": "Polygon", "coordinates": [ [ [ 10.00232347344223, 53.497245288173936 ], [ 10.002434299560795, 53.497241787883524 ], [ 10.002476881892056, 53.497182129809218 ], [ 10.002435629647769, 53.497199114569 ], [ 10.00232347344223, 53.497245288173936 ] ] ] } },
{ "type": "Feature", "properties": { "gebaeude_id": "DEHHALKAJ0000vaA", "dachneig": 15.858, "dachfl_2d": 51.637, "dachfl_3d": 53.635, "area_m2": 51.6, "expo_klasse": "sonnig", "schatten": null, "solar_eignung": null, "ertkwha_k": null, "pvarea_solar": null, "schatten_klasse": "sonnig (geometrisch)", "gruendach_eignung": "sehr gut geeignet" }, "geometry": { "type": "Polygon", "coordinates": [ [ [ 10.002498477101099, 53.497200340338587 ], [ 10.002476881892056, 53.497182129809218 ], [ 10.002434299560795, 53.497241787883524 ], [ 10.002437258752472, 53.49724389347687 ], [ 10.002446692514036, 53.497243751434567 ], [ 10.002484973974127, 53.497277211320558 ], [ 10.002587688670312, 53.497275585723877 ], [ 10.002498477101099, 53.497200340338587 ] ] ] } },
{ "type": "Feature", "properties": { "gebaeude_id": "DEHHALKAJ0000vaA", "dachneig": 0.0, "dachfl_2d": 14.92, "dachfl_3d": 14.92, "area_m2": 14.9, "expo_klasse": "sonnig", "schatten": null, "solar_eignung": null, "ertkwha_k": null, "pvarea_solar": null, "schatten_klasse": "sonnig (geometrisch)", "gruendach_eignung": "sehr gut geeignet" }, "geometry": { "type": "Polygon", "coordinates": [ [ [ 10.002418047502863, 53.497187423409756 ], [ 10.002435629647769, 53.497199114569 ], [ 10.002476881892056, 53.497182129809218 ], [ 10.002498477101099, 53.497200340338587 ], [ 10.002522353186674, 53.497188705975546 ], [ 10.00247620866906, 53.497157424482594 ], [ 10.002418047502863, 53.497187423409756 ] ] ] } },
{ "type": "Feature", "properties": { "gebaeude_id": "DEHHALKAJ0000qID", "dachneig": 3.477, "dachfl_2d": 52.799, "dachfl_3d": 52.879, "area_m2": 52.8, "expo_klasse": "sonnig", "schatten": null, "solar_eignung": null, "ertkwha_k": null, "pvarea_solar": null, "schatten_klasse": "sonnig (geometrisch)", "gruendach_eignung": "sehr gut geeignet" }, "geometry": { "type": "Polygon", "coordinates": [ [ [ 10.002361300153229, 53.497208978697557 ], [ 10.002480559025798, 53.497150763045951 ], [ 10.002425995219431, 53.497110859709231 ], [ 10.002385706967363, 53.497129085849238 ], [ 10.002396311819977, 53.497137051126273 ], [ 10.002313458190843, 53.49717475397086 ], [ 10.002361300153229, 53.497208978697557 ] ] ] } },
{ "type": "Feature", "properties": { "gebaeude_id": "DEHHALKA7O00009Q", "dachneig": 0.0, "dachfl_2d": 38.337, "dachfl_3d": 38.337, "area_m2": 38.3, "expo_klasse": "sonnig", "schatten": null, "solar_eignung": null, "ertkwha_k": null, "pvarea_solar": null, "schatten_klasse": "sonnig (geometrisch)", "gruendach_eignung": "sehr gut geeignet" }, "geometry": { "type": "Polygon", "coordinates": [ [ [ 10.002212103406848, 53.497372752289806 ], [ 10.001960550167563, 53.497495233977801 ], [ 10.002104191761106, 53.497598959271919 ], [ 10.002109467796604, 53.49760278034077 ], [ 10.002359900559124, 53.497480721236201 ], [ 10.002212103406848, 53.497372752289806 ] ], [ [ 10.001970283711458, 53.497495655772077 ], [ 10.002205729145757, 53.497382451015966 ], [ 10.002210737494048, 53.497380035905714 ], [ 10.002348036300852, 53.497480083625739 ], [ 10.002115190370512, 53.497593572494182 ], [ 10.002110391098023, 53.497595904945598 ], [ 10.001970283711458, 53.497495655772077 ] ] ] } },
{ "type": "Feature", "properties": { "gebaeude_id": "DEHHALKA80000XPo", "dachneig": 0.0, "dachfl_2d": 235.37, "dachfl_3d": 235.37, "area_m2": 235.4, "expo_klasse": "sonnig", "schatten": null, "solar_eignung": null, "ertkwha_k": null, "pvarea_solar": null, "schatten_klasse": "sonnig (geometrisch)", "gruendach_eignung": "sehr gut geeignet" }, "geometry": { "type": "Polygon", "coordinates": [ [ [ 10.001943955500996, 53.497249836463375 ], [ 10.001974517188941, 53.497235305619405 ], [ 10.001905972414177, 53.497186170607172 ], [ 10.001773054947911, 53.497250801500115 ], [ 10.001799529258289, 53.497269438693898 ], [ 10.00175257989606, 53.497292250942024 ], [ 10.001726499377972, 53.49727369133938 ], [ 10.001691529104169, 53.497291144559064 ], [ 10.001757603638666, 53.497340372308926 ], [ 10.001790469642712, 53.497325103074033 ], [ 10.001827435221102, 53.497352003182492 ], [ 10.001796435847522, 53.497367157902765 ], [ 10.001830156979118, 53.497391999737459 ], [ 10.002044737159382, 53.49728706933719 ], [ 10.002011352239352, 53.497262422503574 ], [ 10.001982043903414, 53.497276403505531 ], [ 10.001943955500996, 53.497249836463375 ] ], [ [ 10.001887910014107, 53.497300537216525 ], [ 10.001875980540955, 53.49730672281504 ], [ 10.001860915307082, 53.49729627793738 ], [ 10.00187334449595, 53.497290187031616 ], [ 10.001887910014107, 53.497300537216525 ] ] ] } },
{ "type": "Feature", "properties": { "gebaeude_id": "DEHHALKA10007n6o", "dachneig": 0.0, "dachfl_2d": 43.8, "dachfl_3d": 43.8, "area_m2": 43.8, "expo_klasse": "sonnig", "schatten": null, "solar_eignung": null, "ertkwha_k": null, "pvarea_solar": null, "schatten_klasse": "sonnig (geometrisch)", "gruendach_eignung": "sehr gut geeignet" }, "geometry": { "type": "Polygon", "coordinates": [ [ [ 10.001757102567284, 53.497049229309596 ], [ 10.001691761603963, 53.497002323581967 ], [ 10.00161687469345, 53.497039060270076 ], [ 10.001681709319117, 53.497086230964726 ], [ 10.001757102567284, 53.497049229309596 ] ] ] } },
{ "type": "Feature", "properties": { "gebaeude_id": "DEHHALKA10007n6o", "dachneig": 0.0, "dachfl_2d": 31.207, "dachfl_3d": 31.207, "area_m2": 31.2, "expo_klasse": "sonnig", "schatten": null, "solar_eignung": null, "ertkwha_k": null, "pvarea_solar": null, "schatten_klasse": "sonnig (geometrisch)", "gruendach_eignung": "sehr gut geeignet" }, "geometry": { "type": "Polygon", "coordinates": [ [ [ 10.001531215364386, 53.497081828954371 ], [ 10.001547000874336, 53.497093418439732 ], [ 10.001600533255742, 53.497067207170865 ], [ 10.001632904833469, 53.497090451325299 ], [ 10.001578893944128, 53.497116828421589 ], [ 10.001594664407897, 53.497128418026755 ], [ 10.001596259345183, 53.497127649579248 ], [ 10.001676703093194, 53.497088735925892 ], [ 10.001612111074031, 53.497042264343463 ], [ 10.001531215364386, 53.497081828954371 ] ] ] } },
{ "type": "Feature", "properties": { "gebaeude_id": "DEHHALKA10007n6o", "dachneig": 0.0, "dachfl_2d": 28.922, "dachfl_3d": 28.922, "area_m2": 28.9, "expo_klasse": "sonnig", "schatten": null, "solar_eignung": null, "ertkwha_k": null, "pvarea_solar": null, "schatten_klasse": "sonnig (geometrisch)", "gruendach_eignung": "sehr gut geeignet" }, "geometry": { "type": "Polygon", "coordinates": [ [ [ 10.001402511733739, 53.497082826411834 ], [ 10.001464194539333, 53.497127398819359 ], [ 10.00153657498541, 53.497092400144432 ], [ 10.001525730631197, 53.497084499722035 ], [ 10.001521390003274, 53.497081344970411 ], [ 10.001527455563638, 53.497078372696564 ], [ 10.001480892130957, 53.497044631325195 ], [ 10.001461293276812, 53.497054180133183 ], [ 10.001504744729447, 53.497085727285402 ], [ 10.001470486759798, 53.497102698051776 ], [ 10.001426686112495, 53.497071045943969 ], [ 10.001402511733739, 53.497082826411834 ] ] ] } },
{ "type": "Feature", "properties": { "gebaeude_id": "DEHHALKA10007n6o", "dachneig": 0.0, "dachfl_2d": 28.737, "dachfl_3d": 28.737, "area_m2": 28.7, "expo_klasse": "sonnig", "schatten": null, "solar_eignung": null, "ertkwha_k": null, "pvarea_solar": null, "schatten_klasse": "sonnig (geometrisch)", "gruendach_eignung": "sehr gut geeignet" }, "geometry": { "type": "Polygon", "coordinates": [ [ [ 10.001626949313785, 53.497174207512785 ], [ 10.00164639894561, 53.497164722851927 ], [ 10.001600861930507, 53.497131044838099 ], [ 10.001600831150588, 53.497131018128812 ], [ 10.001594064394231, 53.497134301910705 ], [ 10.001578572218452, 53.49712300661303 ], [ 10.001506998209438, 53.497158322162846 ], [ 10.001568436053921, 53.497202725776951 ], [ 10.001592312397831, 53.497191091598538 ], [ 10.001549543894667, 53.497159745504156 ], [ 10.001585003421578, 53.497142584865259 ], [ 10.001626949313785, 53.497174207512785 ] ] ] } },
{ "type": "Feature", "properties": { "gebaeude_id": "DEHHALKA10007qpm", "dachneig": 0.0, "dachfl_2d": 174.913, "dachfl_3d": 174.913, "area_m2": 174.9, "expo_klasse": "sonnig", "schatten": null, "solar_eignung": null, "ertkwha_k": null, "pvarea_solar": null, "schatten_klasse": "sonnig (geometrisch)", "gruendach_eignung": "sehr gut geeignet" }, "geometry": { "type": "Polygon", "coordinates": [ [ [ 10.001044000898245, 53.497486984993586 ], [ 10.001240476601286, 53.497433822945816 ], [ 10.001151250407332, 53.497316274096335 ], [ 10.000954771533815, 53.497369283212322 ], [ 10.001044000898245, 53.497486984993586 ] ], [ [ 10.001044841757, 53.497389563339333 ], [ 10.00111708573521, 53.497369856483694 ], [ 10.001153690241134, 53.497417281882932 ], [ 10.001080961555822, 53.497436893940062 ], [ 10.001044841757, 53.497389563339333 ] ] ] } },
{ "type": "Feature", "properties": { "gebaeude_id": "DEHHALKA7i000054", "dachneig": 0.0, "dachfl_2d": 434.253, "dachfl_3d": 434.253, "area_m2": 434.3, "expo_klasse": "sonnig", "schatten": null, "solar_eignung": null, "ertkwha_k": null, "pvarea_solar": null, "schatten_klasse": "sonnig (geometrisch)", "gruendach_eignung": "sehr gut geeignet" }, "geometry": { "type": "Polygon", "coordinates": [ [ [ 10.001144076544806, 53.497702235197536 ], [ 10.001161141049009, 53.497723315473038 ], [ 10.001170005927648, 53.497720778213804 ], [ 10.001170084042379, 53.497720894417498 ], [ 10.001269926467412, 53.497851972766711 ], [ 10.00160159150694, 53.497762620193868 ], [ 10.001515572563695, 53.497648820152264 ], [ 10.001515541148047, 53.497648766481028 ], [ 10.001523482301319, 53.497646695378116 ], [ 10.00152340418575, 53.497646579174663 ], [ 10.001505793607514, 53.49762408325163 ], [ 10.00124165388786, 53.497676392277171 ], [ 10.001144076544806, 53.497702235197536 ] ], [ [ 10.001398089892598, 53.497782528178369 ], [ 10.00141179522269, 53.497778763789945 ], [ 10.001422026770369, 53.497791999878302 ], [ 10.001408321436946, 53.497795764267899 ], [ 10.001398089892598, 53.497782528178369 ] ] ] } },
{ "type": "Feature", "properties": { "gebaeude_id": "20210923162921_6", "dachneig": 0.0, "dachfl_2d": 18.331, "dachfl_3d": 18.331, "area_m2": 18.3, "expo_klasse": "sonnig", "schatten": null, "solar_eignung": null, "ertkwha_k": null, "pvarea_solar": null, "schatten_klasse": "sonnig (geometrisch)", "gruendach_eignung": "sehr gut geeignet" }, "geometry": { "type": "Polygon", "coordinates": [ [ [ 10.000319579706439, 53.497241445647532 ], [ 10.000342591840464, 53.497273137306621 ], [ 10.000408320710161, 53.497255876499651 ], [ 10.000385533774752, 53.497224147011842 ], [ 10.000319579706439, 53.497241445647532 ] ] ] } },
{ "type": "Feature", "properties": { "gebaeude_id": "DEHHALKA10005hqW", "dachneig": 0.0, "dachfl_2d": 21.111, "dachfl_3d": 21.111, "area_m2": 21.1, "expo_klasse": "sonnig", "schatten": null, "solar_eignung": null, "ertkwha_k": null, "pvarea_solar": null, "schatten_klasse": "sonnig (geometrisch)", "gruendach_eignung": "sehr gut geeignet" }, "geometry": { "type": "Polygon", "coordinates": [ [ [ 10.000415693117812, 53.497781666690003 ], [ 10.000533768301317, 53.497751113303721 ], [ 10.000525794537042, 53.497740276302217 ], [ 10.00030193388641, 53.497798322686805 ], [ 10.000303223615456, 53.4977999568939 ], [ 10.000310105080676, 53.497808582749904 ], [ 10.000310229256872, 53.497808734524959 ], [ 10.000415693117812, 53.497781666690003 ] ] ] } },
{ "type": "Feature", "properties": { "gebaeude_id": "DEHHALKA10005hqW", "dachneig": 0.0, "dachfl_2d": 175.075, "dachfl_3d": 175.075, "area_m2": 175.1, "expo_klasse": "sonnig", "schatten": null, "solar_eignung": null, "ertkwha_k": null, "pvarea_solar": null, "schatten_klasse": "sonnig (geometrisch)", "gruendach_eignung": "sehr gut geeignet" }, "geometry": { "type": "Polygon", "coordinates": [ [ [ 10.000457780813848, 53.4977809009211 ], [ 10.000457188171364, 53.497780060908603 ], [ 10.000456984612363, 53.497779739005701 ], [ 10.000430233792606, 53.49778712720245 ], [ 10.000461456525301, 53.497830094327263 ], [ 10.00047166080466, 53.497827456018385 ], [ 10.000478438443592, 53.497836792870729 ], [ 10.000468249234926, 53.497839431054025 ], [ 10.000478859756011, 53.497854048367302 ], [ 10.000478952730028, 53.497854155457993 ], [ 10.000488269852273, 53.497851614464224 ], [ 10.000491105348978, 53.497854871742248 ], [ 10.000505768180409, 53.497851432039297 ], [ 10.000509594294552, 53.497856424905336 ], [ 10.000511812964399, 53.497855893956604 ], [ 10.000508025931456, 53.497850640080287 ], [ 10.000508205955104, 53.497850602617113 ], [ 10.000520153145052, 53.497847715999072 ], [ 10.000525654861486, 53.497855364593946 ], [ 10.000522420909901, 53.497860155873788 ], [ 10.000534319286949, 53.497857116848628 ], [ 10.000562675045138, 53.497896764010093 ], [ 10.000566103994549, 53.497901535472202 ], [ 10.000558026670447, 53.497903589672745 ], [ 10.000554864566364, 53.49790438920288 ], [ 10.000560354935244, 53.49790515226006 ], [ 10.000560797328365, 53.497905373283658 ], [ 10.000565281126711, 53.497907565040336 ], [ 10.000574731048108, 53.497920268398559 ], [ 10.000579735015778, 53.497927264955173 ], [ 10.000589152473216, 53.497939869704219 ], [ 10.000588097661275, 53.497947573181982 ], [ 10.000604457293932, 53.497970097687954 ], [ 10.00063450781432, 53.497962627894694 ], [ 10.000628950429626, 53.497955177530535 ], [ 10.000646699863335, 53.497950291697002 ], [ 10.00065234086636, 53.497958091934244 ], [ 10.00067264056721, 53.497952672369415 ], [ 10.00068036160922, 53.497963017077694 ], [ 10.000661293456199, 53.497967599338637 ], [ 10.000648126143824, 53.497968608479518 ], [ 10.000634440084287, 53.497971275951372 ], [ 10.000602184214173, 53.497979842895191 ], [ 10.000600817691065, 53.497980070072551 ], [ 10.000597815503324, 53.497979978346734 ], [ 10.000592231139835, 53.497978425039584 ], [ 10.000588622108666, 53.497974329266356 ], [ 10.000570161003308, 53.497952190901806 ], [ 10.000571990965474, 53.497951798041996 ], [ 10.000561061390362, 53.497947323083764 ], [ 10.000561630549459, 53.497947165505103 ], [ 10.000551975746838, 53.497934724544059 ], [ 10.00054292787131, 53.497922449294187 ], [ 10.000539885499345, 53.497923211865377 ], [ 10.000530893612316, 53.49792548046841 ], [ 10.000570845003645, 53.497979961415993 ], [ 10.000526605181273, 53.497991136608654 ], [ 10.000536922188079, 53.498005450745069 ], [ 10.000725448861866, 53.497957102330503 ], [ 10.000705143808672, 53.497928363465782 ], [ 10.00065587462252, 53.497941064010654 ], [ 10.000624579047233, 53.497897576179774 ], [ 10.000672874193175, 53.497885126507164 ], [ 10.000628377675698, 53.497822009185384 ], [ 10.000578841304652, 53.497834882728263 ], [ 10.000547313403377, 53.497791765373911 ], [ 10.000596295226536, 53.497779031322281 ], [ 10.000575208108685, 53.497749723681402 ], [ 10.000507787679263, 53.497766881877453 ], [ 10.00050822600083, 53.497767570367223 ], [ 10.000514313739187, 53.497776418593304 ], [ 10.00049587742588, 53.497780941605008 ], [ 10.000499374265351, 53.497786036107414 ], [ 10.000484310211723, 53.497789721873126 ], [ 10.000480798301249, 53.497784627496408 ], [ 10.00046329118501, 53.497788917998456 ], [ 10.000462047574496, 53.497789243025309 ], [ 10.000468636345484, 53.4977976016499 ], [ 10.000472364671085, 53.497804204380067 ], [ 10.000485827032383, 53.497824694655094 ], [ 10.000486337754465, 53.497825256691883 ], [ 10.000492549886825, 53.497823379911864 ], [ 10.000494889135092, 53.497822847954097 ], [ 10.000496633735565, 53.497822671547731 ], [ 10.000498339466146, 53.497822765138906 ], [ 10.000499947518046, 53.497823192143422 ], [ 10.000502712666963, 53.497824742085847 ], [ 10.000504647460055, 53.49782752149288 ], [ 10.000504123096633, 53.497827660718151 ], [ 10.000507772358652, 53.497832825857095 ], [ 10.000510800524964, 53.497837223134361 ], [ 10.00049966069294, 53.497839824332218 ], [ 10.000496597516106, 53.497835220598986 ], [ 10.000493424177536, 53.497830420028166 ], [ 10.000486591321305, 53.497832185145903 ], [ 10.000484725928876, 53.497832353574132 ], [ 10.000483171557653, 53.49783228568311 ], [ 10.000482200358871, 53.497832015151033 ], [ 10.000477389582636, 53.497830662112058 ], [ 10.000474484650457, 53.497827657109013 ], [ 10.000474035014653, 53.497827768741445 ], [ 10.000459356864553, 53.497807504379239 ], [ 10.000455758268821, 53.497800648868761 ], [ 10.00044687434311, 53.497788291337613 ], [ 10.000446536028726, 53.497787368294617 ], [ 10.000446838264777, 53.4977854780592 ], [ 10.000449270848526, 53.497783147506254 ], [ 10.000457780813848, 53.4977809009211 ] ], [ [ 10.000552216618066, 53.497844427274181 ], [ 10.000557086191046, 53.497843155008148 ], [ 10.000562085491355, 53.497849953844991 ], [ 10.000557216129364, 53.497851235098516 ], [ 10.000552216618066, 53.497844427274181 ] ], [ [ 10.000562897664761, 53.497850513357996 ], [ 10.000567990152726, 53.497857428272461 ], [ 10.000562955838927, 53.497858746863315 ], [ 10.000557863351617, 53.497851831948637 ], [ 10.000562897664761, 53.497850513357996 ] ] ] } },
{ "type": "Feature", "properties": { "gebaeude_id": "DEHHALKA10005hqW", "dachneig": 0.0, "dachfl_2d": 206.729, "dachfl_3d": 206.729, "area_m2": 206.7, "expo_klasse": "sonnig", "schatten": null, "solar_eignung": null, "ertkwha_k": null, "pvarea_solar": null, "schatten_klasse": "sonnig (geometrisch)", "gruendach_eignung": "sehr gut geeignet" }, "geometry": { "type": "Polygon", "coordinates": [ [ [ 10.000530404524936, 53.498010359402777 ], [ 10.000517840637055, 53.497993457242046 ], [ 10.000514212780052, 53.497988561596628 ], [ 10.000558645160552, 53.49797724097143 ], [ 10.000513713042395, 53.497914828402408 ], [ 10.000468994759885, 53.497926169382417 ], [ 10.000436885098221, 53.49788203211471 ], [ 10.000481046506689, 53.497870731763989 ], [ 10.00041957226056, 53.497786991710875 ], [ 10.000419497321321, 53.497787010316273 ], [ 10.000272564584096, 53.49782448397081 ], [ 10.000295960798143, 53.497856469062171 ], [ 10.000349657343346, 53.497842922595474 ], [ 10.000380564096901, 53.497886557576905 ], [ 10.000331438392712, 53.497898951158497 ], [ 10.000375994048149, 53.497961393913151 ], [ 10.000426783764951, 53.49794859985586 ], [ 10.000457097183883, 53.497991358854165 ], [ 10.000402620733437, 53.498005082688174 ], [ 10.000399785868032, 53.498001852370052 ], [ 10.000426360379244, 53.498037559278515 ], [ 10.000530404524936, 53.498010359402777 ] ] ] } },
{ "type": "Feature", "properties": { "gebaeude_id": "DEHHALKA10005hqW", "dachneig": 0.0, "dachfl_2d": 21.779, "dachfl_3d": 21.779, "area_m2": 21.8, "expo_klasse": "sonnig", "schatten": null, "solar_eignung": null, "ertkwha_k": null, "pvarea_solar": null, "schatten_klasse": "sonnig (geometrisch)", "gruendach_eignung": "sehr gut geeignet" }, "geometry": { "type": "Polygon", "coordinates": [ [ [ 10.000473934234295, 53.497918900822121 ], [ 10.000554627655241, 53.497898808970803 ], [ 10.000548223156191, 53.497889954409303 ], [ 10.000532383974726, 53.497894015221419 ], [ 10.000520087829178, 53.497876958005271 ], [ 10.000535926793949, 53.497872888207475 ], [ 10.000529428693838, 53.497863899592389 ], [ 10.000525877880897, 53.497864837211665 ], [ 10.000449780146068, 53.497884827654389 ], [ 10.000473934234295, 53.497918900822121 ] ] ] } },
{ "type": "Feature", "properties": { "gebaeude_id": "DEHHALKA7m0000Kl", "dachneig": 0.0, "dachfl_2d": 16.501, "dachfl_3d": 16.501, "area_m2": 16.5, "expo_klasse": "sonnig", "schatten": null, "solar_eignung": null, "ertkwha_k": null, "pvarea_solar": null, "schatten_klasse": "sonnig (geometrisch)", "gruendach_eignung": "sehr gut geeignet" }, "geometry": { "type": "Polygon", "coordinates": [ [ [ 9.999963195435072, 53.497375767072185 ], [ 9.999970116999258, 53.497385462312224 ], [ 10.00002826696827, 53.497370278673998 ], [ 10.00003010218153, 53.497372672391613 ], [ 10.000027210139782, 53.497373415714044 ], [ 10.000034744706124, 53.497384175521638 ], [ 10.000038085534833, 53.497383284618948 ], [ 10.000044138745068, 53.497391953376365 ], [ 10.000086425227549, 53.49738107336433 ], [ 10.000064598326533, 53.497350414473026 ], [ 9.999963195435072, 53.497375767072185 ] ] ] } },
{ "type": "Feature", "properties": { "gebaeude_id": "DEHHALKA7m0000Kl", "dachneig": 0.0, "dachfl_2d": 16.092, "dachfl_3d": 16.092, "area_m2": 16.1, "expo_klasse": "sonnig", "schatten": null, "solar_eignung": null, "ertkwha_k": null, "pvarea_solar": null, "schatten_klasse": "sonnig (geometrisch)", "gruendach_eignung": "sehr gut geeignet" }, "geometry": { "type": "Polygon", "coordinates": [ [ [ 10.000206480235054, 53.497434677428835 ], [ 10.000184072221421, 53.497403672848016 ], [ 10.000143238453365, 53.497414145219672 ], [ 10.000149003466351, 53.497422097257363 ], [ 10.000158483878176, 53.497435465585028 ], [ 10.000157750197548, 53.497435678472932 ], [ 10.000099592572397, 53.497450538631234 ], [ 10.000106680399027, 53.497460250450466 ], [ 10.000206480235054, 53.497434677428835 ] ] ] } },
{ "type": "Feature", "properties": { "gebaeude_id": "DEHHALKA7m0000Kl", "dachneig": 0.0, "dachfl_2d": 16.729, "dachfl_3d": 16.729, "area_m2": 16.7, "expo_klasse": "sonnig", "schatten": null, "solar_eignung": null, "ertkwha_k": null, "pvarea_solar": null, "schatten_klasse": "sonnig (geometrisch)", "gruendach_eignung": "sehr gut geeignet" }, "geometry": { "type": "Polygon", "coordinates": [ [ [ 10.000180830955802, 53.497354988173129 ], [ 10.000188745593155, 53.497365241402576 ], [ 10.000196954803613, 53.497376480964796 ], [ 10.000217335147942, 53.497371294517094 ], [ 10.000179404261841, 53.497319349439906 ], [ 10.00013124187636, 53.497331653980041 ], [ 10.000153233342065, 53.497362257547977 ], [ 10.000180830955802, 53.497354988173129 ] ] ] } },
{ "type": "Feature", "properties": { "gebaeude_id": "DEHHALKA7m0000Kl", "dachneig": 0.0, "dachfl_2d": 183.998, "dachfl_3d": 183.998, "area_m2": 184.0, "expo_klasse": "sonnig", "schatten": null, "solar_eignung": null, "ertkwha_k": null, "pvarea_solar": null, "schatten_klasse": "sonnig (geometrisch)", "gruendach_eignung": "sehr gut geeignet" }, "geometry": { "type": "Polygon", "coordinates": [ [ [ 10.000216936528455, 53.497300553832034 ], [ 9.999941889904276, 53.497371747414732 ], [ 10.000027334524146, 53.497490173765627 ], [ 10.000303644247687, 53.497418816605027 ], [ 10.000216936528455, 53.497300553832034 ] ], [ [ 10.000205874142567, 53.497397395817778 ], [ 10.000203114960716, 53.497393535626315 ], [ 10.000219433976392, 53.497389371961795 ], [ 10.00022219337097, 53.497393241140145 ], [ 10.000205874142567, 53.497397395817778 ] ], [ [ 10.000044367882332, 53.497438847462547 ], [ 10.000041376070909, 53.497434710552469 ], [ 10.000063343980294, 53.497429079373035 ], [ 10.0000663207211, 53.497433216408666 ], [ 10.000044367882332, 53.497438847462547 ] ], [ [ 10.000088357033791, 53.497347213333775 ], [ 10.000094768861572, 53.497345496706544 ], [ 10.000105058168684, 53.497359927970315 ], [ 10.000098735927125, 53.497361607892181 ], [ 10.000088357033791, 53.497347213333775 ] ], [ [ 10.000211672420205, 53.497436225046556 ], [ 10.000104280864623, 53.497463344791377 ], [ 10.000079340301424, 53.497427857855115 ], [ 10.000186755582989, 53.497400468261453 ], [ 10.000211672420205, 53.497436225046556 ] ], [ [ 10.000091787271964, 53.497382152134136 ], [ 9.999984004047539, 53.497409922261902 ], [ 9.999958311844896, 53.497375160714867 ], [ 10.000066348746532, 53.497346642394149 ], [ 10.000091787271964, 53.497382152134136 ] ], [ [ 10.000222015978039, 53.497372253134493 ], [ 10.00013677455344, 53.497394432330559 ], [ 10.000119178671643, 53.497371243923688 ], [ 10.000149308080745, 53.497363297169358 ], [ 10.000126464273659, 53.497330426496596 ], [ 10.000181657078469, 53.497316427117447 ], [ 10.000222015978039, 53.497372253134493 ] ] ] } },
{ "type": "Feature", "properties": { "gebaeude_id": "DEHHALKA7m0000Kl", "dachneig": 0.0, "dachfl_2d": 11.694, "dachfl_3d": 11.694, "area_m2": 11.7, "expo_klasse": "sonnig", "schatten": null, "solar_eignung": null, "ertkwha_k": null, "pvarea_solar": null, "schatten_klasse": "sonnig (geometrisch)", "gruendach_eignung": "sehr gut geeignet" }, "geometry": { "type": "Polygon", "coordinates": [ [ [ 10.000328228533022, 53.497439159885602 ], [ 10.00029101218654, 53.497448963808878 ], [ 10.000317093891185, 53.497485528829472 ], [ 10.000354685168674, 53.497475640858646 ], [ 10.000328228533022, 53.497439159885602 ] ], [ [ 10.000319269480356, 53.497456269161241 ], [ 10.000322666106126, 53.497460951010147 ], [ 10.000315398741842, 53.49746282762375 ], [ 10.000312002328235, 53.497458154761894 ], [ 10.000319269480356, 53.497456269161241 ] ] ] } },
{ "type": "Feature", "properties": { "gebaeude_id": "DEHHALKA7m0000Kl", "dachneig": 0.0, "dachfl_2d": 10.758, "dachfl_3d": 10.758, "area_m2": 10.8, "expo_klasse": "sonnig", "schatten": null, "solar_eignung": null, "ertkwha_k": null, "pvarea_solar": null, "schatten_klasse": "sonnig (geometrisch)", "gruendach_eignung": "sehr gut geeignet" }, "geometry": { "type": "Polygon", "coordinates": [ [ [ 10.000168641816689, 53.497694769325861 ], [ 10.00017177354149, 53.497699084843468 ], [ 10.000460326604673, 53.497624568592215 ], [ 10.000457273180444, 53.497620378273695 ], [ 10.000168641816689, 53.497694769325861 ] ] ] } },
{ "type": "Feature", "properties": { "gebaeude_id": "DEHHALKA7m0000Kl", "dachneig": 0.0, "dachfl_2d": 16.71, "dachfl_3d": 16.71, "area_m2": 16.7, "expo_klasse": "sonnig", "schatten": null, "solar_eignung": null, "ertkwha_k": null, "pvarea_solar": null, "schatten_klasse": "sonnig (geometrisch)", "gruendach_eignung": "sehr gut geeignet" }, "geometry": { "type": "Polygon", "coordinates": [ [ [ 10.000172521876673, 53.497570103339328 ], [ 10.000173335042474, 53.497571346016358 ], [ 10.00017450455595, 53.497571075546972 ], [ 10.000183097538855, 53.497583246762332 ], [ 10.00018883814881, 53.497591441707222 ], [ 10.000233403528553, 53.497580021208243 ], [ 10.000209869006627, 53.497549196851942 ], [ 10.000107654247337, 53.497575940682637 ], [ 10.000114412886232, 53.497585115911193 ], [ 10.000172521876673, 53.497570103339328 ] ] ] } },
{ "type": "Feature", "properties": { "gebaeude_id": "DEHHALKA7m0000Kl", "dachneig": 0.0, "dachfl_2d": 16.63, "dachfl_3d": 16.63, "area_m2": 16.6, "expo_klasse": "sonnig", "schatten": null, "solar_eignung": null, "ertkwha_k": null, "pvarea_solar": null, "schatten_klasse": "sonnig (geometrisch)", "gruendach_eignung": "sehr gut geeignet" }, "geometry": { "type": "Polygon", "coordinates": [ [ [ 10.000328994810355, 53.497603006329534 ], [ 10.000286979897599, 53.497613902131882 ], [ 10.000293184603668, 53.497621958351779 ], [ 10.000291117090494, 53.497622506009698 ], [ 10.000298858287156, 53.49763371352504 ], [ 10.000299532315434, 53.49763352810276 ], [ 10.00030150257265, 53.497635893718837 ], [ 10.000244079890248, 53.497650603970335 ], [ 10.000250934928133, 53.497660030078599 ], [ 10.000351687244825, 53.49763455683614 ], [ 10.000328994810355, 53.497603006329534 ] ] ] } },
{ "type": "Feature", "properties": { "gebaeude_id": "DEHHALKA7m0000Kl", "dachneig": 0.0, "dachfl_2d": 16.381, "dachfl_3d": 16.381, "area_m2": 16.4, "expo_klasse": "sonnig", "schatten": null, "solar_eignung": null, "ertkwha_k": null, "pvarea_solar": null, "schatten_klasse": "sonnig (geometrisch)", "gruendach_eignung": "sehr gut geeignet" }, "geometry": { "type": "Polygon", "coordinates": [ [ [ 10.000341288688393, 53.497575783402127 ], [ 10.000362464350953, 53.497570437459743 ], [ 10.00032462216725, 53.497519714200756 ], [ 10.000276089557723, 53.49753230954699 ], [ 10.000297819607852, 53.49756140511122 ], [ 10.000325718561712, 53.497554124192646 ], [ 10.000333381483397, 53.497564568289647 ], [ 10.000341288688393, 53.497575783402127 ] ] ] } },
{ "type": "Feature", "properties": { "gebaeude_id": "DEHHALKA7m0000Kl", "dachneig": 0.0, "dachfl_2d": 184.149, "dachfl_3d": 184.149, "area_m2": 184.1, "expo_klasse": "sonnig", "schatten": null, "solar_eignung": null, "ertkwha_k": null, "pvarea_solar": null, "schatten_klasse": "sonnig (geometrisch)", "gruendach_eignung": "sehr gut geeignet" }, "geometry": { "type": "Polygon", "coordinates": [ [ [ 10.000086658566696, 53.497571639796803 ], [ 10.000171873892246, 53.497689897169614 ], [ 10.000448590509833, 53.497619129554408 ], [ 10.000362488093065, 53.497500358433186 ], [ 10.000086658566696, 53.497571639796803 ] ], [ [ 10.000207364866261, 53.497629193604183 ], [ 10.000210307682995, 53.497633169116796 ], [ 10.000189811286631, 53.497638554293339 ], [ 10.000186868682952, 53.497634587767543 ], [ 10.000207364866261, 53.497629193604183 ] ], [ [ 10.00023323640432, 53.497547940599013 ], [ 10.000240233118303, 53.497546093222638 ], [ 10.000250572237078, 53.497560074603207 ], [ 10.000243575309712, 53.497561912992893 ], [ 10.00023323640432, 53.497547940599013 ] ], [ [ 10.000294058858989, 53.497562389426044 ], [ 10.000270783760094, 53.497531059522302 ], [ 10.000327263269918, 53.497516635811813 ], [ 10.000367128812691, 53.49757198049835 ], [ 10.000280491307828, 53.497593784949075 ], [ 10.000263342993801, 53.497570404047494 ], [ 10.000294058858989, 53.497562389426044 ] ], [ [ 10.000238142344887, 53.497580880459964 ], [ 10.000127830935583, 53.497609498866417 ], [ 10.000102411065209, 53.497574789006372 ], [ 10.000212115698893, 53.497546013897178 ], [ 10.000238142344887, 53.497580880459964 ] ], [ [ 10.000330337574775, 53.497599848915677 ], [ 10.000356941070702, 53.497635519641875 ], [ 10.000249009407741, 53.497663408106007 ], [ 10.000222682787649, 53.497627968755218 ], [ 10.000330337574775, 53.497599848915677 ] ] ] } }
]
}
